"district","total","%","White","%","White: English/Welsh/Scottish/Northern Irish/British","%","White: Irish","%","White: Gypsy or Irish Traveller","%","White: Other White","%","Mixed/multiple ethnic groups","%","Mixed/multiple ethnic groups: White and Black Caribbean","%","Mixed/multiple ethnic groups: White and Black African","%","Mixed/multiple ethnic groups: White and Asian","%","Mixed/multiple ethnic groups: Other Mixed","%","Asian/Asian British","%","Asian/Asian British: Indian","%","Asian/Asian British: Pakistani","%","Asian/Asian British: Bangladeshi","%","Asian/Asian British: Chinese","%","Asian/Asian British: Other Asian","%","Black/African/Caribbean/Black British","%","Black/African/Caribbean/Black British: African","%","Black/African/Caribbean/Black British: Caribbean","%","Black/African/Caribbean/Black British: Other Black","%","Other ethnic group","%","Other ethnic group: Arab","%","Other ethnic group: Any other ethnic group","%"

"Darlington",105564,100.0,101595,96.2,98898,93.7,328,0.3,350,0.3,2019,1.9,1146,1.1,463,0.4,97,0.1,350,0.3,236,0.2,2205,2.1,726,0.7,145,0.1,523,0.5,349,0.3,462,0.4,357,0.3,206,0.2,105,0.1,46,0.0,261,0.2,112,0.1,149,0.1
"County Durham",513242,100.0,503769,98.2,495664,96.6,1229,0.2,467,0.1,6409,1.2,3094,0.6,969,0.2,321,0.1,1093,0.2,711,0.1,4856,0.9,1368,0.3,463,0.1,241,0.0,1598,0.3,1186,0.2,701,0.1,447,0.1,158,0.0,96,0.0,822,0.2,459,0.1,363,0.1
"Hartlepool",92028,100.0,89899,97.7,88924,96.6,193,0.2,40,0.0,742,0.8,550,0.6,180,0.2,54,0.1,173,0.2,143,0.2,1304,1.4,266,0.3,291,0.3,214,0.2,229,0.2,304,0.3,170,0.2,129,0.1,36,0.0,5,0.0,105,0.1,57,0.1,48,0.1
"Middlesbrough",138412,100.0,122055,88.2,119106,86.1,574,0.4,85,0.1,2290,1.7,2362,1.7,541,0.4,452,0.3,904,0.7,465,0.3,10768,7.8,1477,1.1,6811,4.9,244,0.2,904,0.7,1332,1.0,1731,1.3,1470,1.1,92,0.1,169,0.1,1496,1.1,950,0.7,546,0.4
"Northumberland",316028,100.0,311066,98.4,307097,97.2,833,0.3,156,0.0,2980,0.9,1692,0.5,515,0.2,230,0.1,624,0.2,323,0.1,2658,0.8,939,0.3,351,0.1,295,0.1,452,0.1,621,0.2,338,0.1,193,0.1,114,0.0,31,0.0,274,0.1,73,0.0,201,0.1
"Redcar and Cleveland",135177,100.0,133203,98.5,131928,97.6,415,0.3,85,0.1,775,0.6,853,0.6,298,0.2,107,0.1,273,0.2,175,0.1,869,0.6,91,0.1,295,0.2,94,0.1,155,0.1,234,0.2,122,0.1,80,0.1,34,0.0,8,0.0,130,0.1,37,0.0,93,0.1
"Stockton-on-Tees",191610,100.0,181299,94.6,178965,93.4,536,0.3,143,0.1,1655,0.9,1997,1.0,419,0.2,316,0.2,823,0.4,439,0.2,6632,3.5,1488,0.8,3072,1.6,132,0.1,866,0.5,1074,0.6,1133,0.6,936,0.5,84,0.0,113,0.1,549,0.3,236,0.1,313,0.2
"Gateshead",200214,100.0,192742,96.3,188355,94.1,592,0.3,87,0.0,3708,1.9,1558,0.8,412,0.2,260,0.1,523,0.3,363,0.2,3738,1.9,916,0.5,617,0.3,242,0.1,1054,0.5,909,0.5,1081,0.5,903,0.5,90,0.0,88,0.0,1095,0.5,289,0.1,806,0.4
"Newcastle upon Tyne",280177,100.0,239533,85.5,229520,81.9,1826,0.7,163,0.1,8024,2.9,4279,1.5,830,0.3,859,0.3,1609,0.6,981,0.4,27107,9.7,5072,1.8,6364,2.3,4692,1.7,6037,2.2,4942,1.8,5160,1.8,4664,1.7,217,0.1,279,0.1,4098,1.5,2602,0.9,1496,0.5
"North Tyneside",200801,100.0,194025,96.6,190936,95.1,596,0.3,29,0.0,2464,1.2,1815,0.9,448,0.2,385,0.2,602,0.3,380,0.2,3815,1.9,1095,0.5,319,0.2,686,0.3,869,0.4,846,0.4,734,0.4,576,0.3,91,0.0,67,0.0,412,0.2,177,0.1,235,0.1
"South Tyneside",148127,100.0,142099,95.9,140821,95.1,305,0.2,9,0.0,964,0.7,1325,0.9,324,0.2,229,0.2,440,0.3,332,0.2,3311,2.2,643,0.4,434,0.3,1534,1.0,235,0.2,465,0.3,420,0.3,316,0.2,61,0.0,43,0.0,972,0.7,566,0.4,406,0.3
"Sunderland",275506,100.0,264282,95.9,261209,94.8,608,0.2,70,0.0,2395,0.9,1778,0.6,539,0.2,239,0.1,608,0.2,392,0.1,7336,2.7,1736,0.6,669,0.2,2075,0.8,1536,0.6,1320,0.5,1273,0.5,1062,0.4,111,0.0,100,0.0,837,0.3,292,0.1,545,0.2
"Blackburn with Darwen",147489,100.0,102009,69.2,98144,66.5,794,0.5,161,0.1,2910,2.0,1823,1.2,315,0.2,162,0.1,989,0.7,357,0.2,41494,28.1,19791,13.4,17801,12.1,1525,1.0,721,0.5,1656,1.1,933,0.6,614,0.4,202,0.1,117,0.1,1230,0.8,585,0.4,645,0.4
"Blackpool",142065,100.0,137339,96.7,133042,93.6,1029,0.7,237,0.2,3031,2.1,1753,1.2,690,0.5,264,0.2,448,0.3,351,0.2,2282,1.6,627,0.4,223,0.2,231,0.2,514,0.4,687,0.5,346,0.2,183,0.1,111,0.1,52,0.0,345,0.2,170,0.1,175,0.1
"Cheshire East",370127,100.0,357940,96.7,346264,93.6,2241,0.6,313,0.1,9122,2.5,3873,1.0,1341,0.4,461,0.1,1293,0.3,778,0.2,6060,1.6,2147,0.6,856,0.2,504,0.1,1125,0.3,1428,0.4,1402,0.4,664,0.2,511,0.1,227,0.1,852,0.2,338,0.1,514,0.1
"Cheshire West and Chester",329608,100.0,321025,97.4,312013,94.7,2337,0.7,213,0.1,6462,2.0,3050,0.9,889,0.3,411,0.1,1059,0.3,691,0.2,4097,1.2,1242,0.4,336,0.1,576,0.2,935,0.3,1008,0.3,908,0.3,586,0.2,196,0.1,126,0.0,528,0.2,199,0.1,329,0.1
"Halton",125746,100.0,123041,97.8,121210,96.4,654,0.5,41,0.0,1136,0.9,1356,1.1,465,0.4,253,0.2,330,0.3,308,0.2,943,0.7,282,0.2,44,0.0,60,0.0,308,0.2,249,0.2,260,0.2,95,0.1,134,0.1,31,0.0,146,0.1,54,0.0,92,0.1
"Warrington",202228,100.0,193992,95.9,187968,92.9,1357,0.7,66,0.0,4601,2.3,2144,1.1,654,0.3,357,0.2,663,0.3,470,0.2,4911,2.4,1803,0.9,1179,0.6,152,0.1,849,0.4,928,0.5,694,0.3,389,0.2,214,0.1,91,0.0,487,0.2,237,0.1,250,0.1
"Allerdale",96422,100.0,95385,98.9,94085,97.6,241,0.2,14,0.0,1045,1.1,426,0.4,134,0.1,39,0.0,179,0.2,74,0.1,477,0.5,81,0.1,34,0.0,91,0.1,123,0.1,148,0.2,73,0.1,43,0.0,20,0.0,10,0.0,61,0.1,2,0.0,59,0.1
"Barrow-in-Furness",69087,100.0,67940,98.3,67073,97.1,222,0.3,39,0.1,606,0.9,360,0.5,117,0.2,45,0.1,109,0.2,89,0.1,633,0.9,137,0.2,47,0.1,43,0.1,183,0.3,223,0.3,70,0.1,56,0.1,7,0.0,7,0.0,84,0.1,35,0.1,49,0.1
"Carlisle",107524,100.0,105480,98.1,102189,95.0,405,0.4,196,0.2,2690,2.5,535,0.5,152,0.1,91,0.1,162,0.2,130,0.1,1248,1.2,273,0.3,109,0.1,180,0.2,337,0.3,349,0.3,147,0.1,107,0.1,19,0.0,21,0.0,114,0.1,52,0.0,62,0.1
"Copeland",70603,100.0,69491,98.4,68679,97.3,190,0.3,15,0.0,607,0.9,339,0.5,117,0.2,37,0.1,109,0.2,76,0.1,629,0.9,137,0.2,79,0.1,70,0.1,164,0.2,179,0.3,84,0.1,52,0.1,21,0.0,11,0.0,60,0.1,12,0.0,48,0.1
"Eden",52564,100.0,51999,98.9,51009,97.0,139,0.3,15,0.0,836,1.6,211,0.4,66,0.1,11,0.0,89,0.2,45,0.1,292,0.6,77,0.1,7,0.0,49,0.1,79,0.2,80,0.2,22,0.0,9,0.0,7,0.0,6,0.0,40,0.1,17,0.0,23,0.0
"South Lakeland",103658,100.0,101962,98.4,99089,95.6,355,0.3,36,0.0,2482,2.4,633,0.6,165,0.2,91,0.1,233,0.2,144,0.1,787,0.8,187,0.2,40,0.0,53,0.1,267,0.3,240,0.2,183,0.2,106,0.1,67,0.1,10,0.0,93,0.1,35,0.0,58,0.1
"Bolton",276786,100.0,226645,81.9,219794,79.4,1694,0.6,214,0.1,4943,1.8,4892,1.8,1576,0.6,678,0.2,1826,0.7,812,0.3,38749,14.0,21665,7.8,12026,4.3,614,0.2,1423,0.5,3021,1.1,4652,1.7,3451,1.2,608,0.2,593,0.2,1848,0.7,727,0.3,1121,0.4
"Bury",185060,100.0,165032,89.2,157897,85.3,2357,1.3,72,0.0,4706,2.5,3365,1.8,1307,0.7,444,0.2,1005,0.5,609,0.3,13407,7.2,1387,0.7,9002,4.9,311,0.2,1100,0.6,1607,0.9,1893,1.0,1116,0.6,593,0.3,184,0.1,1363,0.7,465,0.3,898,0.5
"Manchester",503127,100.0,335109,66.6,298237,59.3,11843,2.4,509,0.1,24520,4.9,23161,4.6,8877,1.8,4397,0.9,4791,1.0,5096,1.0,85986,17.1,11417,2.3,42904,8.5,6437,1.3,13539,2.7,11689,2.3,43484,8.6,25718,5.1,9642,1.9,8124,1.6,15387,3.1,9503,1.9,5884,1.2
"Oldham",224897,100.0,174326,77.5,169955,75.6,1484,0.7,62,0.0,2825,1.3,4057,1.8,1950,0.9,440,0.2,1131,0.5,536,0.2,43165,19.2,1555,0.7,22686,10.1,16310,7.3,726,0.3,1888,0.8,2797,1.2,1640,0.7,839,0.4,318,0.1,552,0.2,154,0.1,398,0.2
"Rochdale",211699,100.0,172874,81.7,166481,78.6,2131,1.0,186,0.1,4076,1.9,3569,1.7,1057,0.5,601,0.3,1348,0.6,563,0.3,31630,14.9,1105,0.5,22265,10.5,4342,2.1,948,0.4,2970,1.4,2770,1.3,2131,1.0,285,0.1,354,0.2,856,0.4,308,0.1,548,0.3
"Salford",233933,100.0,210862,90.1,197445,84.4,2882,1.2,193,0.1,10342,4.4,4616,2.0,1647,0.7,1058,0.5,929,0.4,982,0.4,9429,4.0,2553,1.1,1843,0.8,605,0.3,2547,1.1,1881,0.8,6541,2.8,5354,2.3,666,0.3,521,0.2,2485,1.1,1425,0.6,1060,0.5
"Stockport",283275,100.0,260819,92.1,252044,89.0,3938,1.4,58,0.0,4779,1.7,5104,1.8,1734,0.6,775,0.3,1460,0.5,1135,0.4,13762,4.9,2786,1.0,6673,2.4,705,0.2,1722,0.6,1876,0.7,1958,0.7,976,0.3,745,0.3,237,0.1,1632,0.6,727,0.3,905,0.3
"Tameside",219324,100.0,199429,90.9,194115,88.5,1613,0.7,38,0.0,3663,1.7,3159,1.4,1310,0.6,506,0.2,849,0.4,494,0.2,14553,6.6,3668,1.7,4910,2.2,4296,2.0,951,0.4,728,0.3,1784,0.8,1188,0.5,371,0.2,225,0.1,399,0.2,154,0.1,245,0.1
"Trafford",226578,100.0,193834,85.5,182200,80.4,5098,2.2,40,0.0,6496,2.9,6031,2.7,2658,1.2,669,0.3,1535,0.7,1169,0.5,17973,7.9,6306,2.8,7027,3.1,457,0.2,2232,1.0,1951,0.9,6540,2.9,1807,0.8,3802,1.7,931,0.4,2200,1.0,1259,0.6,941,0.4
"Wigan",317849,100.0,309193,97.3,303519,95.5,1459,0.5,151,0.0,4064,1.3,2756,0.9,1015,0.3,429,0.1,783,0.2,529,0.2,3519,1.1,1019,0.3,676,0.2,109,0.0,891,0.3,824,0.3,1678,0.5,1310,0.4,216,0.1,152,0.0,703,0.2,304,0.1,399,0.1
"Burnley",87059,100.0,76054,87.4,74464,85.5,527,0.6,10,0.0,1053,1.2,976,1.1,228,0.3,90,0.1,476,0.5,182,0.2,9578,11.0,321,0.4,5924,6.8,2425,2.8,222,0.3,686,0.8,211,0.2,76,0.1,120,0.1,15,0.0,240,0.3,55,0.1,185,0.2
"Chorley",107155,100.0,103833,96.9,101892,95.1,567,0.5,57,0.1,1317,1.2,1016,0.9,463,0.4,104,0.1,273,0.3,176,0.2,1710,1.6,612,0.6,525,0.5,105,0.1,236,0.2,232,0.2,401,0.4,115,0.1,240,0.2,46,0.0,195,0.2,113,0.1,82,0.1
"Fylde",75757,100.0,73844,97.5,72021,95.1,488,0.6,15,0.0,1320,1.7,742,1.0,251,0.3,87,0.1,233,0.3,171,0.2,845,1.1,297,0.4,118,0.2,25,0.0,209,0.3,196,0.3,163,0.2,63,0.1,54,0.1,46,0.1,163,0.2,67,0.1,96,0.1
"Hyndburn",80734,100.0,70778,87.7,68834,85.3,436,0.5,97,0.1,1411,1.7,696,0.9,186,0.2,39,0.0,336,0.4,135,0.2,9007,11.2,279,0.3,7548,9.3,402,0.5,268,0.3,510,0.6,106,0.1,52,0.1,45,0.1,9,0.0,147,0.2,91,0.1,56,0.1
"Lancaster",138375,100.0,132342,95.6,126624,91.5,840,0.6,331,0.2,4547,3.3,1356,1.0,373,0.3,179,0.1,480,0.3,324,0.2,3732,2.7,1212,0.9,413,0.3,309,0.2,1231,0.9,567,0.4,628,0.5,472,0.3,109,0.1,47,0.0,317,0.2,164,0.1,153,0.1
"Pendle",89452,100.0,71437,79.9,69074,77.2,462,0.5,26,0.0,1875,2.1,946,1.1,139,0.2,65,0.1,599,0.7,143,0.2,16807,18.8,236,0.3,15320,17.1,383,0.4,281,0.3,587,0.7,126,0.1,67,0.1,51,0.1,8,0.0,136,0.2,52,0.1,84,0.1
"Preston",140202,100.0,112415,80.2,106242,75.8,1178,0.8,111,0.1,4884,3.5,3326,2.4,1627,1.2,300,0.2,931,0.7,468,0.3,21732,15.5,14421,10.3,4425,3.2,375,0.3,1235,0.9,1276,0.9,1676,1.2,661,0.5,865,0.6,150,0.1,1053,0.8,626,0.4,427,0.3
"Ribble Valley",57132,100.0,55904,97.9,54757,95.8,332,0.6,6,0.0,809,1.4,360,0.6,93,0.2,33,0.1,163,0.3,71,0.1,729,1.3,204,0.4,295,0.5,32,0.1,109,0.2,89,0.2,92,0.2,65,0.1,12,0.0,15,0.0,47,0.1,9,0.0,38,0.1
"Rossendale",67982,100.0,63778,93.8,62516,92.0,541,0.8,47,0.1,674,1.0,602,0.9,199,0.3,64,0.1,218,0.3,121,0.2,3396,5.0,186,0.3,1139,1.7,1638,2.4,233,0.3,200,0.3,123,0.2,49,0.1,63,0.1,11,0.0,83,0.1,37,0.1,46,0.1
"South Ribble",109057,100.0,105847,97.1,103890,95.3,680,0.6,17,0.0,1260,1.2,1174,1.1,514,0.5,99,0.1,388,0.4,173,0.2,1612,1.5,798,0.7,241,0.2,26,0.0,282,0.3,265,0.2,268,0.2,78,0.1,149,0.1,41,0.0,156,0.1,65,0.1,91,0.1
"West Lancashire",110685,100.0,108603,98.1,105775,95.6,584,0.5,8,0.0,2236,2.0,866,0.8,266,0.2,140,0.1,248,0.2,212,0.2,913,0.8,411,0.4,85,0.1,13,0.0,190,0.2,214,0.2,174,0.2,115,0.1,48,0.0,11,0.0,129,0.1,63,0.1,66,0.1
"Wyre",107749,100.0,105852,98.2,104251,96.8,490,0.5,96,0.1,1015,0.9,664,0.6,234,0.2,79,0.1,226,0.2,125,0.1,993,0.9,235,0.2,70,0.1,78,0.1,315,0.3,295,0.3,130,0.1,78,0.1,33,0.0,19,0.0,110,0.1,45,0.0,65,0.1
"Knowsley",145893,100.0,141858,97.2,140135,96.1,747,0.5,6,0.0,970,0.7,1913,1.3,683,0.5,517,0.4,375,0.3,338,0.2,1403,1.0,467,0.3,81,0.1,10,0.0,446,0.3,399,0.3,505,0.3,297,0.2,127,0.1,81,0.1,214,0.1,98,0.1,116,0.1
"Liverpool",466415,100.0,414671,88.9,395485,84.8,6729,1.4,185,0.0,12272,2.6,11756,2.5,3473,0.7,3164,0.7,2283,0.5,2836,0.6,19403,4.2,4915,1.1,1999,0.4,1075,0.2,7978,1.7,3436,0.7,12308,2.6,8490,1.8,1467,0.3,2351,0.5,8277,1.8,5629,1.2,2648,0.6
"Sefton",273790,100.0,266741,97.4,259629,94.8,2312,0.8,120,0.0,4680,1.7,2820,1.0,830,0.3,488,0.2,760,0.3,742,0.3,2719,1.0,666,0.2,127,0.0,308,0.1,965,0.4,653,0.2,796,0.3,464,0.2,223,0.1,109,0.0,714,0.3,327,0.1,387,0.1
"St. Helens",175308,100.0,171877,98.0,169346,96.6,887,0.5,69,0.0,1575,0.9,1179,0.7,445,0.3,167,0.1,271,0.2,296,0.2,1764,1.0,504,0.3,133,0.1,122,0.1,512,0.3,493,0.3,248,0.1,152,0.1,60,0.0,36,0.0,240,0.1,117,0.1,123,0.1
"Wirral",319783,100.0,310156,97.0,303682,95.0,2667,0.8,77,0.0,3730,1.2,3286,1.0,964,0.3,558,0.2,949,0.3,815,0.3,5116,1.6,1344,0.4,226,0.1,851,0.3,1653,0.5,1042,0.3,695,0.2,389,0.1,189,0.1,117,0.0,530,0.2,208,0.1,322,0.1
"East Riding of Yorkshire",334179,100.0,327789,98.1,321309,96.1,908,0.3,227,0.1,5345,1.6,2301,0.7,683,0.2,367,0.1,785,0.2,466,0.1,2961,0.9,1081,0.3,396,0.1,69,0.0,660,0.2,755,0.2,598,0.2,355,0.1,175,0.1,68,0.0,530,0.2,289,0.1,241,0.1
"Kingston upon Hull, City of",256406,100.0,241321,94.1,229920,89.7,550,0.2,284,0.1,10567,4.1,3454,1.3,871,0.3,821,0.3,945,0.4,817,0.3,6471,2.5,1086,0.4,882,0.3,755,0.3,2124,0.8,1624,0.6,2996,1.2,2472,1.0,236,0.1,288,0.1,2164,0.8,1134,0.4,1030,0.4
"North East Lincolnshire",159616,100.0,155421,97.4,152240,95.4,414,0.3,26,0.0,2741,1.7,1186,0.7,381,0.2,161,0.1,369,0.2,275,0.2,2129,1.3,513,0.3,195,0.1,268,0.2,605,0.4,548,0.3,411,0.3,306,0.2,71,0.0,34,0.0,469,0.3,265,0.2,204,0.1
"North Lincolnshire",167446,100.0,160748,96.0,154526,92.3,727,0.4,90,0.1,5405,3.2,1244,0.7,341,0.2,166,0.1,451,0.3,286,0.2,4549,2.7,1122,0.7,862,0.5,1443,0.9,530,0.3,592,0.4,494,0.3,365,0.2,64,0.0,65,0.0,411,0.2,173,0.1,238,0.1
"York",198051,100.0,186731,94.3,178613,90.2,1103,0.6,269,0.1,6746,3.4,2413,1.2,529,0.3,305,0.2,873,0.4,706,0.4,6740,3.4,1531,0.8,417,0.2,370,0.2,2449,1.2,1973,1.0,1194,0.6,903,0.5,205,0.1,86,0.0,973,0.5,498,0.3,475,0.2
"Craven",55409,100.0,53964,97.4,52842,95.4,215,0.4,54,0.1,853,1.5,375,0.7,94,0.2,59,0.1,141,0.3,81,0.1,970,1.8,156,0.3,474,0.9,39,0.1,118,0.2,183,0.3,61,0.1,48,0.1,8,0.0,5,0.0,39,0.1,25,0.0,14,0.0
"Hambleton",89140,100.0,87635,98.3,85867,96.3,306,0.3,132,0.1,1330,1.5,593,0.7,157,0.2,59,0.1,246,0.3,131,0.1,600,0.7,220,0.2,84,0.1,30,0.0,126,0.1,140,0.2,188,0.2,98,0.1,44,0.0,46,0.1,124,0.1,46,0.1,78,0.1
"Harrogate",157869,100.0,152075,96.3,144717,91.7,771,0.5,107,0.1,6480,4.1,1776,1.1,411,0.3,265,0.2,626,0.4,474,0.3,2409,1.5,587,0.4,118,0.1,68,0.0,869,0.6,767,0.5,1147,0.7,624,0.4,148,0.1,375,0.2,462,0.3,129,0.1,333,0.2
"Richmondshire",51965,100.0,49556,95.4,48516,93.4,200,0.4,19,0.0,821,1.6,502,1.0,155,0.3,74,0.1,108,0.2,165,0.3,1247,2.4,75,0.1,27,0.1,20,0.0,78,0.2,1047,2.0,496,1.0,245,0.5,80,0.2,171,0.3,164,0.3,15,0.0,149,0.3
"Ryedale",51751,100.0,51064,98.7,49802,96.2,262,0.5,81,0.2,919,1.8,302,0.6,80,0.2,46,0.1,105,0.2,71,0.1,273,0.5,35,0.1,5,0.0,7,0.0,85,0.2,141,0.3,80,0.2,67,0.1,8,0.0,5,0.0,32,0.1,10,0.0,22,0.0
"Scarborough",108793,100.0,106104,97.5,103625,95.2,301,0.3,37,0.0,2141,2.0,869,0.8,228,0.2,109,0.1,324,0.3,208,0.2,1364,1.3,383,0.4,169,0.2,109,0.1,287,0.3,416,0.4,240,0.2,176,0.2,51,0.0,13,0.0,216,0.2,123,0.1,93,0.1
"Selby",83449,100.0,82077,98.4,79686,95.5,326,0.4,158,0.2,1907,2.3,626,0.8,190,0.2,50,0.1,271,0.3,115,0.1,493,0.6,175,0.2,17,0.0,2,0.0,170,0.2,129,0.2,212,0.3,170,0.2,33,0.0,9,0.0,41,0.0,9,0.0,32,0.0
"Barnsley",231221,100.0,226285,97.9,222164,96.1,567,0.2,163,0.1,3391,1.5,1630,0.7,644,0.3,178,0.1,434,0.2,374,0.2,1661,0.7,442,0.2,211,0.1,60,0.0,440,0.2,508,0.2,1221,0.5,995,0.4,149,0.1,77,0.0,424,0.2,168,0.1,256,0.1
"Doncaster",302402,100.0,288066,95.3,277740,91.8,1183,0.4,587,0.2,8556,2.8,3321,1.1,1413,0.5,440,0.1,877,0.3,591,0.2,7614,2.5,1865,0.6,2728,0.9,117,0.0,1121,0.4,1783,0.6,2337,0.8,1309,0.4,778,0.3,250,0.1,1064,0.4,231,0.1,833,0.3
"Rotherham",257280,100.0,240758,93.6,236438,91.9,776,0.3,126,0.0,3418,1.3,2551,1.0,787,0.3,301,0.1,865,0.3,598,0.2,10551,4.1,961,0.4,7609,3.0,109,0.0,592,0.2,1280,0.5,2112,0.8,1672,0.6,283,0.1,157,0.1,1308,0.5,581,0.2,727,0.3
"Sheffield",552698,100.0,462544,83.7,446837,80.8,2891,0.5,358,0.1,12458,2.3,13289,2.4,5450,1.0,1296,0.2,3490,0.6,3053,0.6,44385,8.0,5868,1.1,21990,4.0,3326,0.6,7398,1.3,5803,1.0,20082,3.6,11543,2.1,5506,1.0,3033,0.5,12398,2.2,8432,1.5,3966,0.7
"Bradford",522452,100.0,352317,67.4,333628,63.9,2541,0.5,433,0.1,15715,3.0,12979,2.5,4663,0.9,875,0.2,5677,1.1,1764,0.3,140149,26.8,13555,2.6,106614,20.4,9863,1.9,2086,0.4,8031,1.5,9267,1.8,4993,1.0,3581,0.7,693,0.1,7740,1.5,3714,0.7,4026,0.8
"Calderdale",203826,100.0,182787,89.7,176732,86.7,1795,0.9,80,0.0,4180,2.1,2797,1.4,1097,0.5,247,0.1,907,0.4,546,0.3,16875,8.3,1130,0.6,13904,6.8,574,0.3,459,0.2,808,0.4,899,0.4,479,0.2,320,0.2,100,0.0,468,0.2,111,0.1,357,0.2
"Kirklees",422458,100.0,334270,79.1,323890,76.7,2635,0.6,158,0.0,7587,1.8,9790,2.3,5167,1.2,641,0.2,2714,0.6,1268,0.3,67782,16.0,20797,4.9,41802,9.9,731,0.2,1452,0.3,3000,0.7,7905,1.9,2364,0.6,4626,1.1,915,0.2,2711,0.6,1214,0.3,1497,0.4
"Leeds",751485,100.0,639487,85.1,609714,81.1,7031,0.9,687,0.1,22055,2.9,19632,2.6,8813,1.2,2493,0.3,4906,0.7,3420,0.5,58243,7.8,16130,2.1,22492,3.0,4432,0.6,5933,0.8,9256,1.2,25893,3.4,14894,2.0,6728,0.9,4271,0.6,8230,1.1,3791,0.5,4439,0.6
"Wakefield",325837,100.0,310957,95.4,302331,92.8,908,0.3,302,0.1,7416,2.3,2928,0.9,1087,0.3,368,0.1,894,0.3,579,0.2,8498,2.6,1540,0.5,4896,1.5,32,0.0,853,0.3,1177,0.4,2512,0.8,1955,0.6,326,0.1,231,0.1,942,0.3,382,0.1,560,0.2
"Derby",248752,100.0,199751,80.3,187386,75.3,2319,0.9,295,0.1,9751,3.9,7232,2.9,3916,1.6,533,0.2,1772,0.7,1011,0.4,31095,12.5,10907,4.4,14620,5.9,658,0.3,1292,0.5,3618,1.5,7320,2.9,3156,1.3,3405,1.4,759,0.3,3354,1.3,861,0.3,2493,1.0
"Leicester",329839,100.0,166636,50.5,148629,45.1,2524,0.8,417,0.1,15066,4.6,11580,3.5,4691,1.4,1161,0.4,3388,1.0,2340,0.7,122470,37.1,93335,28.3,8067,2.4,3642,1.1,4245,1.3,13181,4.0,20585,6.2,12480,3.8,4790,1.5,3315,1.0,8568,2.6,3311,1.0,5257,1.6
"Nottingham",305680,100.0,218698,71.5,199990,65.4,2819,0.9,326,0.1,15563,5.1,20265,6.6,12166,4.0,2004,0.7,3304,1.1,2791,0.9,40039,13.1,9901,3.2,16771,5.5,1049,0.3,5988,2.0,6330,2.1,22185,7.3,9877,3.2,9382,3.1,2926,1.0,4493,1.5,2372,0.8,2121,0.7
"Rutland",37369,100.0,36301,97.1,35241,94.3,217,0.6,58,0.2,785,2.1,389,1.0,123,0.3,23,0.1,141,0.4,102,0.3,365,1.0,113,0.3,38,0.1,7,0.0,125,0.3,82,0.2,251,0.7,116,0.3,107,0.3,28,0.1,63,0.2,5,0.0,58,0.2
"Amber Valley",122309,100.0,120023,98.1,117988,96.5,428,0.3,44,0.0,1563,1.3,980,0.8,438,0.4,93,0.1,282,0.2,167,0.1,929,0.8,416,0.3,80,0.1,11,0.0,201,0.2,221,0.2,253,0.2,120,0.1,106,0.1,27,0.0,124,0.1,27,0.0,97,0.1
"Bolsover",75866,100.0,74452,98.1,73058,96.3,199,0.3,66,0.1,1129,1.5,518,0.7,248,0.3,63,0.1,136,0.2,71,0.1,612,0.8,207,0.3,56,0.1,6,0.0,166,0.2,177,0.2,267,0.4,175,0.2,51,0.1,41,0.1,17,0.0,2,0.0,15,0.0
"Chesterfield",103788,100.0,100172,96.5,98456,94.9,386,0.4,5,0.0,1325,1.3,1094,1.1,532,0.5,97,0.1,287,0.3,178,0.2,1592,1.5,487,0.5,334,0.3,141,0.1,367,0.4,263,0.3,782,0.8,433,0.4,271,0.3,78,0.1,148,0.1,60,0.1,88,0.1
"Derbyshire Dales",71116,100.0,70117,98.6,68835,96.8,321,0.5,15,0.0,946,1.3,466,0.7,130,0.2,58,0.1,173,0.2,105,0.1,398,0.6,97,0.1,84,0.1,4,0.0,95,0.1,118,0.2,87,0.1,33,0.0,36,0.1,18,0.0,48,0.1,10,0.0,38,0.1
"Erewash",112081,100.0,108765,97.0,106673,95.2,574,0.5,29,0.0,1489,1.3,1269,1.1,734,0.7,72,0.1,276,0.2,187,0.2,1383,1.2,778,0.7,89,0.1,21,0.0,266,0.2,229,0.2,536,0.5,125,0.1,337,0.3,74,0.1,128,0.1,34,0.0,94,0.1
"High Peak",90892,100.0,88954,97.9,87131,95.9,596,0.7,10,0.0,1217,1.3,944,1.0,348,0.4,113,0.1,284,0.3,199,0.2,711,0.8,148,0.2,78,0.1,10,0.0,228,0.3,247,0.3,184,0.2,87,0.1,82,0.1,15,0.0,99,0.1,33,0.0,66,0.1
"North East Derbyshire",99023,100.0,97084,98.0,95968,96.9,264,0.3,70,0.1,782,0.8,786,0.8,315,0.3,103,0.1,250,0.3,118,0.1,795,0.8,350,0.4,79,0.1,32,0.0,187,0.2,147,0.1,236,0.2,156,0.2,65,0.1,15,0.0,122,0.1,40,0.0,82,0.1
"South Derbyshire",94611,100.0,90527,95.7,88925,94.0,386,0.4,72,0.1,1144,1.2,1062,1.1,428,0.5,79,0.1,365,0.4,190,0.2,2375,2.5,1649,1.7,179,0.2,4,0.0,217,0.2,326,0.3,425,0.4,174,0.2,205,0.2,46,0.0,222,0.2,45,0.0,177,0.2
"Blaby",93915,100.0,85451,91.0,83161,88.5,545,0.6,101,0.1,1644,1.8,1505,1.6,645,0.7,108,0.1,486,0.5,266,0.3,5718,6.1,4399,4.7,281,0.3,18,0.0,435,0.5,585,0.6,900,1.0,371,0.4,398,0.4,131,0.1,341,0.4,96,0.1,245,0.3
"Charnwood",166100,100.0,145114,87.4,139978,84.3,989,0.6,74,0.0,4073,2.5,2577,1.6,815,0.5,244,0.1,1045,0.6,473,0.3,16138,9.7,10225,6.2,428,0.3,2022,1.2,1943,1.2,1520,0.9,1327,0.8,875,0.5,339,0.2,113,0.1,944,0.6,442,0.3,502,0.3
"Harborough",85382,100.0,81316,95.2,79242,92.8,486,0.6,61,0.1,1527,1.8,971,1.1,308,0.4,92,0.1,384,0.4,187,0.2,2563,3.0,1849,2.2,132,0.2,44,0.1,226,0.3,312,0.4,327,0.4,179,0.2,111,0.1,37,0.0,205,0.2,35,0.0,170,0.2
"Hinckley and Bosworth",105078,100.0,101369,96.5,99440,94.6,451,0.4,86,0.1,1392,1.3,1027,1.0,364,0.3,81,0.1,390,0.4,192,0.2,2246,2.1,1390,1.3,158,0.2,81,0.1,269,0.3,348,0.3,262,0.2,133,0.1,110,0.1,19,0.0,174,0.2,74,0.1,100,0.1
"Melton",50376,100.0,49319,97.9,47861,95.0,264,0.5,3,0.0,1191,2.4,414,0.8,151,0.3,45,0.1,142,0.3,76,0.2,518,1.0,277,0.5,4,0.0,0,0.0,103,0.2,134,0.3,95,0.2,39,0.1,38,0.1,18,0.0,30,0.1,3,0.0,27,0.1
"North West Leicestershire",93468,100.0,91187,97.6,89116,95.3,406,0.4,77,0.1,1588,1.7,881,0.9,358,0.4,59,0.1,322,0.3,142,0.2,1074,1.1,520,0.6,16,0.0,20,0.0,198,0.2,320,0.3,205,0.2,91,0.1,78,0.1,36,0.0,121,0.1,25,0.0,96,0.1
"Oadby and Wigston",56170,100.0,41011,73.0,39634,70.6,387,0.7,9,0.0,981,1.7,1176,2.1,383,0.7,85,0.2,493,0.9,215,0.4,12520,22.3,9938,17.7,1080,1.9,128,0.2,328,0.6,1046,1.9,671,1.2,302,0.5,305,0.5,64,0.1,792,1.4,191,0.3,601,1.1
"Boston",64637,100.0,62592,96.8,54221,83.9,208,0.3,63,0.1,8100,12.5,664,1.0,171,0.3,114,0.2,167,0.3,212,0.3,928,1.4,374,0.6,148,0.2,72,0.1,130,0.2,204,0.3,278,0.4,174,0.3,57,0.1,47,0.1,175,0.3,63,0.1,112,0.2
"East Lindsey",136401,100.0,134314,98.5,131717,96.6,490,0.4,61,0.0,2046,1.5,937,0.7,414,0.3,87,0.1,261,0.2,175,0.1,789,0.6,231,0.2,63,0.0,100,0.1,198,0.1,197,0.1,264,0.2,160,0.1,75,0.1,29,0.0,97,0.1,40,0.0,57,0.0
"Lincoln",93541,100.0,89379,95.6,83653,89.4,719,0.8,80,0.1,4927,5.3,1230,1.3,367,0.4,189,0.2,372,0.4,302,0.3,1794,1.9,522,0.6,139,0.1,139,0.1,452,0.5,542,0.6,778,0.8,504,0.5,165,0.2,109,0.1,360,0.4,175,0.2,185,0.2
"North Kesteven",107766,100.0,105835,98.2,103343,95.9,512,0.5,74,0.1,1906,1.8,791,0.7,242,0.2,91,0.1,256,0.2,202,0.2,750,0.7,217,0.2,29,0.0,68,0.1,215,0.2,221,0.2,251,0.2,108,0.1,101,0.1,42,0.0,139,0.1,43,0.0,96,0.1
"South Holland",88270,100.0,86370,97.8,79569,90.1,282,0.3,100,0.1,6419,7.3,796,0.9,247,0.3,138,0.2,233,0.3,178,0.2,747,0.8,251,0.3,48,0.1,54,0.1,176,0.2,218,0.2,257,0.3,137,0.2,72,0.1,48,0.1,100,0.1,13,0.0,87,0.1
"South Kesteven",133788,100.0,130394,97.5,125261,93.6,656,0.5,78,0.1,4399,3.3,1142,0.9,410,0.3,138,0.1,304,0.2,290,0.2,1580,1.2,509,0.4,93,0.1,63,0.0,436,0.3,479,0.4,509,0.4,330,0.2,117,0.1,62,0.0,163,0.1,48,0.0,115,0.1
"West Lindsey",89250,100.0,87600,98.2,85977,96.3,411,0.5,161,0.2,1051,1.2,630,0.7,222,0.2,58,0.1,205,0.2,145,0.2,728,0.8,370,0.4,64,0.1,0,0.0,130,0.1,164,0.2,224,0.3,127,0.1,74,0.1,23,0.0,68,0.1,38,0.0,30,0.0
"Corby",61255,100.0,58519,95.5,52069,85.0,855,1.4,28,0.0,5567,9.1,836,1.4,271,0.4,127,0.2,215,0.4,223,0.4,782,1.3,348,0.6,34,0.1,138,0.2,96,0.2,166,0.3,1008,1.6,778,1.3,130,0.2,100,0.2,110,0.2,24,0.0,86,0.1
"Daventry",77843,100.0,75123,96.5,72448,93.1,509,0.7,54,0.1,2112,2.7,971,1.2,381,0.5,98,0.1,302,0.4,190,0.2,1183,1.5,551,0.7,172,0.2,55,0.1,151,0.2,254,0.3,481,0.6,213,0.3,211,0.3,57,0.1,85,0.1,7,0.0,78,0.1
"East Northamptonshire",86765,100.0,83842,96.6,81083,93.5,583,0.7,46,0.1,2130,2.5,1052,1.2,381,0.4,123,0.1,288,0.3,260,0.3,1096,1.3,530,0.6,62,0.1,12,0.0,244,0.3,248,0.3,630,0.7,352,0.4,204,0.2,74,0.1,145,0.2,33,0.0,112,0.1
"Kettering",93475,100.0,87740,93.9,83450,89.3,641,0.7,150,0.2,3499,3.7,1313,1.4,416,0.4,206,0.2,404,0.4,287,0.3,3023,3.2,1818,1.9,149,0.2,102,0.1,327,0.3,627,0.7,991,1.1,682,0.7,208,0.2,101,0.1,408,0.4,148,0.2,260,0.3
"Northampton",212069,100.0,179238,84.5,162353,76.6,2911,1.4,149,0.1,13825,6.5,6849,3.2,3149,1.5,1012,0.5,1286,0.6,1402,0.7,13751,6.5,5328,2.5,1536,0.7,3367,1.6,1705,0.8,1815,0.9,10741,5.1,6473,3.1,2946,1.4,1322,0.6,1490,0.7,543,0.3,947,0.4
"South Northamptonshire",85189,100.0,82572,96.9,80123,94.1,591,0.7,11,0.0,1847,2.2,1003,1.2,289,0.3,131,0.2,359,0.4,224,0.3,1129,1.3,592,0.7,81,0.1,52,0.1,149,0.2,255,0.3,376,0.4,151,0.2,141,0.2,84,0.1,109,0.1,29,0.0,80,0.1
"Wellingborough",75356,100.0,65788,87.3,61229,81.3,614,0.8,89,0.1,3856,5.1,2158,2.9,1177,1.6,228,0.3,397,0.5,356,0.5,4463,5.9,3097,4.1,278,0.4,538,0.7,174,0.2,376,0.5,2696,3.6,903,1.2,1414,1.9,379,0.5,251,0.3,61,0.1,190,0.3
"Ashfield",119497,100.0,116733,97.7,114744,96.0,348,0.3,43,0.0,1598,1.3,1059,0.9,556,0.5,88,0.1,229,0.2,186,0.2,1099,0.9,396,0.3,97,0.1,62,0.1,232,0.2,312,0.3,472,0.4,195,0.2,209,0.2,68,0.1,134,0.1,25,0.0,109,0.1
"Bassetlaw",112863,100.0,109892,97.4,106663,94.5,381,0.3,94,0.1,2754,2.4,996,0.9,454,0.4,85,0.1,228,0.2,229,0.2,1255,1.1,440,0.4,287,0.3,74,0.1,180,0.2,274,0.2,520,0.5,221,0.2,239,0.2,60,0.1,200,0.2,52,0.0,148,0.1
"Broxtowe",109487,100.0,101538,92.7,98001,89.5,615,0.6,9,0.0,2913,2.7,1827,1.7,866,0.8,151,0.1,486,0.4,324,0.3,4503,4.1,1754,1.6,775,0.7,92,0.1,1135,1.0,747,0.7,933,0.9,448,0.4,405,0.4,80,0.1,686,0.6,436,0.4,250,0.2
"Gedling",113543,100.0,105656,93.1,102551,90.3,891,0.8,32,0.0,2182,1.9,2619,2.3,1500,1.3,240,0.2,521,0.5,358,0.3,3343,2.9,1366,1.2,962,0.8,67,0.1,411,0.4,537,0.5,1653,1.5,370,0.3,1118,1.0,165,0.1,272,0.2,68,0.1,204,0.2
"Mansfield",104466,100.0,101522,97.2,97408,93.2,447,0.4,2,0.0,3665,3.5,1106,1.1,571,0.5,105,0.1,224,0.2,206,0.2,1289,1.2,521,0.5,132,0.1,192,0.2,206,0.2,238,0.2,398,0.4,152,0.1,192,0.2,54,0.1,151,0.1,42,0.0,109,0.1
"Newark and Sherwood",114817,100.0,111958,97.5,108208,94.2,641,0.6,253,0.2,2856,2.5,1160,1.0,491,0.4,133,0.1,308,0.3,228,0.2,1036,0.9,366,0.3,145,0.1,73,0.1,220,0.2,232,0.2,499,0.4,166,0.1,270,0.2,63,0.1,164,0.1,39,0.0,125,0.1
"Rushcliffe",111129,100.0,103504,93.1,100363,90.3,810,0.7,23,0.0,2308,2.1,1949,1.8,736,0.7,159,0.1,723,0.7,331,0.3,4614,4.2,2361,2.1,1072,1.0,40,0.0,558,0.5,583,0.5,627,0.6,202,0.2,349,0.3,76,0.1,435,0.4,153,0.1,282,0.3
"Herefordshire, County of",183477,100.0,180169,98.2,171922,93.7,709,0.4,363,0.2,7175,3.9,1270,0.7,407,0.2,146,0.1,415,0.2,302,0.2,1439,0.8,490,0.3,80,0.0,32,0.0,277,0.2,560,0.3,331,0.2,160,0.1,103,0.1,68,0.0,268,0.1,105,0.1,163,0.1
"Shropshire",306129,100.0,299874,98.0,292047,95.4,1410,0.5,312,0.1,6105,2.0,2168,0.7,765,0.2,231,0.1,669,0.2,503,0.2,3089,1.0,752,0.2,216,0.1,208,0.1,1020,0.3,893,0.3,580,0.2,302,0.1,164,0.1,114,0.0,418,0.1,179,0.1,239,0.1
"Stoke-on-Trent",249008,100.0,220712,88.6,215222,86.4,636,0.3,183,0.1,4671,1.9,4491,1.8,1892,0.8,559,0.2,1347,0.5,693,0.3,18442,7.4,2329,0.9,10429,4.2,1097,0.4,1224,0.5,3363,1.4,3741,1.5,2536,1.0,834,0.3,371,0.1,1622,0.7,408,0.2,1214,0.5
"Telford and Wrekin",166641,100.0,154415,92.7,149096,89.5,729,0.4,166,0.1,4424,2.7,2983,1.8,1423,0.9,278,0.2,799,0.5,483,0.3,6991,4.2,3076,1.8,2243,1.3,162,0.1,647,0.4,863,0.5,1779,1.1,1023,0.6,607,0.4,149,0.1,473,0.3,86,0.1,387,0.2
"Cannock Chase",97462,100.0,95256,97.7,94042,96.5,350,0.4,8,0.0,856,0.9,867,0.9,458,0.5,51,0.1,214,0.2,144,0.1,982,1.0,406,0.4,110,0.1,48,0.0,227,0.2,191,0.2,280,0.3,98,0.1,147,0.2,35,0.0,77,0.1,10,0.0,67,0.1
"East Staffordshire",113583,100.0,102704,90.4,97854,86.2,542,0.5,72,0.1,4236,3.7,1619,1.4,800,0.7,92,0.1,451,0.4,276,0.2,7864,6.9,916,0.8,5598,4.9,157,0.1,331,0.3,862,0.8,1023,0.9,333,0.3,500,0.4,190,0.2,373,0.3,91,0.1,282,0.2
"Lichfield",100654,100.0,97399,96.8,95263,94.6,598,0.6,13,0.0,1525,1.5,1034,1.0,482,0.5,99,0.1,281,0.3,172,0.2,1623,1.6,877,0.9,157,0.2,107,0.1,225,0.2,257,0.3,481,0.5,113,0.1,298,0.3,70,0.1,117,0.1,10,0.0,107,0.1
"Newcastle-under-Lyme",123871,100.0,117662,95.0,115510,93.3,364,0.3,49,0.0,1739,1.4,1490,1.2,565,0.5,156,0.1,468,0.4,301,0.2,3512,2.8,937,0.8,485,0.4,154,0.1,978,0.8,958,0.8,828,0.7,515,0.4,236,0.2,77,0.1,379,0.3,136,0.1,243,0.2
"South Staffordshire",108131,100.0,103700,95.9,102339,94.6,469,0.4,128,0.1,764,0.7,1495,1.4,796,0.7,40,0.0,479,0.4,180,0.2,2122,2.0,1435,1.3,170,0.2,17,0.0,204,0.2,296,0.3,578,0.5,142,0.1,371,0.3,65,0.1,236,0.2,44,0.0,192,0.2
"Stafford",130869,100.0,124308,95.0,121160,92.6,770,0.6,119,0.1,2259,1.7,1694,1.3,819,0.6,126,0.1,439,0.3,310,0.2,3288,2.5,1359,1.0,369,0.3,128,0.1,503,0.4,929,0.7,1107,0.8,391,0.3,582,0.4,134,0.1,472,0.4,229,0.2,243,0.2
"Staffordshire Moorlands",97106,100.0,95825,98.7,94657,97.5,256,0.3,35,0.0,877,0.9,602,0.6,238,0.2,52,0.1,179,0.2,133,0.1,502,0.5,136,0.1,87,0.1,2,0.0,108,0.1,169,0.2,120,0.1,52,0.1,60,0.1,8,0.0,57,0.1,19,0.0,38,0.0
"Tamworth",76813,100.0,74761,97.3,72984,95.0,504,0.7,9,0.0,1264,1.6,803,1.0,414,0.5,59,0.1,197,0.3,133,0.2,763,1.0,386,0.5,47,0.1,38,0.0,150,0.2,142,0.2,393,0.5,91,0.1,252,0.3,50,0.1,93,0.1,30,0.0,63,0.1
"North Warwickshire",62014,100.0,60709,97.9,59499,95.9,458,0.7,45,0.1,707,1.1,506,0.8,269,0.4,39,0.1,116,0.2,82,0.1,580,0.9,360,0.6,35,0.1,11,0.0,67,0.1,107,0.2,172,0.3,30,0.0,124,0.2,18,0.0,47,0.1,7,0.0,40,0.1
"Nuneaton and Bedworth",125252,100.0,114392,91.3,111379,88.9,697,0.6,75,0.1,2241,1.8,1396,1.1,664,0.5,110,0.1,409,0.3,213,0.2,7880,6.3,5705,4.6,527,0.4,51,0.0,304,0.2,1293,1.0,1047,0.8,555,0.4,351,0.3,141,0.1,537,0.4,76,0.1,461,0.4
"Rugby",100075,100.0,90565,90.5,84210,84.1,1025,1.0,160,0.2,5170,5.2,1986,2.0,879,0.9,210,0.2,563,0.6,334,0.3,5225,5.2,3061,3.1,612,0.6,140,0.1,432,0.4,980,1.0,1987,2.0,1002,1.0,754,0.8,231,0.2,312,0.3,102,0.1,210,0.2
"Stratford-on-Avon",120485,100.0,117307,97.4,112780,93.6,890,0.7,173,0.1,3464,2.9,1258,1.0,417,0.3,106,0.1,448,0.4,287,0.2,1466,1.2,564,0.5,74,0.1,13,0.0,391,0.3,424,0.4,264,0.2,112,0.1,115,0.1,37,0.0,190,0.2,51,0.0,139,0.1
"Warwick",137648,100.0,122715,89.2,114739,83.4,2146,1.6,41,0.0,5789,4.2,2803,2.0,861,0.6,233,0.2,1070,0.8,639,0.5,9945,7.2,6745,4.9,480,0.3,69,0.1,1155,0.8,1496,1.1,973,0.7,474,0.3,389,0.3,110,0.1,1212,0.9,231,0.2,981,0.7
"Birmingham",1073045,100.0,621636,57.9,570217,53.1,22021,2.1,408,0.0,28990,2.7,47605,4.4,24720,2.3,3223,0.3,11186,1.0,8476,0.8,285640,26.6,64621,6.0,144627,13.5,32532,3.0,12712,1.2,31148,2.9,96360,9.0,29991,2.8,47641,4.4,18728,1.7,21804,2.0,10910,1.0,10894,1.0
"Coventry",316960,100.0,234029,73.8,211188,66.6,7305,2.3,151,0.0,15385,4.9,8230,2.6,3672,1.2,943,0.3,2388,0.8,1227,0.4,51598,16.3,27751,8.8,9510,3.0,2951,0.9,3728,1.2,7658,2.4,17764,5.6,12836,4.0,3317,1.0,1611,0.5,5339,1.7,2020,0.6,3319,1.0
"Dudley",312925,100.0,281607,90.0,277050,88.5,1170,0.4,352,0.1,3035,1.0,5758,1.8,3477,1.1,250,0.1,1277,0.4,754,0.2,18942,6.1,5737,1.8,10339,3.3,397,0.1,876,0.3,1593,0.5,4671,1.5,1402,0.4,2658,0.8,611,0.2,1947,0.6,1259,0.4,688,0.2
"Sandwell",308063,100.0,215471,69.9,202822,65.8,2045,0.7,141,0.0,10463,3.4,10199,3.3,6163,2.0,515,0.2,2043,0.7,1478,0.5,59258,19.2,31400,10.2,13952,4.5,6588,2.1,839,0.3,6479,2.1,18357,6.0,4396,1.4,11382,3.7,2579,0.8,4778,1.6,901,0.3,3877,1.3
"Solihull",206674,100.0,184244,89.1,177248,85.8,3935,1.9,70,0.0,2991,1.4,4404,2.1,2395,1.2,247,0.1,1156,0.6,606,0.3,13561,6.6,7098,3.4,3413,1.7,633,0.3,906,0.4,1511,0.7,3239,1.6,852,0.4,1930,0.9,457,0.2,1226,0.6,358,0.2,868,0.4
"Walsall",269323,100.0,212469,78.9,207238,76.9,1181,0.4,287,0.1,3763,1.4,7224,2.7,4312,1.6,321,0.1,1754,0.7,837,0.3,41022,15.2,16502,6.1,14289,5.3,5194,1.9,993,0.4,4044,1.5,6369,2.4,1999,0.7,3197,1.2,1173,0.4,2239,0.8,222,0.1,2017,0.7
"Wolverhampton",249470,100.0,169682,68.0,160945,64.5,1526,0.6,209,0.1,7002,2.8,12784,5.1,8495,3.4,554,0.2,2160,0.9,1575,0.6,44960,18.0,32162,12.9,4415,1.8,432,0.2,1376,0.6,6575,2.6,17309,6.9,4081,1.6,9507,3.8,3721,1.5,4735,1.9,359,0.1,4376,1.8
"Bromsgrove",93637,100.0,89696,95.8,87640,93.6,904,1.0,75,0.1,1077,1.2,1396,1.5,631,0.7,82,0.1,446,0.5,237,0.3,1925,2.1,1078,1.2,221,0.2,39,0.0,309,0.3,278,0.3,444,0.5,110,0.1,267,0.3,67,0.1,176,0.2,53,0.1,123,0.1
"Malvern Hills",74631,100.0,72841,97.6,71019,95.2,366,0.5,131,0.2,1325,1.8,639,0.9,192,0.3,78,0.1,235,0.3,134,0.2,902,1.2,268,0.4,43,0.1,30,0.0,336,0.5,225,0.3,151,0.2,95,0.1,41,0.1,15,0.0,98,0.1,11,0.0,87,0.1
"Redditch",84214,100.0,77497,92.0,73591,87.4,629,0.7,9,0.0,3268,3.9,1655,2.0,1053,1.3,75,0.1,317,0.4,210,0.2,4029,4.8,720,0.9,2580,3.1,192,0.2,209,0.2,328,0.4,862,1.0,160,0.2,558,0.7,144,0.2,171,0.2,54,0.1,117,0.1
"Worcester",98768,100.0,92294,93.4,88016,89.1,583,0.6,113,0.1,3582,3.6,1395,1.4,474,0.5,199,0.2,439,0.4,283,0.3,4366,4.4,806,0.8,1923,1.9,449,0.5,391,0.4,797,0.8,473,0.5,226,0.2,186,0.2,61,0.1,240,0.2,61,0.1,179,0.2
"Wychavon",116944,100.0,114457,97.9,109834,93.9,539,0.5,462,0.4,3622,3.1,962,0.8,339,0.3,83,0.1,341,0.3,199,0.2,1129,1.0,463,0.4,84,0.1,94,0.1,188,0.2,300,0.3,228,0.2,91,0.1,118,0.1,19,0.0,168,0.1,43,0.0,125,0.1
"Wyre Forest",97975,100.0,95273,97.2,92822,94.7,459,0.5,375,0.4,1617,1.7,998,1.0,461,0.5,75,0.1,275,0.3,187,0.2,1390,1.4,299,0.3,133,0.1,512,0.5,168,0.2,278,0.3,214,0.2,85,0.1,105,0.1,24,0.0,100,0.1,14,0.0,86,0.1
"Bedford",157479,100.0,126846,80.5,112588,71.5,1683,1.1,115,0.1,12460,7.9,5386,3.4,2396,1.5,587,0.4,1366,0.9,1037,0.7,17932,11.4,8122,5.2,3270,2.1,3225,2.0,905,0.6,2410,1.5,6202,3.9,2741,1.7,2843,1.8,618,0.4,1113,0.7,331,0.2,782,0.5
"Central Bedfordshire",254381,100.0,238722,93.8,228053,89.7,3149,1.2,478,0.2,7042,2.8,4789,1.9,1787,0.7,522,0.2,1474,0.6,1006,0.4,6402,2.5,2533,1.0,442,0.2,214,0.1,1404,0.6,1809,0.7,3614,1.4,2054,0.8,1230,0.5,330,0.1,854,0.3,357,0.1,497,0.2
"Luton",203201,100.0,111079,54.7,90530,44.6,6126,3.0,198,0.1,14225,7.0,8281,4.1,3831,1.9,915,0.5,1805,0.9,1730,0.9,60952,30.0,10625,5.2,29353,14.4,13606,6.7,1497,0.7,5871,2.9,19909,9.8,9169,4.5,8177,4.0,2563,1.3,2980,1.5,1646,0.8,1334,0.7
"Peterborough",183631,100.0,151544,82.5,130232,70.9,1257,0.7,560,0.3,19495,10.6,4948,2.7,1542,0.8,827,0.5,1384,0.8,1195,0.7,21492,11.7,4636,2.5,12078,6.6,229,0.1,872,0.5,3677,2.0,4164,2.3,2480,1.4,1174,0.6,510,0.3,1483,0.8,428,0.2,1055,0.6
"Southend-on-Sea",173658,100.0,159023,91.6,151136,87.0,1496,0.9,162,0.1,6229,3.6,3651,2.1,1039,0.6,741,0.4,977,0.6,894,0.5,6440,3.7,1810,1.0,1059,0.6,933,0.5,1084,0.6,1554,0.9,3647,2.1,2728,1.6,524,0.3,395,0.2,897,0.5,297,0.2,600,0.3
"Thurrock",157705,100.0,135429,85.9,127587,80.9,1108,0.7,308,0.2,6426,4.1,3099,2.0,1056,0.7,670,0.4,683,0.4,690,0.4,5927,3.8,2234,1.4,534,0.3,682,0.4,828,0.5,1649,1.0,12323,7.8,9742,6.2,1336,0.8,1245,0.8,927,0.6,254,0.2,673,0.4
"Cambridge",123867,100.0,102205,82.5,81742,66.0,1767,1.4,109,0.1,18587,15.0,3944,3.2,728,0.6,470,0.4,1501,1.2,1245,1.0,13618,11.0,3413,2.8,742,0.6,1849,1.5,4454,3.6,3160,2.6,2097,1.7,1300,1.0,598,0.5,199,0.2,2003,1.6,908,0.7,1095,0.9
"East Cambridgeshire",83818,100.0,80673,96.2,75218,89.7,527,0.6,239,0.3,4689,5.6,1182,1.4,230,0.3,185,0.2,370,0.4,397,0.5,1215,1.4,316,0.4,103,0.1,80,0.1,290,0.3,426,0.5,506,0.6,288,0.3,95,0.1,123,0.1,242,0.3,66,0.1,176,0.2
"Fenland",95262,100.0,92631,97.2,86151,90.4,390,0.4,467,0.5,5623,5.9,901,0.9,293,0.3,104,0.1,264,0.3,240,0.3,1075,1.1,372,0.4,65,0.1,65,0.1,215,0.2,358,0.4,497,0.5,216,0.2,186,0.2,95,0.1,158,0.2,11,0.0,147,0.2
"Huntingdonshire",169508,100.0,160691,94.8,151694,89.5,1130,0.7,208,0.1,7659,4.5,2530,1.5,707,0.4,356,0.2,769,0.5,698,0.4,4190,2.5,1119,0.7,998,0.6,351,0.2,575,0.3,1147,0.7,1642,1.0,862,0.5,427,0.3,353,0.2,455,0.3,132,0.1,323,0.2
"South Cambridgeshire",148755,100.0,138787,93.3,129812,87.3,1094,0.7,485,0.3,7396,5.0,2524,1.7,552,0.4,270,0.2,991,0.7,711,0.5,5540,3.7,2210,1.5,465,0.3,217,0.1,1189,0.8,1459,1.0,1268,0.9,760,0.5,341,0.2,167,0.1,636,0.4,253,0.2,383,0.3
"Basildon",174497,100.0,161677,92.7,156215,89.5,1313,0.8,873,0.5,3276,1.9,2887,1.7,1131,0.6,461,0.3,668,0.4,627,0.4,4766,2.7,2089,1.2,436,0.2,322,0.2,584,0.3,1335,0.8,4685,2.7,3339,1.9,931,0.5,415,0.2,482,0.3,112,0.1,370,0.2
"Braintree",147084,100.0,142087,96.6,137010,93.2,1051,0.7,132,0.1,3894,2.6,1837,1.2,554,0.4,221,0.2,596,0.4,466,0.3,1998,1.4,625,0.4,122,0.1,190,0.1,335,0.2,726,0.5,913,0.6,540,0.4,286,0.2,87,0.1,249,0.2,65,0.0,184,0.1
"Brentwood",73601,100.0,68868,93.6,65688,89.2,921,1.3,121,0.2,2138,2.9,1196,1.6,343,0.5,138,0.2,444,0.6,271,0.4,2350,3.2,939,1.3,113,0.2,172,0.2,377,0.5,749,1.0,896,1.2,542,0.7,230,0.3,124,0.2,291,0.4,105,0.1,186,0.3
"Castle Point",88011,100.0,85273,96.9,83943,95.4,527,0.6,17,0.0,786,0.9,911,1.0,346,0.4,104,0.1,264,0.3,197,0.2,1012,1.1,378,0.4,67,0.1,87,0.1,220,0.2,260,0.3,661,0.8,327,0.4,203,0.2,131,0.1,154,0.2,31,0.0,123,0.1
"Chelmsford",168310,100.0,157983,93.9,151990,90.3,1450,0.9,212,0.1,4331,2.6,2646,1.6,854,0.5,342,0.2,844,0.5,606,0.4,4962,2.9,1911,1.1,673,0.4,466,0.3,826,0.5,1086,0.6,2051,1.2,1420,0.8,429,0.3,202,0.1,668,0.4,318,0.2,350,0.2
"Colchester",173074,100.0,159306,92.0,151453,87.5,1155,0.7,79,0.0,6619,3.8,3152,1.8,889,0.5,469,0.3,929,0.5,865,0.5,6355,3.7,1426,0.8,366,0.2,385,0.2,1690,1.0,2488,1.4,2575,1.5,1803,1.0,528,0.3,244,0.1,1686,1.0,978,0.6,708,0.4
"Epping Forest",124659,100.0,112869,90.5,106233,85.2,1427,1.1,176,0.1,5033,4.0,2649,2.1,881,0.7,267,0.2,808,0.6,693,0.6,5922,4.8,3041,2.4,933,0.7,265,0.2,598,0.5,1085,0.9,2404,1.9,1186,1.0,958,0.8,260,0.2,815,0.7,151,0.1,664,0.5
"Harlow",81944,100.0,72999,89.1,68715,83.9,875,1.1,117,0.1,3292,4.0,1752,2.1,654,0.8,308,0.4,389,0.5,401,0.5,3733,4.6,1061,1.3,629,0.8,392,0.5,830,1.0,821,1.0,3090,3.8,2256,2.8,542,0.7,292,0.4,370,0.5,147,0.2,223,0.3
"Maldon",61629,100.0,60429,98.1,59011,95.8,358,0.6,201,0.3,859,1.4,506,0.8,152,0.2,56,0.1,174,0.3,124,0.2,484,0.8,117,0.2,7,0.0,90,0.1,104,0.2,166,0.3,150,0.2,59,0.1,61,0.1,30,0.0,60,0.1,8,0.0,52,0.1
"Rochford",83287,100.0,80937,97.2,79628,95.6,468,0.6,49,0.1,792,1.0,905,1.1,296,0.4,127,0.2,304,0.4,178,0.2,881,1.1,262,0.3,42,0.1,81,0.1,228,0.3,268,0.3,433,0.5,235,0.3,95,0.1,103,0.1,131,0.2,40,0.0,91,0.1
"Tendring",138048,100.0,134667,97.6,131666,95.4,998,0.7,62,0.0,1941,1.4,1467,1.1,595,0.4,176,0.1,371,0.3,325,0.2,1275,0.9,323,0.2,34,0.0,111,0.1,367,0.3,440,0.3,434,0.3,239,0.2,134,0.1,61,0.0,205,0.1,47,0.0,158,0.1
"Uttlesford",79443,100.0,76761,96.6,73325,92.3,622,0.8,122,0.2,2692,3.4,977,1.2,241,0.3,132,0.2,382,0.5,222,0.3,1122,1.4,284,0.4,40,0.1,186,0.2,202,0.3,410,0.5,417,0.5,197,0.2,159,0.2,61,0.1,166,0.2,40,0.1,126,0.2
"Broxbourne",93609,100.0,84530,90.3,75656,80.8,1308,1.4,147,0.2,7419,7.9,2141,2.3,787,0.8,246,0.3,500,0.5,608,0.6,2190,2.3,799,0.9,145,0.2,158,0.2,326,0.3,762,0.8,3957,4.2,2246,2.4,1307,1.4,404,0.4,791,0.8,135,0.1,656,0.7
"Dacorum",144847,100.0,131537,90.8,124537,86.0,1821,1.3,231,0.2,4948,3.4,3075,2.1,983,0.7,393,0.3,978,0.7,721,0.5,6770,4.7,2347,1.6,2007,1.4,287,0.2,784,0.5,1345,0.9,2990,2.1,1982,1.4,740,0.5,268,0.2,475,0.3,165,0.1,310,0.2
"East Hertfordshire",137687,100.0,131456,95.5,124266,90.3,1566,1.1,57,0.0,5567,4.0,2214,1.6,622,0.5,210,0.2,854,0.6,528,0.4,2681,1.9,999,0.7,213,0.2,282,0.2,516,0.4,671,0.5,984,0.7,590,0.4,300,0.2,94,0.1,352,0.3,134,0.1,218,0.2
"Hertsmere",100031,100.0,85063,85.0,75750,75.7,2130,2.1,154,0.2,7029,7.0,2619,2.6,678,0.7,385,0.4,862,0.9,694,0.7,7393,7.4,3723,3.7,454,0.5,232,0.2,918,0.9,2066,2.1,3927,3.9,2990,3.0,558,0.6,379,0.4,1029,1.0,200,0.2,829,0.8
"North Hertfordshire",127114,100.0,113755,89.5,107889,84.9,1398,1.1,33,0.0,4435,3.5,3376,2.7,1481,1.2,309,0.2,912,0.7,674,0.5,6821,5.4,3464,2.7,424,0.3,495,0.4,808,0.6,1630,1.3,2491,2.0,859,0.7,1344,1.1,288,0.2,671,0.5,146,0.1,525,0.4
"St Albans",140664,100.0,124380,88.4,114145,81.1,2514,1.8,165,0.1,7556,5.4,3904,2.8,1019,0.7,397,0.3,1491,1.1,997,0.7,9011,6.4,2210,1.6,1149,0.8,2633,1.9,1149,0.8,1870,1.3,2388,1.7,1203,0.9,911,0.6,274,0.2,981,0.7,459,0.3,522,0.4
"Stevenage",83957,100.0,73598,87.7,69781,83.1,1002,1.2,67,0.1,2748,3.3,2265,2.7,964,1.1,292,0.3,573,0.7,436,0.5,4848,5.8,1626,1.9,489,0.6,536,0.6,635,0.8,1562,1.9,2836,3.4,1915,2.3,678,0.8,243,0.3,410,0.5,132,0.2,278,0.3
"Three Rivers",87317,100.0,75294,86.2,69550,79.7,1747,2.0,79,0.1,3918,4.5,2002,2.3,516,0.6,181,0.2,775,0.9,530,0.6,7993,9.2,5231,6.0,605,0.7,158,0.2,590,0.7,1409,1.6,1610,1.8,864,1.0,598,0.7,148,0.2,418,0.5,128,0.1,290,0.3
"Watford",90301,100.0,64946,71.9,55875,61.9,2063,2.3,61,0.1,6947,7.7,3104,3.4,990,1.1,412,0.5,939,1.0,763,0.8,16170,17.9,4923,5.5,6082,6.7,362,0.4,822,0.9,3981,4.4,5229,5.8,3142,3.5,1558,1.7,529,0.6,852,0.9,294,0.3,558,0.6
"Welwyn Hatfield",110535,100.0,92936,84.1,84557,76.5,1711,1.5,155,0.1,6513,5.9,2797,2.5,859,0.8,425,0.4,819,0.7,694,0.6,8704,7.9,3526,3.2,734,0.7,465,0.4,1914,1.7,2065,1.9,4989,4.5,3931,3.6,719,0.7,339,0.3,1109,1.0,566,0.5,543,0.5
"Breckland",130491,100.0,127116,97.4,119033,91.2,593,0.5,204,0.2,7286,5.6,1562,1.2,379,0.3,313,0.2,388,0.3,482,0.4,1040,0.8,295,0.2,81,0.1,101,0.1,202,0.2,361,0.3,596,0.5,211,0.2,225,0.2,160,0.1,177,0.1,9,0.0,168,0.1
"Broadland",124646,100.0,121795,97.7,119582,95.9,406,0.3,44,0.0,1763,1.4,1064,0.9,267,0.2,165,0.1,389,0.3,243,0.2,1265,1.0,405,0.3,45,0.0,96,0.1,286,0.2,433,0.3,331,0.3,228,0.2,63,0.1,40,0.0,191,0.2,80,0.1,111,0.1
"Great Yarmouth",97277,100.0,94215,96.9,90280,92.8,390,0.4,63,0.1,3482,3.6,1159,1.2,294,0.3,277,0.3,331,0.3,257,0.3,1204,1.2,446,0.5,116,0.1,18,0.0,189,0.2,435,0.4,439,0.5,285,0.3,86,0.1,68,0.1,260,0.3,77,0.1,183,0.2
"King`s Lynn and West Norfolk",147451,100.0,143409,97.3,135955,92.2,605,0.4,255,0.2,6594,4.5,1372,0.9,362,0.2,235,0.2,376,0.3,399,0.3,1863,1.3,668,0.5,134,0.1,51,0.0,386,0.3,624,0.4,561,0.4,319,0.2,118,0.1,124,0.1,246,0.2,74,0.1,172,0.1
"North Norfolk",101499,100.0,100127,98.6,98001,96.6,354,0.3,46,0.0,1726,1.7,617,0.6,194,0.2,76,0.1,197,0.2,150,0.1,531,0.5,112,0.1,5,0.0,67,0.1,141,0.1,206,0.2,157,0.2,67,0.1,73,0.1,17,0.0,67,0.1,10,0.0,57,0.1
"Norwich",132512,100.0,120375,90.8,112237,84.7,874,0.7,127,0.1,7137,5.4,3039,2.3,684,0.5,660,0.5,876,0.7,819,0.6,5844,4.4,1684,1.3,255,0.2,540,0.4,1679,1.3,1686,1.3,2147,1.6,1727,1.3,272,0.2,148,0.1,1107,0.8,643,0.5,464,0.4
"South Norfolk",124012,100.0,120981,97.6,117998,95.2,455,0.4,183,0.1,2345,1.9,1214,1.0,313,0.3,179,0.1,422,0.3,300,0.2,1270,1.0,433,0.3,64,0.1,60,0.0,325,0.3,388,0.3,378,0.3,259,0.2,68,0.1,51,0.0,169,0.1,70,0.1,99,0.1
"Babergh",87740,100.0,85845,97.8,83666,95.4,486,0.6,51,0.1,1642,1.9,827,0.9,306,0.3,92,0.1,216,0.2,213,0.2,666,0.8,180,0.2,9,0.0,65,0.1,161,0.2,251,0.3,264,0.3,133,0.2,89,0.1,42,0.0,138,0.2,10,0.0,128,0.1
"Forest Heath",59748,100.0,54907,91.9,46142,77.2,583,1.0,108,0.2,8074,13.5,1744,2.9,267,0.4,274,0.5,402,0.7,801,1.3,1263,2.1,300,0.5,135,0.2,96,0.2,105,0.2,627,1.0,1296,2.2,373,0.6,173,0.3,750,1.3,538,0.9,12,0.0,526,0.9
"Ipswich",133384,100.0,118596,88.9,110624,82.9,610,0.5,149,0.1,7213,5.4,4816,3.6,2579,1.9,655,0.5,637,0.5,945,0.7,5740,4.3,1801,1.4,242,0.2,1687,1.3,666,0.5,1344,1.0,3096,2.3,1025,0.8,1554,1.2,517,0.4,1136,0.9,151,0.1,985,0.7
"Mid Suffolk",96731,100.0,94667,97.9,92747,95.9,345,0.4,76,0.1,1499,1.5,953,1.0,311,0.3,120,0.1,298,0.3,224,0.2,647,0.7,170,0.2,17,0.0,38,0.0,158,0.2,264,0.3,371,0.4,164,0.2,126,0.1,81,0.1,93,0.1,7,0.0,86,0.1
"St Edmundsbury",111008,100.0,106615,96.0,101239,91.2,728,0.7,78,0.1,4570,4.1,1404,1.3,412,0.4,222,0.2,420,0.4,350,0.3,1824,1.6,599,0.5,123,0.1,126,0.1,298,0.3,678,0.6,902,0.8,452,0.4,259,0.2,191,0.2,263,0.2,74,0.1,189,0.2
"Suffolk Coastal",124298,100.0,119976,96.5,116655,93.9,585,0.5,51,0.0,2685,2.2,1513,1.2,471,0.4,222,0.2,473,0.4,347,0.3,2032,1.6,769,0.6,115,0.1,145,0.1,463,0.4,540,0.4,556,0.4,269,0.2,208,0.2,79,0.1,221,0.2,57,0.0,164,0.1
"Waveney",115254,100.0,112589,97.7,110385,95.8,407,0.4,91,0.1,1706,1.5,1215,1.1,387,0.3,200,0.2,341,0.3,287,0.2,959,0.8,180,0.2,56,0.0,96,0.1,308,0.3,319,0.3,369,0.3,208,0.2,100,0.1,61,0.1,122,0.1,9,0.0,113,0.1
"Camden",220338,100.0,146055,66.3,96937,44.0,7053,3.2,167,0.1,41898,19.0,12322,5.6,2494,1.1,1800,0.8,3880,1.8,4148,1.9,35446,16.1,6083,2.8,1489,0.7,12503,5.7,6493,2.9,8878,4.0,18060,8.2,10802,4.9,3496,1.6,3762,1.7,8455,3.8,3432,1.6,5023,2.3
"City of London",7375,100.0,5799,78.6,4243,57.5,180,2.4,3,0.0,1373,18.6,289,3.9,38,0.5,37,0.5,111,1.5,103,1.4,940,12.7,216,2.9,16,0.2,232,3.1,263,3.6,213,2.9,193,2.6,98,1.3,46,0.6,49,0.7,154,2.1,69,0.9,85,1.2
"Hackney",246270,100.0,134617,54.7,89030,36.2,5216,2.1,474,0.2,39897,16.2,15869,6.4,4989,2.0,2866,1.2,3020,1.2,4994,2.0,25867,10.5,7599,3.1,1905,0.8,6180,2.5,3436,1.4,6747,2.7,56858,23.1,27976,11.4,19168,7.8,9714,3.9,13059,5.3,1721,0.7,11338,4.6
"Hammersmith and Fulham",182493,100.0,124222,68.1,81989,44.9,6321,3.5,217,0.1,35695,19.6,10044,5.5,2769,1.5,1495,0.8,2649,1.5,3131,1.7,16635,9.1,3451,1.9,1612,0.9,1056,0.6,3140,1.7,7376,4.0,21505,11.8,10552,5.8,7111,3.9,3842,2.1,10087,5.5,5228,2.9,4859,2.7
"Haringey",254926,100.0,154343,60.5,88424,34.7,6997,2.7,370,0.1,58552,23.0,16548,6.5,4856,1.9,2609,1.0,3738,1.5,5345,2.1,24150,9.5,5945,2.3,1920,0.8,4417,1.7,3744,1.5,8124,3.2,47830,18.8,23037,9.0,18087,7.1,6706,2.6,12055,4.7,2229,0.9,9826,3.9
"Islington",206125,100.0,140515,68.2,98322,47.7,8140,3.9,163,0.1,33890,16.4,13339,6.5,4236,2.1,1912,0.9,2964,1.4,4227,2.1,19034,9.2,3534,1.7,951,0.5,4662,2.3,4457,2.2,5430,2.6,26294,12.8,12622,6.1,7943,3.9,5729,2.8,6943,3.4,1893,0.9,5050,2.4
"Kensington and Chelsea",158649,100.0,112017,70.6,62271,39.3,3715,2.3,119,0.1,45912,28.9,8986,5.7,1695,1.1,1148,0.7,3021,1.9,3122,2.0,15861,10.0,2577,1.6,911,0.6,836,0.5,3968,2.5,7569,4.8,10333,6.5,5536,3.5,3257,2.1,1540,1.0,11452,7.2,6455,4.1,4997,3.1
"Lambeth",303086,100.0,173025,57.1,118250,39.0,7456,2.5,195,0.1,47124,15.5,23160,7.6,8302,2.7,4301,1.4,3574,1.2,6983,2.3,20938,6.9,4983,1.6,3072,1.0,2221,0.7,4573,1.5,6089,2.0,78542,25.9,35187,11.6,28886,9.5,14469,4.8,7421,2.4,1728,0.6,5693,1.9
"Lewisham",275885,100.0,147686,53.5,114446,41.5,5206,1.9,208,0.1,27826,10.1,20472,7.4,8539,3.1,3559,1.3,3045,1.1,5329,1.9,25534,9.3,4600,1.7,1596,0.6,1388,0.5,6164,2.2,11786,4.3,74942,27.2,32025,11.6,30854,11.2,12063,4.4,7251,2.6,1456,0.5,5795,2.1
"Newham",307984,100.0,89216,29.0,51516,16.7,2172,0.7,462,0.2,35066,11.4,13945,4.5,3957,1.3,3319,1.1,2677,0.9,3992,1.3,133895,43.5,42484,13.8,30307,9.8,37262,12.1,3930,1.3,19912,6.5,60256,19.6,37811,12.3,15050,4.9,7395,2.4,10672,3.5,3523,1.1,7149,2.3
"Southwark",288283,100.0,156349,54.2,114534,39.7,6222,2.2,263,0.1,35330,12.3,17778,6.2,5677,2.0,3687,1.3,3003,1.0,5411,1.9,27192,9.4,5819,2.0,1623,0.6,3912,1.4,8074,2.8,7764,2.7,77511,26.9,47413,16.4,17974,6.2,12124,4.2,9453,3.3,2440,0.8,7013,2.4
"Tower Hamlets",254096,100.0,114819,45.2,79231,31.2,3863,1.5,175,0.1,31550,12.4,10360,4.1,2837,1.1,1509,0.6,2961,1.2,3053,1.2,104501,41.1,6787,2.7,2442,1.0,81377,32.0,8109,3.2,5786,2.3,18629,7.3,9495,3.7,5341,2.1,3793,1.5,5787,2.3,2573,1.0,3214,1.3
"Wandsworth",306995,100.0,219216,71.4,163739,53.3,7664,2.5,163,0.1,47650,15.5,15241,5.0,4642,1.5,2034,0.7,3887,1.3,4678,1.5,33338,10.9,8642,2.8,9718,3.2,1493,0.5,3715,1.2,9770,3.2,32756,10.7,14818,4.8,12297,4.0,5641,1.8,6444,2.1,2350,0.8,4094,1.3
"Westminster",219396,100.0,135330,61.7,77334,35.2,4960,2.3,76,0.0,52960,24.1,11395,5.2,1869,0.9,1927,0.9,3584,1.6,4015,1.8,31862,14.5,7213,3.3,2328,1.1,6299,2.9,5917,2.7,10105,4.6,16472,7.5,9141,4.2,4449,2.0,2882,1.3,24337,11.1,15724,7.2,8613,3.9
"Barking and Dagenham",185911,100.0,108386,58.3,91949,49.5,1730,0.9,182,0.1,14525,7.8,7878,4.2,2669,1.4,2128,1.1,1246,0.7,1835,1.0,29594,15.9,7436,4.0,8007,4.3,7701,4.1,1315,0.7,5135,2.8,37140,20.0,28685,15.4,5227,2.8,3228,1.7,2913,1.6,973,0.5,1940,1.0
"Barnet",356386,100.0,228553,64.1,162117,45.5,8685,2.4,151,0.0,57600,16.2,17169,4.8,3097,0.9,3112,0.9,5882,1.7,5078,1.4,65918,18.5,27920,7.8,5344,1.5,2215,0.6,8259,2.3,22180,6.2,27431,7.7,19392,5.4,4468,1.3,3571,1.0,17315,4.9,5210,1.5,12105,3.4
"Bexley",231997,100.0,189962,81.9,179250,77.3,2596,1.1,624,0.3,7492,3.2,5395,2.3,1676,0.7,983,0.4,1369,0.6,1367,0.6,15243,6.6,7047,3.0,730,0.3,777,0.3,2514,1.1,4175,1.8,19624,8.5,15952,6.9,2381,1.0,1291,0.6,1773,0.8,303,0.1,1470,0.6
"Brent",311215,100.0,112880,36.3,55887,18.0,12320,4.0,320,0.1,44353,14.3,15775,5.1,4291,1.4,2820,0.9,3642,1.2,5022,1.6,105986,34.1,58017,18.6,14381,4.6,1749,0.6,3250,1.0,28589,9.2,58632,18.8,24391,7.8,23723,7.6,10518,3.4,17942,5.8,11430,3.7,6512,2.1
"Bromley",309392,100.0,260870,84.3,239478,77.4,4463,1.4,580,0.2,16349,5.3,10897,3.5,3897,1.3,1335,0.4,3016,1.0,2649,0.9,16067,5.2,6215,2.0,1014,0.3,1265,0.4,2768,0.9,4805,1.6,18686,6.0,9819,3.2,6609,2.1,2258,0.7,2872,0.9,870,0.3,2002,0.6
"Croydon",363378,100.0,200195,55.1,171740,47.3,5369,1.5,234,0.1,22852,6.3,23895,6.6,9650,2.7,3279,0.9,5140,1.4,5826,1.6,59627,16.4,24660,6.8,10865,3.0,2570,0.7,3925,1.1,17607,4.8,73256,20.2,28981,8.0,31320,8.6,12955,3.6,6405,1.8,1701,0.5,4704,1.3
"Ealing",338449,100.0,165818,49.0,103035,30.4,10428,3.1,300,0.1,52055,15.4,15066,4.5,3939,1.2,1989,0.6,4653,1.4,4485,1.3,100439,29.7,48240,14.3,14711,4.3,1786,0.5,4132,1.2,31570,9.3,36860,10.9,17299,5.1,13192,3.9,6369,1.9,20266,6.0,9804,2.9,10462,3.1
"Enfield",312466,100.0,190640,61.0,126450,40.5,6899,2.2,344,0.1,56947,18.2,17183,5.5,4852,1.6,2384,0.8,4189,1.3,5758,1.8,34893,11.2,11648,3.7,2594,0.8,5599,1.8,2588,0.8,12464,4.0,53687,17.2,28222,9.0,17334,5.5,8131,2.6,16063,5.1,1930,0.6,14133,4.5
"Greenwich",254557,100.0,159002,62.5,133130,52.3,4291,1.7,430,0.2,21151,8.3,12274,4.8,4011,1.6,2699,1.1,2361,0.9,3203,1.3,29894,11.7,7836,3.1,2594,1.0,1645,0.6,5061,2.0,12758,5.0,48655,19.1,35164,13.8,8051,3.2,5440,2.1,4732,1.9,1069,0.4,3663,1.4
"Harrow",239056,100.0,100991,42.2,73826,30.9,7336,3.1,181,0.1,19648,8.2,9499,4.0,2344,1.0,1053,0.4,3417,1.4,2685,1.1,101808,42.6,63051,26.4,7797,3.3,1378,0.6,2629,1.1,26953,11.3,19708,8.2,8526,3.6,6812,2.8,4370,1.8,7050,2.9,3708,1.6,3342,1.4
"Havering",237232,100.0,207949,87.7,197615,83.3,2989,1.3,160,0.1,7185,3.0,4933,2.1,1970,0.8,712,0.3,1154,0.5,1097,0.5,11545,4.9,5017,2.1,1492,0.6,975,0.4,1459,0.6,2602,1.1,11481,4.8,7581,3.2,2885,1.2,1015,0.4,1324,0.6,311,0.1,1013,0.4
"Hillingdon",273936,100.0,166031,60.6,142916,52.2,5949,2.2,344,0.1,16822,6.1,10479,3.8,2719,1.0,1409,0.5,3602,1.3,2749,1.0,69253,25.3,36795,13.4,9200,3.4,2639,1.0,2889,1.1,17730,6.5,20082,7.3,11275,4.1,4615,1.7,4192,1.5,8091,3.0,2925,1.1,5166,1.9
"Hounslow",253957,100.0,130505,51.4,96264,37.9,4775,1.9,183,0.1,29283,11.5,10349,4.1,2273,0.9,1730,0.7,3390,1.3,2956,1.2,87257,34.4,48161,19.0,13676,5.4,2189,0.9,2405,0.9,20826,8.2,16813,6.6,10787,4.2,3381,1.3,2645,1.0,9033,3.6,3638,1.4,5395,2.1
"Kingston upon Thames",160060,100.0,119219,74.5,101015,63.1,2718,1.7,95,0.1,15391,9.6,6269,3.9,1238,0.8,700,0.4,2500,1.6,1831,1.1,26152,16.3,6325,4.0,3009,1.9,892,0.6,2883,1.8,13043,8.1,4021,2.5,2616,1.6,1027,0.6,378,0.2,4399,2.7,2439,1.5,1960,1.2
"Merton",199693,100.0,129606,64.9,96658,48.4,4417,2.2,216,0.1,28315,14.2,9334,4.7,2579,1.3,1279,0.6,2829,1.4,2647,1.3,36143,18.1,8106,4.1,7337,3.7,2216,1.1,2618,1.3,15866,7.9,20811,10.4,10442,5.2,8126,4.1,2243,1.1,3799,1.9,1413,0.7,2386,1.2
"Redbridge",278970,100.0,118646,42.5,96253,34.5,3900,1.4,140,0.1,18353,6.6,11456,4.1,3204,1.1,1692,0.6,3251,1.2,3309,1.2,116503,41.8,45660,16.4,31051,11.1,16011,5.7,3000,1.1,20781,7.4,24845,8.9,12357,4.4,9064,3.2,3424,1.2,7520,2.7,1551,0.6,5969,2.1
"Richmond upon Thames",186990,100.0,160725,86.0,133582,71.4,4766,2.5,95,0.1,22282,11.9,6780,3.6,1250,0.7,731,0.4,2857,1.5,1942,1.0,13607,7.3,5202,2.8,1163,0.6,867,0.5,1753,0.9,4622,2.5,2816,1.5,1643,0.9,840,0.4,333,0.2,3062,1.6,1172,0.6,1890,1.0
"Sutton",190146,100.0,149449,78.6,134854,70.9,3219,1.7,193,0.1,11183,5.9,7134,3.8,2298,1.2,838,0.4,2286,1.2,1712,0.9,22035,11.6,6454,3.4,2595,1.4,1183,0.6,2240,1.2,9563,5.0,9120,4.8,5471,2.9,2742,1.4,907,0.5,2408,1.3,976,0.5,1432,0.8
"Waltham Forest",258249,100.0,134799,52.2,92999,36.0,3959,1.5,369,0.1,37472,14.5,13766,5.3,4568,1.8,2403,0.9,2602,1.0,4193,1.6,54389,21.1,9134,3.5,26347,10.2,4632,1.8,2579,1.0,11697,4.5,44791,17.3,18815,7.3,18841,7.3,7135,2.8,10504,4.1,3776,1.5,6728,2.6
"Bracknell Forest",113205,100.0,102554,90.6,96080,84.9,984,0.9,118,0.1,5372,4.7,2303,2.0,656,0.6,297,0.3,808,0.7,542,0.5,5664,5.0,1989,1.8,518,0.5,134,0.1,556,0.5,2467,2.2,2189,1.9,1586,1.4,402,0.4,201,0.2,495,0.4,201,0.2,294,0.3
"Brighton and Hove",273369,100.0,243512,89.1,220018,80.5,3772,1.4,198,0.1,19524,7.1,10408,3.8,2182,0.8,2019,0.7,3351,1.2,2856,1.0,11278,4.1,2996,1.1,649,0.2,1367,0.5,2999,1.1,3267,1.2,4188,1.5,2893,1.1,879,0.3,416,0.2,3983,1.5,2184,0.8,1799,0.7
"Isle of Wight",138265,100.0,134545,97.3,131099,94.8,747,0.5,94,0.1,2605,1.9,1709,1.2,507,0.4,123,0.1,738,0.5,341,0.2,1514,1.1,435,0.3,80,0.1,131,0.1,219,0.2,649,0.5,303,0.2,141,0.1,115,0.1,47,0.0,194,0.1,52,0.0,142,0.1
"Medway",263925,100.0,236579,89.6,225654,85.5,1946,0.7,510,0.2,8469,3.2,5176,2.0,1730,0.7,735,0.3,1546,0.6,1165,0.4,13615,5.2,7132,2.7,1516,0.6,1304,0.5,1065,0.4,2598,1.0,6663,2.5,4742,1.8,1428,0.5,493,0.2,1892,0.7,517,0.2,1375,0.5
"Milton Keynes",248821,100.0,199094,80.0,183934,73.9,2498,1.0,72,0.0,12590,5.1,8235,3.3,2243,0.9,1597,0.6,2228,0.9,2167,0.9,22782,9.2,8106,3.3,3851,1.5,1989,0.8,2722,1.1,6114,2.5,17131,6.9,13058,5.2,2524,1.0,1549,0.6,1579,0.6,565,0.2,1014,0.4
"Portsmouth",205056,100.0,181182,88.4,172313,84.0,1071,0.5,85,0.0,7713,3.8,5467,2.7,1103,0.5,935,0.5,2381,1.2,1048,0.5,12474,6.1,2911,1.4,539,0.3,3649,1.8,2611,1.3,2764,1.3,3777,1.8,2958,1.4,540,0.3,279,0.1,2156,1.1,1078,0.5,1078,0.5
"Reading",155698,100.0,116387,74.8,101725,65.3,2269,1.5,90,0.1,12303,7.9,6180,4.0,2718,1.7,802,0.5,1428,0.9,1232,0.8,21161,13.6,6514,4.2,6967,4.5,695,0.4,1603,1.0,5382,3.5,10470,6.7,6087,3.9,3279,2.1,1104,0.7,1500,1.0,680,0.4,820,0.5
"Slough",140205,100.0,64053,45.7,48401,34.5,1607,1.1,220,0.2,13825,9.9,4758,3.4,1667,1.2,607,0.4,1429,1.0,1055,0.8,55697,39.7,21922,15.6,24869,17.7,549,0.4,797,0.6,7560,5.4,12115,8.6,7548,5.4,3096,2.2,1471,1.0,3582,2.6,928,0.7,2654,1.9
"Southampton",236882,100.0,203528,85.9,183980,77.7,1746,0.7,341,0.1,17461,7.4,5678,2.4,1678,0.7,941,0.4,1796,0.8,1263,0.5,19892,8.4,6742,2.8,3019,1.3,1401,0.6,3449,1.5,5281,2.2,5067,2.1,3508,1.5,1132,0.5,427,0.2,2717,1.1,1312,0.6,1405,0.6
"West Berkshire",153822,100.0,145854,94.8,139044,90.4,1284,0.8,164,0.1,5362,3.5,2420,1.6,776,0.5,262,0.2,831,0.5,551,0.4,3808,2.5,1675,1.1,473,0.3,225,0.1,659,0.4,776,0.5,1376,0.9,701,0.5,514,0.3,161,0.1,364,0.2,139,0.1,225,0.1
"Windsor and Maidenhead",144560,100.0,124505,86.1,112081,77.5,2055,1.4,219,0.2,10150,7.0,3315,2.3,679,0.5,358,0.2,1399,1.0,879,0.6,13848,9.6,5860,4.1,4238,2.9,393,0.3,1071,0.7,2286,1.6,1725,1.2,1039,0.7,473,0.3,213,0.1,1167,0.8,379,0.3,788,0.5
"Wokingham",154380,100.0,136525,88.4,129119,83.6,1367,0.9,291,0.2,5748,3.7,3182,2.1,890,0.6,337,0.2,1273,0.8,682,0.4,11438,7.4,5331,3.5,2865,1.9,222,0.1,1203,0.8,1817,1.2,2093,1.4,1203,0.8,712,0.5,178,0.1,1142,0.7,500,0.3,642,0.4
"Aylesbury Vale",174137,100.0,156079,89.6,148360,85.2,1573,0.9,134,0.1,6012,3.5,3864,2.2,1518,0.9,461,0.3,1077,0.6,808,0.5,10105,5.8,1872,1.1,5408,3.1,201,0.1,636,0.4,1988,1.1,3323,1.9,1676,1.0,1302,0.7,345,0.2,766,0.4,339,0.2,427,0.2
"Chiltern",92635,100.0,84749,91.5,79579,85.9,1118,1.2,121,0.1,3931,4.2,2040,2.2,380,0.4,190,0.2,998,1.1,472,0.5,5046,5.4,1799,1.9,1772,1.9,120,0.1,442,0.5,913,1.0,524,0.6,258,0.3,213,0.2,53,0.1,276,0.3,58,0.1,218,0.2
"South Bucks",66867,100.0,56365,84.3,51541,77.1,1133,1.7,256,0.4,3435,5.1,1607,2.4,416,0.6,119,0.2,720,1.1,352,0.5,7533,11.3,4758,7.1,965,1.4,171,0.3,527,0.8,1112,1.7,709,1.1,354,0.5,278,0.4,77,0.1,653,1.0,174,0.3,479,0.7
"Wycombe",171644,100.0,139477,81.3,130313,75.9,1553,0.9,103,0.1,7508,4.4,4849,2.8,2259,1.3,328,0.2,1330,0.8,932,0.5,20585,12.0,2939,1.7,13091,7.6,597,0.3,949,0.6,3009,1.8,5934,3.5,1744,1.0,3382,2.0,808,0.5,799,0.5,282,0.2,517,0.3
"Eastbourne",99412,100.0,93508,94.1,86903,87.4,978,1.0,66,0.1,5561,5.6,1791,1.8,434,0.4,302,0.3,572,0.6,483,0.5,2795,2.8,671,0.7,107,0.1,287,0.3,621,0.6,1109,1.1,783,0.8,517,0.5,159,0.2,107,0.1,535,0.5,229,0.2,306,0.3
"Hastings",90254,100.0,84631,93.8,80624,89.3,702,0.8,150,0.2,3155,3.5,1948,2.2,595,0.7,277,0.3,585,0.6,491,0.5,2126,2.4,487,0.5,78,0.1,276,0.3,366,0.4,919,1.0,1065,1.2,639,0.7,303,0.3,123,0.1,484,0.5,161,0.2,323,0.4
"Lewes",97502,100.0,94159,96.6,90218,92.5,757,0.8,97,0.1,3087,3.2,1275,1.3,325,0.3,155,0.2,460,0.5,335,0.3,1400,1.4,360,0.4,64,0.1,153,0.2,316,0.3,507,0.5,416,0.4,248,0.3,123,0.1,45,0.0,252,0.3,97,0.1,155,0.2
"Rother",90588,100.0,87951,97.1,85279,94.1,596,0.7,134,0.1,1942,2.1,1031,1.1,267,0.3,107,0.1,405,0.4,252,0.3,1103,1.2,276,0.3,16,0.0,109,0.1,217,0.2,485,0.5,305,0.3,181,0.2,76,0.1,48,0.1,198,0.2,72,0.1,126,0.1
"Wealden",148915,100.0,145173,97.5,139745,93.8,933,0.6,368,0.2,4127,2.8,1428,1.0,326,0.2,182,0.1,562,0.4,358,0.2,1719,1.2,459,0.3,52,0.0,217,0.1,411,0.3,580,0.4,343,0.2,215,0.1,110,0.1,18,0.0,252,0.2,79,0.1,173,0.1
"Basingstoke and Deane",167799,100.0,155888,92.9,148078,88.2,1324,0.8,163,0.1,6323,3.8,2813,1.7,1047,0.6,318,0.2,863,0.5,585,0.3,6715,4.0,2437,1.5,389,0.2,330,0.2,1221,0.7,2338,1.4,1909,1.1,1259,0.8,470,0.3,180,0.1,474,0.3,138,0.1,336,0.2
"East Hampshire",115608,100.0,111635,96.6,107568,93.0,656,0.6,267,0.2,3144,2.7,1305,1.1,312,0.3,153,0.1,513,0.4,327,0.3,1859,1.6,481,0.4,31,0.0,165,0.1,316,0.3,866,0.7,517,0.4,396,0.3,81,0.1,40,0.0,292,0.3,141,0.1,151,0.1
"Eastleigh",125199,100.0,118537,94.7,114873,91.8,602,0.5,191,0.2,2871,2.3,1740,1.4,391,0.3,254,0.2,652,0.5,443,0.4,3740,3.0,1954,1.6,160,0.1,294,0.2,625,0.5,707,0.6,605,0.5,430,0.3,129,0.1,46,0.0,577,0.5,201,0.2,376,0.3
"Fareham",111581,100.0,107959,96.8,105663,94.7,475,0.4,85,0.1,1736,1.6,1359,1.2,301,0.3,150,0.1,657,0.6,251,0.2,1667,1.5,663,0.6,77,0.1,125,0.1,467,0.4,335,0.3,357,0.3,215,0.2,109,0.1,33,0.0,239,0.2,106,0.1,133,0.1
"Gosport",82622,100.0,79685,96.4,78001,94.4,313,0.4,32,0.0,1339,1.6,1066,1.3,272,0.3,142,0.2,426,0.5,226,0.3,1073,1.3,428,0.5,31,0.0,149,0.2,214,0.3,251,0.3,592,0.7,321,0.4,183,0.2,88,0.1,206,0.2,48,0.1,158,0.2
"Hart",91033,100.0,86355,94.9,82534,90.7,642,0.7,273,0.3,2906,3.2,1457,1.6,311,0.3,152,0.2,685,0.8,309,0.3,2448,2.7,880,1.0,141,0.2,136,0.1,435,0.5,856,0.9,506,0.6,266,0.3,178,0.2,62,0.1,267,0.3,100,0.1,167,0.2
"Havant",120684,100.0,117162,97.1,114919,95.2,532,0.4,64,0.1,1647,1.4,1514,1.3,404,0.3,215,0.2,588,0.5,307,0.3,1427,1.2,504,0.4,72,0.1,155,0.1,313,0.3,383,0.3,388,0.3,252,0.2,55,0.0,81,0.1,193,0.2,73,0.1,120,0.1
"New Forest",176462,100.0,172160,97.6,167445,94.9,829,0.5,423,0.2,3463,2.0,1620,0.9,439,0.2,188,0.1,603,0.3,390,0.2,1665,0.9,472,0.3,34,0.0,195,0.1,338,0.2,626,0.4,612,0.3,328,0.2,141,0.1,143,0.1,405,0.2,72,0.0,333,0.2
"Rushmoor",93807,100.0,79520,84.8,75511,80.5,718,0.8,155,0.2,3136,3.3,2057,2.2,624,0.7,342,0.4,644,0.7,447,0.5,9755,10.4,1310,1.4,635,0.7,206,0.2,497,0.5,7107,7.6,1868,2.0,1115,1.2,538,0.6,215,0.2,607,0.6,134,0.1,473,0.5
"Test Valley",116398,100.0,111645,95.9,107743,92.6,537,0.5,153,0.1,3212,2.8,1494,1.3,378,0.3,246,0.2,565,0.5,305,0.3,2368,2.0,937,0.8,141,0.1,166,0.1,434,0.4,690,0.6,487,0.4,258,0.2,149,0.1,80,0.1,404,0.3,139,0.1,265,0.2
"Winchester",116595,100.0,111577,95.7,107070,91.8,733,0.6,263,0.2,3511,3.0,1626,1.4,321,0.3,180,0.2,684,0.6,441,0.4,2639,2.3,665,0.6,92,0.1,222,0.2,745,0.6,915,0.8,457,0.4,250,0.2,147,0.1,60,0.1,296,0.3,110,0.1,186,0.2
"Ashford",117956,100.0,110520,93.7,105498,89.4,753,0.6,531,0.5,3738,3.2,1682,1.4,544,0.5,235,0.2,507,0.4,396,0.3,3991,3.4,958,0.8,161,0.1,185,0.2,431,0.4,2256,1.9,1375,1.2,948,0.8,327,0.3,100,0.1,388,0.3,87,0.1,301,0.3
"Canterbury",151145,100.0,140620,93.0,132269,87.5,1260,0.8,374,0.2,6717,4.4,2551,1.7,680,0.4,305,0.2,897,0.6,669,0.4,5135,3.4,1448,1.0,306,0.2,251,0.2,1436,1.0,1694,1.1,1937,1.3,1338,0.9,437,0.3,162,0.1,902,0.6,405,0.3,497,0.3
"Dartford",97365,100.0,85070,87.4,80466,82.6,767,0.8,244,0.3,3593,3.7,2161,2.2,620,0.6,346,0.4,693,0.7,502,0.5,5799,6.0,2670,2.7,179,0.2,431,0.4,538,0.6,1981,2.0,3578,3.7,2814,2.9,497,0.5,267,0.3,757,0.8,179,0.2,578,0.6
"Dover",111674,100.0,107966,96.7,103848,93.0,572,0.5,234,0.2,3312,3.0,1029,0.9,281,0.3,133,0.1,360,0.3,255,0.2,2031,1.8,397,0.4,40,0.0,151,0.1,274,0.2,1169,1.0,386,0.3,265,0.2,85,0.1,36,0.0,262,0.2,65,0.1,197,0.2
"Gravesham",101720,100.0,84226,82.8,78422,77.1,791,0.8,320,0.3,4693,4.6,2066,2.0,564,0.6,359,0.4,627,0.6,516,0.5,10604,10.4,7538,7.4,550,0.5,477,0.5,326,0.3,1713,1.7,2885,2.8,2226,2.2,456,0.4,203,0.2,1939,1.9,94,0.1,1845,1.8
"Maidstone",155143,100.0,145996,94.1,138235,89.1,955,0.6,838,0.5,5968,3.8,2345,1.5,625,0.4,319,0.2,841,0.5,560,0.4,4943,3.2,1226,0.8,340,0.2,381,0.2,461,0.3,2535,1.6,1380,0.9,867,0.6,356,0.2,157,0.1,479,0.3,140,0.1,339,0.2
"Sevenoaks",114893,100.0,110029,95.8,104538,91.0,950,0.8,391,0.3,4150,3.6,1675,1.5,424,0.4,176,0.2,682,0.6,393,0.3,2085,1.8,712,0.6,106,0.1,146,0.1,500,0.4,621,0.5,853,0.7,569,0.5,204,0.2,80,0.1,251,0.2,84,0.1,167,0.1
"Shepway",107969,100.0,102215,94.7,98029,90.8,745,0.7,164,0.2,3277,3.0,1267,1.2,387,0.4,149,0.1,420,0.4,311,0.3,3699,3.4,413,0.4,93,0.1,226,0.2,281,0.3,2686,2.5,458,0.4,277,0.3,130,0.1,51,0.0,330,0.3,64,0.1,266,0.2
"Swale",135835,100.0,131155,96.6,126130,92.9,780,0.6,730,0.5,3515,2.6,1575,1.2,533,0.4,225,0.2,441,0.3,376,0.3,1489,1.1,545,0.4,107,0.1,206,0.2,233,0.2,398,0.3,1395,1.0,993,0.7,277,0.2,125,0.1,221,0.2,47,0.0,174,0.1
"Thanet",134186,100.0,128194,95.5,121346,90.4,1026,0.8,187,0.1,5635,4.2,2186,1.6,720,0.5,329,0.2,598,0.4,539,0.4,2504,1.9,738,0.5,184,0.1,178,0.1,450,0.3,954,0.7,910,0.7,585,0.4,239,0.2,86,0.1,392,0.3,118,0.1,274,0.2
"Tonbridge and Malling",120805,100.0,115872,95.9,111662,92.4,760,0.6,350,0.3,3100,2.6,1677,1.4,474,0.4,199,0.2,667,0.6,337,0.3,2431,2.0,755,0.6,165,0.1,236,0.2,496,0.4,779,0.6,421,0.3,222,0.2,143,0.1,56,0.0,404,0.3,130,0.1,274,0.2
"Tunbridge Wells",115049,100.0,109239,94.9,103115,89.6,880,0.8,322,0.3,4922,4.3,1893,1.6,414,0.4,222,0.2,787,0.7,470,0.4,2903,2.5,736,0.6,175,0.2,513,0.4,552,0.5,927,0.8,638,0.6,419,0.4,142,0.1,77,0.1,376,0.3,122,0.1,254,0.2
"Cherwell",141868,100.0,130761,92.2,122491,86.3,1104,0.8,105,0.1,7061,5.0,2560,1.8,835,0.6,370,0.3,729,0.5,626,0.4,6039,4.3,1681,1.2,2382,1.7,184,0.1,657,0.5,1135,0.8,1961,1.4,1040,0.7,600,0.4,321,0.2,547,0.4,145,0.1,402,0.3
"Oxford",151906,100.0,117957,77.7,96633,63.6,2431,1.6,92,0.1,18801,12.4,6035,4.0,1721,1.1,703,0.5,2008,1.3,1603,1.1,18827,12.4,4449,2.9,4825,3.2,1791,1.2,3559,2.3,4203,2.8,7028,4.6,4456,2.9,1874,1.2,698,0.5,2059,1.4,922,0.6,1137,0.7
"South Oxfordshire",134257,100.0,128993,96.1,122083,90.9,1092,0.8,135,0.1,5683,4.2,1801,1.3,506,0.4,168,0.1,690,0.5,437,0.3,2405,1.8,814,0.6,194,0.1,179,0.1,443,0.3,775,0.6,768,0.6,445,0.3,241,0.2,82,0.1,290,0.2,89,0.1,201,0.1
"Vale of White Horse",120988,100.0,114824,94.9,108599,89.8,956,0.8,109,0.1,5160,4.3,1574,1.3,377,0.3,180,0.1,621,0.5,396,0.3,2962,2.4,842,0.7,350,0.3,185,0.2,649,0.5,936,0.8,1230,1.0,828,0.7,246,0.2,156,0.1,398,0.3,149,0.1,249,0.2
"West Oxfordshire",104779,100.0,101469,96.8,96995,92.6,708,0.7,182,0.2,3584,3.4,1263,1.2,320,0.3,136,0.1,473,0.5,334,0.3,1424,1.4,354,0.3,95,0.1,152,0.1,310,0.3,513,0.5,437,0.4,270,0.3,109,0.1,58,0.1,186,0.2,53,0.1,133,0.1
"Elmbridge",130875,100.0,118123,90.3,104508,79.9,2072,1.6,153,0.1,11390,8.7,3411,2.6,521,0.4,347,0.3,1550,1.2,993,0.8,7075,5.4,2489,1.9,555,0.4,504,0.4,1143,0.9,2384,1.8,1010,0.8,620,0.5,272,0.2,118,0.1,1256,1.0,597,0.5,659,0.5
"Epsom and Ewell",75102,100.0,64502,85.9,59049,78.6,1142,1.5,132,0.2,4179,5.6,1922,2.6,406,0.5,223,0.3,758,1.0,535,0.7,6484,8.6,1828,2.4,667,0.9,325,0.4,922,1.2,2742,3.7,1128,1.5,679,0.9,304,0.4,145,0.2,1066,1.4,538,0.7,528,0.7
"Guildford",137183,100.0,124707,90.9,114510,83.5,1193,0.9,491,0.4,8513,6.2,2501,1.8,432,0.3,288,0.2,1077,0.8,704,0.5,6616,4.8,1661,1.2,487,0.4,320,0.2,1884,1.4,2264,1.7,1656,1.2,1162,0.8,336,0.2,158,0.1,1703,1.2,923,0.7,780,0.6
"Mole Valley",85375,100.0,81168,95.1,76907,90.1,798,0.9,128,0.1,3335,3.9,1257,1.5,276,0.3,117,0.1,518,0.6,346,0.4,2177,2.5,707,0.8,152,0.2,206,0.2,358,0.4,754,0.9,399,0.5,207,0.2,131,0.2,61,0.1,374,0.4,148,0.2,226,0.3
"Reigate and Banstead",137835,100.0,124879,90.6,117092,85.0,1554,1.1,179,0.1,6054,4.4,3037,2.2,736,0.5,409,0.3,1111,0.8,781,0.6,6992,5.1,2192,1.6,1189,0.9,532,0.4,914,0.7,2165,1.6,2166,1.6,1312,1.0,603,0.4,251,0.2,761,0.6,266,0.2,495,0.4
"Runnymede",80510,100.0,71633,89.0,64397,80.0,1073,1.3,220,0.3,5943,7.4,1671,2.1,348,0.4,217,0.3,638,0.8,468,0.6,5561,6.9,2022,2.5,378,0.5,235,0.3,1173,1.5,1753,2.2,862,1.1,584,0.7,195,0.2,83,0.1,783,1.0,365,0.5,418,0.5
"Spelthorne",95598,100.0,83455,87.3,77411,81.0,1366,1.4,192,0.2,4486,4.7,2382,2.5,575,0.6,316,0.3,905,0.9,586,0.6,7295,7.6,4013,4.2,656,0.7,259,0.3,621,0.6,1746,1.8,1545,1.6,971,1.0,419,0.4,155,0.2,921,1.0,322,0.3,599,0.6
"Surrey Heath",86144,100.0,77692,90.2,73179,84.9,828,1.0,162,0.2,3523,4.1,1626,1.9,370,0.4,171,0.2,696,0.8,389,0.5,5389,6.3,1713,2.0,667,0.8,298,0.3,535,0.6,2176,2.5,861,1.0,528,0.6,253,0.3,80,0.1,576,0.7,184,0.2,392,0.5
"Tandridge",82998,100.0,77880,93.8,74095,89.3,865,1.0,286,0.3,2634,3.2,1789,2.2,513,0.6,181,0.2,683,0.8,412,0.5,2164,2.6,746,0.9,139,0.2,102,0.1,418,0.5,759,0.9,882,1.1,400,0.5,373,0.4,109,0.1,283,0.3,47,0.1,236,0.3
"Waverley",121572,100.0,116717,96.0,110190,90.6,1032,0.8,167,0.1,5328,4.4,1623,1.3,332,0.3,168,0.1,746,0.6,377,0.3,2283,1.9,533,0.4,246,0.2,169,0.1,623,0.5,712,0.6,538,0.4,353,0.3,147,0.1,38,0.0,411,0.3,162,0.1,249,0.2
"Woking",99198,100.0,82926,83.6,74335,74.9,1089,1.1,151,0.2,7351,7.4,2335,2.4,411,0.4,299,0.3,975,1.0,650,0.7,11462,11.6,2328,2.3,5682,5.7,450,0.5,870,0.9,2132,2.1,1383,1.4,1012,1.0,270,0.3,101,0.1,1092,1.1,549,0.6,543,0.5
"Adur",61182,100.0,58663,95.9,56843,92.9,426,0.7,121,0.2,1273,2.1,886,1.4,206,0.3,193,0.3,305,0.5,182,0.3,1058,1.7,234,0.4,55,0.1,269,0.4,242,0.4,258,0.4,313,0.5,241,0.4,60,0.1,12,0.0,262,0.4,170,0.3,92,0.2
"Arun",149518,100.0,145118,97.1,137024,91.6,889,0.6,162,0.1,7043,4.7,1502,1.0,426,0.3,221,0.1,532,0.4,323,0.2,2116,1.4,498,0.3,107,0.1,367,0.2,412,0.3,732,0.5,538,0.4,313,0.2,160,0.1,65,0.0,244,0.2,72,0.0,172,0.1
"Chichester",113794,100.0,110322,96.9,105841,93.0,743,0.7,238,0.2,3500,3.1,1092,1.0,269,0.2,158,0.1,361,0.3,304,0.3,1617,1.4,470,0.4,36,0.0,131,0.1,339,0.3,641,0.6,518,0.5,319,0.3,129,0.1,70,0.1,245,0.2,102,0.1,143,0.1
"Crawley",106597,100.0,85180,79.9,76888,72.1,967,0.9,77,0.1,7248,6.8,3098,2.9,806,0.8,615,0.6,883,0.8,794,0.7,13825,13.0,5530,5.2,4548,4.3,427,0.4,496,0.5,2824,2.6,3469,3.3,2164,2.0,465,0.4,840,0.8,1025,1.0,424,0.4,601,0.6
"Horsham",131301,100.0,126062,96.0,121020,92.2,904,0.7,234,0.2,3904,3.0,1774,1.4,364,0.3,260,0.2,725,0.6,425,0.3,2585,2.0,734,0.6,165,0.1,209,0.2,472,0.4,1005,0.8,651,0.5,440,0.3,155,0.1,56,0.0,229,0.2,75,0.1,154,0.1
"Mid Sussex",139860,100.0,133018,95.1,126341,90.3,1235,0.9,142,0.1,5300,3.8,1967,1.4,378,0.3,277,0.2,805,0.6,507,0.4,3761,2.7,1410,1.0,154,0.1,399,0.3,525,0.4,1273,0.9,788,0.6,487,0.3,201,0.1,100,0.1,326,0.2,87,0.1,239,0.2
"Worthing",104640,100.0,98136,93.8,93594,89.4,815,0.8,99,0.1,3628,3.5,1836,1.8,437,0.4,337,0.3,658,0.6,404,0.4,3372,3.2,783,0.7,171,0.2,544,0.5,474,0.5,1400,1.3,869,0.8,605,0.6,169,0.2,95,0.1,427,0.4,151,0.1,276,0.3
"Bath and North East Somerset",176016,100.0,166473,94.6,158640,90.1,1146,0.7,58,0.0,6629,3.8,2898,1.6,951,0.5,292,0.2,954,0.5,701,0.4,4577,2.6,1116,0.6,170,0.1,219,0.1,1912,1.1,1160,0.7,1326,0.8,499,0.3,672,0.4,155,0.1,742,0.4,375,0.2,367,0.2
"Bournemouth",183491,100.0,168797,92.0,153752,83.8,1355,0.7,218,0.1,13472,7.3,4191,2.3,1043,0.6,601,0.3,1396,0.8,1151,0.6,7066,3.9,1940,1.1,213,0.1,408,0.2,1840,1.0,2665,1.5,1764,1.0,1208,0.7,380,0.2,176,0.1,1673,0.9,693,0.4,980,0.5
"Bristol, City of",428234,100.0,359592,84.0,333432,77.9,3851,0.9,359,0.1,21950,5.1,15438,3.6,7389,1.7,1533,0.4,3402,0.8,3114,0.7,23655,5.5,6547,1.5,6863,1.6,2104,0.5,3886,0.9,4255,1.0,25734,6.0,12085,2.8,6727,1.6,6922,1.6,3815,0.9,1272,0.3,2543,0.6
"Cornwall",532273,100.0,522848,98.2,509628,95.7,2046,0.4,635,0.1,10539,2.0,4400,0.8,1248,0.2,490,0.1,1553,0.3,1109,0.2,3434,0.6,837,0.2,107,0.0,280,0.1,1004,0.2,1206,0.2,762,0.1,292,0.1,368,0.1,102,0.0,829,0.2,189,0.0,640,0.1
"Isles of Scilly",2203,100.0,2177,98.8,2087,94.7,10,0.5,0,0.0,80,3.6,18,0.8,3,0.1,3,0.1,9,0.4,3,0.1,2,0.1,0,0.0,0,0.0,0,0.0,0,0.0,2,0.1,2,0.1,1,0.0,1,0.0,0,0.0,4,0.2,0,0.0,4,0.2
"North Somerset",202566,100.0,197076,97.3,190553,94.1,1113,0.5,176,0.1,5234,2.6,2033,1.0,681,0.3,256,0.1,698,0.3,398,0.2,2436,1.2,817,0.4,111,0.1,299,0.1,619,0.3,590,0.3,632,0.3,383,0.2,188,0.1,61,0.0,389,0.2,127,0.1,262,0.1
"Plymouth",256384,100.0,246509,96.1,238263,92.9,1105,0.4,153,0.1,6988,2.7,3287,1.3,904,0.4,523,0.2,1028,0.4,832,0.3,3906,1.5,875,0.3,202,0.1,359,0.1,1251,0.5,1219,0.5,1678,0.7,1106,0.4,343,0.1,229,0.1,1004,0.4,399,0.2,605,0.2
"Poole",147645,100.0,141523,95.9,135698,91.9,756,0.5,214,0.1,4855,3.3,1916,1.3,491,0.3,246,0.2,680,0.5,499,0.3,3276,2.2,1098,0.7,96,0.1,382,0.3,698,0.5,1002,0.7,520,0.4,329,0.2,119,0.1,72,0.0,410,0.3,127,0.1,283,0.2
"South Gloucestershire",262767,100.0,249574,95.0,241611,91.9,1223,0.5,271,0.1,6469,2.5,3667,1.4,1516,0.6,396,0.2,1016,0.4,739,0.3,6440,2.5,2699,1.0,698,0.3,238,0.1,1312,0.5,1493,0.6,2218,0.8,987,0.4,980,0.4,251,0.1,868,0.3,366,0.1,502,0.2
"Swindon",209156,100.0,187898,89.8,177028,84.6,1852,0.9,180,0.1,8838,4.2,4226,2.0,1506,0.7,568,0.3,1163,0.6,989,0.5,13365,6.4,6901,3.3,1292,0.6,936,0.4,954,0.5,3282,1.6,2861,1.4,1718,0.8,807,0.4,336,0.2,806,0.4,188,0.1,618,0.3
"Torbay",130959,100.0,127699,97.5,124162,94.8,657,0.5,37,0.0,2843,2.2,1420,1.1,440,0.3,195,0.1,443,0.3,342,0.3,1353,1.0,403,0.3,79,0.1,99,0.1,261,0.2,511,0.4,251,0.2,140,0.1,73,0.1,38,0.0,236,0.2,100,0.1,136,0.1
"Wiltshire",470981,100.0,454971,96.6,439725,93.4,2381,0.5,757,0.2,12108,2.6,5568,1.2,1968,0.4,656,0.1,1667,0.4,1277,0.3,6178,1.3,1547,0.3,215,0.0,595,0.1,1210,0.3,2611,0.6,3228,0.7,1418,0.3,1151,0.2,659,0.1,1036,0.2,288,0.1,748,0.2
"East Devon",132457,100.0,130347,98.4,127442,96.2,593,0.4,90,0.1,2222,1.7,904,0.7,238,0.2,89,0.1,358,0.3,219,0.2,930,0.7,220,0.2,6,0.0,71,0.1,210,0.2,423,0.3,146,0.1,68,0.1,61,0.0,17,0.0,130,0.1,35,0.0,95,0.1
"Exeter",117773,100.0,109590,93.1,104013,88.3,629,0.5,93,0.1,4855,4.1,1938,1.6,403,0.3,278,0.2,773,0.7,484,0.4,4595,3.9,946,0.8,164,0.1,227,0.2,1998,1.7,1260,1.1,667,0.6,492,0.4,128,0.1,47,0.0,983,0.8,659,0.6,324,0.3
"Mid Devon",77750,100.0,76696,98.6,74554,95.9,278,0.4,88,0.1,1776,2.3,484,0.6,132,0.2,69,0.1,169,0.2,114,0.1,428,0.6,116,0.1,7,0.0,18,0.0,167,0.2,120,0.2,94,0.1,64,0.1,17,0.0,13,0.0,48,0.1,4,0.0,44,0.1
"North Devon",93667,100.0,91742,97.9,89832,95.9,316,0.3,45,0.0,1549,1.7,785,0.8,294,0.3,75,0.1,287,0.3,129,0.1,835,0.9,215,0.2,67,0.1,78,0.1,152,0.2,323,0.3,158,0.2,63,0.1,70,0.1,25,0.0,147,0.2,61,0.1,86,0.1
"South Hams",83140,100.0,81784,98.4,79681,95.8,371,0.4,45,0.1,1687,2.0,653,0.8,161,0.2,75,0.1,264,0.3,153,0.2,458,0.6,115,0.1,12,0.0,64,0.1,102,0.1,165,0.2,121,0.1,73,0.1,36,0.0,12,0.0,124,0.1,70,0.1,54,0.1
"Teignbridge",124220,100.0,122163,98.3,119480,96.2,499,0.4,118,0.1,2066,1.7,925,0.7,255,0.2,92,0.1,323,0.3,255,0.2,893,0.7,165,0.1,17,0.0,78,0.1,347,0.3,286,0.2,117,0.1,48,0.0,52,0.0,17,0.0,122,0.1,26,0.0,96,0.1
"Torridge",63839,100.0,63021,98.7,61985,97.1,211,0.3,54,0.1,771,1.2,429,0.7,141,0.2,53,0.1,125,0.2,110,0.2,271,0.4,39,0.1,3,0.0,17,0.0,126,0.2,86,0.1,51,0.1,11,0.0,34,0.1,6,0.0,67,0.1,31,0.0,36,0.1
"West Devon",53553,100.0,52730,98.5,51603,96.4,233,0.4,21,0.0,873,1.6,402,0.8,126,0.2,56,0.1,130,0.2,90,0.2,300,0.6,57,0.1,4,0.0,17,0.0,93,0.2,129,0.2,59,0.1,26,0.0,23,0.0,10,0.0,62,0.1,27,0.1,35,0.1
"Christchurch",47752,100.0,46591,97.6,45414,95.1,299,0.6,48,0.1,830,1.7,505,1.1,110,0.2,69,0.1,195,0.4,131,0.3,495,1.0,97,0.2,5,0.0,44,0.1,179,0.4,170,0.4,83,0.2,50,0.1,27,0.1,6,0.0,78,0.2,15,0.0,63,0.1
"East Dorset",87166,100.0,85645,98.3,83876,96.2,371,0.4,171,0.2,1227,1.4,594,0.7,163,0.2,67,0.1,229,0.3,135,0.2,737,0.8,157,0.2,43,0.0,198,0.2,167,0.2,172,0.2,106,0.1,61,0.1,29,0.0,16,0.0,84,0.1,26,0.0,58,0.1
"North Dorset",68583,100.0,66977,97.7,64936,94.7,279,0.4,95,0.1,1667,2.4,552,0.8,136,0.2,78,0.1,216,0.3,122,0.2,796,1.2,111,0.2,11,0.0,76,0.1,128,0.2,470,0.7,197,0.3,108,0.2,65,0.1,24,0.0,61,0.1,14,0.0,47,0.1
"Purbeck",44973,100.0,44340,98.6,43253,96.2,228,0.5,89,0.2,770,1.7,326,0.7,96,0.2,47,0.1,112,0.2,71,0.2,231,0.5,33,0.1,12,0.0,27,0.1,54,0.1,105,0.2,48,0.1,35,0.1,6,0.0,7,0.0,28,0.1,6,0.0,22,0.0
"West Dorset",99264,100.0,97284,98.0,95011,95.7,500,0.5,104,0.1,1669,1.7,770,0.8,200,0.2,100,0.1,275,0.3,195,0.2,934,0.9,242,0.2,59,0.1,87,0.1,242,0.2,304,0.3,169,0.2,111,0.1,43,0.0,15,0.0,107,0.1,40,0.0,67,0.1
"Weymouth and Portland",65167,100.0,63480,97.4,61860,94.9,298,0.5,48,0.1,1274,2.0,653,1.0,247,0.4,70,0.1,185,0.3,151,0.2,640,1.0,97,0.1,21,0.0,93,0.1,173,0.3,256,0.4,321,0.5,153,0.2,125,0.2,43,0.1,73,0.1,15,0.0,58,0.1
"Cheltenham",115732,100.0,109084,94.3,102140,88.3,1058,0.9,68,0.1,5818,5.0,1878,1.6,493,0.4,256,0.2,661,0.6,468,0.4,3675,3.2,1584,1.4,179,0.2,315,0.3,760,0.7,837,0.7,721,0.6,527,0.5,124,0.1,70,0.1,374,0.3,172,0.1,202,0.2
"Cotswold",82881,100.0,81075,97.8,78284,94.5,503,0.6,87,0.1,2201,2.7,698,0.8,167,0.2,86,0.1,274,0.3,171,0.2,794,1.0,218,0.3,16,0.0,38,0.0,223,0.3,299,0.4,229,0.3,136,0.2,47,0.1,46,0.1,85,0.1,4,0.0,81,0.1
"Forest of Dean",81961,100.0,80699,98.5,79227,96.7,277,0.3,78,0.1,1117,1.4,528,0.6,170,0.2,82,0.1,181,0.2,95,0.1,473,0.6,159,0.2,25,0.0,1,0.0,129,0.2,159,0.2,199,0.2,99,0.1,58,0.1,42,0.1,62,0.1,5,0.0,57,0.1
"Gloucester",121688,100.0,108462,89.1,102912,84.6,850,0.7,136,0.1,4564,3.8,3565,2.9,2139,1.8,316,0.3,551,0.5,559,0.5,5839,4.8,3204,2.6,639,0.5,490,0.4,448,0.4,1058,0.9,3486,2.9,1100,0.9,1880,1.5,506,0.4,336,0.3,119,0.1,217,0.2
"Stroud",112779,100.0,110426,97.9,107026,94.9,591,0.5,57,0.1,2752,2.4,1216,1.1,364,0.3,129,0.1,428,0.4,295,0.3,751,0.7,177,0.2,28,0.0,53,0.0,193,0.2,300,0.3,260,0.2,96,0.1,125,0.1,39,0.0,126,0.1,33,0.0,93,0.1
"Tewkesbury",81943,100.0,79901,97.5,77010,94.0,480,0.6,305,0.4,2106,2.6,776,0.9,294,0.4,54,0.1,258,0.3,170,0.2,901,1.1,387,0.5,55,0.1,63,0.1,158,0.2,238,0.3,255,0.3,132,0.2,79,0.1,44,0.1,110,0.1,31,0.0,79,0.1
"Mendip",109279,100.0,107057,98.0,102987,94.2,596,0.5,246,0.2,3228,3.0,996,0.9,266,0.2,144,0.1,354,0.3,232,0.2,929,0.9,227,0.2,21,0.0,69,0.1,256,0.2,356,0.3,210,0.2,124,0.1,57,0.1,29,0.0,87,0.1,25,0.0,62,0.1
"Sedgemoor",114588,100.0,112724,98.4,109199,95.3,459,0.4,132,0.1,2934,2.6,869,0.8,285,0.2,105,0.1,278,0.2,201,0.2,735,0.6,144,0.1,34,0.0,150,0.1,139,0.1,268,0.2,140,0.1,76,0.1,54,0.0,10,0.0,120,0.1,34,0.0,86,0.1
"South Somerset",161243,100.0,158130,98.1,153123,95.0,550,0.3,148,0.1,4309,2.7,1158,0.7,305,0.2,191,0.1,382,0.2,280,0.2,1409,0.9,342,0.2,87,0.1,90,0.1,378,0.2,512,0.3,357,0.2,207,0.1,111,0.1,39,0.0,189,0.1,44,0.0,145,0.1
"Taunton Deane",110187,100.0,107116,97.2,103020,93.5,499,0.5,193,0.2,3404,3.1,1010,0.9,266,0.2,183,0.2,322,0.3,239,0.2,1608,1.5,324,0.3,59,0.1,108,0.1,448,0.4,669,0.6,286,0.3,190,0.2,62,0.1,34,0.0,167,0.2,63,0.1,104,0.1
"West Somerset",34675,100.0,34228,98.7,33229,95.8,153,0.4,14,0.0,832,2.4,208,0.6,78,0.2,27,0.1,71,0.2,32,0.1,192,0.6,32,0.1,2,0.0,25,0.1,26,0.1,107,0.3,20,0.1,10,0.0,7,0.0,3,0.0,27,0.1,9,0.0,18,0.1
"Anglesey",69751,100.0,68520,98.2,67349,96.6,476,0.7,65,0.1,630,0.9,480,0.7,180,0.3,41,0.1,180,0.3,79,0.1,491,0.7,135,0.2,33,0.0,53,0.1,153,0.2,117,0.2,81,0.1,50,0.1,25,0.0,6,0.0,179,0.3,134,0.2,45,0.1
"Gwynedd",121874,100.0,117573,96.5,115072,94.4,570,0.5,153,0.1,1778,1.5,964,0.8,287,0.2,126,0.1,332,0.3,219,0.2,2170,1.8,461,0.4,220,0.2,176,0.1,905,0.7,408,0.3,289,0.2,195,0.2,70,0.1,24,0.0,878,0.7,700,0.6,178,0.1
"Conwy",115228,100.0,112549,97.7,109911,95.4,840,0.7,65,0.1,1733,1.5,894,0.8,294,0.3,124,0.1,275,0.2,201,0.2,1252,1.1,317,0.3,101,0.1,134,0.1,376,0.3,324,0.3,199,0.2,114,0.1,54,0.0,31,0.0,334,0.3,200,0.2,134,0.1
"Denbighshire",93734,100.0,91254,97.4,89581,95.6,533,0.6,34,0.0,1106,1.2,751,0.8,251,0.3,80,0.1,269,0.3,151,0.2,1430,1.5,240,0.3,157,0.2,111,0.1,346,0.4,576,0.6,161,0.2,104,0.1,35,0.0,22,0.0,138,0.1,39,0.0,99,0.1
"Flintshire",152506,100.0,150161,98.5,146185,95.9,693,0.5,95,0.1,3188,2.1,851,0.6,267,0.2,121,0.1,258,0.2,205,0.1,1201,0.8,296,0.2,87,0.1,223,0.1,323,0.2,272,0.2,142,0.1,88,0.1,42,0.0,12,0.0,151,0.1,50,0.0,101,0.1
"Wrexham",134844,100.0,130647,96.9,125477,93.1,492,0.4,104,0.1,4574,3.4,1010,0.7,264,0.2,180,0.1,326,0.2,240,0.2,2321,1.7,857,0.6,181,0.1,206,0.2,426,0.3,651,0.5,625,0.5,526,0.4,57,0.0,42,0.0,241,0.2,96,0.1,145,0.1
"Powys",132976,100.0,130827,98.4,127773,96.1,502,0.4,128,0.1,2424,1.8,760,0.6,208,0.2,82,0.1,294,0.2,176,0.1,1142,0.9,145,0.1,9,0.0,67,0.1,171,0.1,750,0.6,132,0.1,42,0.0,70,0.1,20,0.0,115,0.1,23,0.0,92,0.1
"Ceredigion",75922,100.0,73443,96.7,70717,93.1,478,0.6,74,0.1,2174,2.9,736,1.0,198,0.3,75,0.1,251,0.3,212,0.3,1099,1.4,367,0.5,81,0.1,91,0.1,322,0.4,238,0.3,266,0.4,164,0.2,86,0.1,16,0.0,378,0.5,197,0.3,181,0.2
"Pembrokeshire",122439,100.0,120121,98.1,117092,95.6,834,0.7,454,0.4,1741,1.4,733,0.6,234,0.2,78,0.1,261,0.2,160,0.1,1192,1.0,341,0.3,69,0.1,103,0.1,205,0.2,474,0.4,179,0.1,94,0.1,44,0.0,41,0.0,214,0.2,61,0.0,153,0.1
"Carmarthenshire",183777,100.0,180323,98.1,175591,95.5,754,0.4,335,0.2,3643,2.0,1033,0.6,326,0.2,118,0.1,364,0.2,225,0.1,1837,1.0,563,0.3,159,0.1,117,0.1,298,0.2,700,0.4,279,0.2,115,0.1,115,0.1,49,0.0,305,0.2,132,0.1,173,0.1
"Swansea",239023,100.0,224697,94.0,218655,91.5,1101,0.5,85,0.0,4856,2.0,2160,0.9,548,0.2,280,0.1,781,0.3,551,0.2,7803,3.3,1477,0.6,591,0.2,1944,0.8,2052,0.9,1739,0.7,1983,0.8,1707,0.7,172,0.1,104,0.0,2380,1.0,1694,0.7,686,0.3
"Neath Port Talbot",139812,100.0,137087,98.1,135450,96.9,474,0.3,125,0.1,1038,0.7,910,0.7,384,0.3,75,0.1,262,0.2,189,0.1,1369,1.0,280,0.2,125,0.1,311,0.2,280,0.2,373,0.3,299,0.2,97,0.1,175,0.1,27,0.0,147,0.1,53,0.0,94,0.1
"Bridgend",139178,100.0,136090,97.8,133656,96.0,474,0.3,63,0.0,1897,1.4,998,0.7,338,0.2,120,0.1,264,0.2,276,0.2,1549,1.1,337,0.2,122,0.1,114,0.1,356,0.3,620,0.4,315,0.2,152,0.1,121,0.1,42,0.0,226,0.2,75,0.1,151,0.1
"The Vale of Glamorgan",126336,100.0,121838,96.4,119212,94.4,639,0.5,21,0.0,1966,1.6,1695,1.3,629,0.5,247,0.2,431,0.3,388,0.3,1967,1.6,566,0.4,216,0.2,121,0.1,454,0.4,610,0.5,489,0.4,165,0.1,252,0.2,72,0.1,347,0.3,174,0.1,173,0.1
"Cardiff",346090,100.0,293114,84.7,277798,80.3,2547,0.7,521,0.2,12248,3.5,10031,2.9,3641,1.1,1742,0.5,2459,0.7,2189,0.6,27885,8.1,7886,2.3,6354,1.8,4838,1.4,4168,1.2,4639,1.3,8201,2.4,5213,1.5,1322,0.4,1666,0.5,6859,2.0,4707,1.4,2152,0.6
"Rhondda, Cynon, Taff",234410,100.0,228241,97.4,225716,96.3,582,0.2,53,0.0,1890,0.8,1506,0.6,550,0.2,192,0.1,420,0.2,344,0.1,3030,1.3,656,0.3,267,0.1,106,0.0,1065,0.5,936,0.4,1308,0.6,1140,0.5,99,0.0,69,0.0,325,0.1,160,0.1,165,0.1
"Merthyr Tydfil",58802,100.0,57391,97.6,55635,94.6,122,0.2,62,0.1,1572,2.7,462,0.8,154,0.3,46,0.1,151,0.3,111,0.2,696,1.2,168,0.3,50,0.1,45,0.1,120,0.2,313,0.5,143,0.2,118,0.2,10,0.0,15,0.0,110,0.2,32,0.1,78,0.1
"Caerphilly",178806,100.0,175845,98.3,173899,97.3,402,0.2,31,0.0,1513,0.8,1174,0.7,454,0.3,147,0.1,296,0.2,277,0.2,1346,0.8,327,0.2,123,0.1,32,0.0,495,0.3,369,0.2,242,0.1,121,0.1,112,0.1,9,0.0,199,0.1,67,0.0,132,0.1
"Blaenau Gwent",69814,100.0,68750,98.5,67954,97.3,102,0.1,72,0.1,622,0.9,394,0.6,163,0.2,36,0.1,106,0.2,89,0.1,485,0.7,202,0.3,39,0.1,26,0.0,122,0.2,96,0.1,95,0.1,56,0.1,33,0.0,6,0.0,90,0.1,12,0.0,78,0.1
"Torfaen",91075,100.0,89231,98.0,88209,96.9,307,0.3,155,0.2,560,0.6,603,0.7,237,0.3,103,0.1,138,0.2,125,0.1,977,1.1,172,0.2,64,0.1,80,0.1,208,0.2,453,0.5,169,0.2,47,0.1,88,0.1,34,0.0,95,0.1,14,0.0,81,0.1
"Monmouthshire",91323,100.0,89526,98.0,87762,96.1,395,0.4,6,0.0,1363,1.5,624,0.7,174,0.2,51,0.1,232,0.3,167,0.2,900,1.0,245,0.3,54,0.1,40,0.0,193,0.2,368,0.4,144,0.2,80,0.1,45,0.0,19,0.0,129,0.1,69,0.1,60,0.1
"Newport",145736,100.0,131025,89.9,126756,87.0,769,0.5,84,0.1,3416,2.3,2752,1.9,1318,0.9,360,0.2,669,0.5,405,0.3,7986,5.5,1218,0.8,3127,2.1,1749,1.2,600,0.4,1292,0.9,2535,1.7,1499,1.0,782,0.5,254,0.2,1438,1.0,926,0.6,512,0.4
