"district","total","%","Day-to-day activities limited a lot","%","Day-to-day activities limited a little","%","Day-to-day activities not limited","%","Day-to-day activities limited a lot: Age 16 to 64","%","Day-to-day activities limited a little: Age 16 to 64","%","Day-to-day activities not limited: Age 16 to 64","%","Very good health","%","Good health","%","Fair health","%","Bad health","%","Very bad health","%","Provides no unpaid care","%","Provides 1 to 19 hours unpaid care a week","%","Provides 20 to 49 hours unpaid care a week","%","Provides 50 or more hours unpaid care a week","%"

"Darlington",105564,100.0,9821,9.3,10902,10.3,84841,80.4,4474,4.2,5195,4.9,57249,54.2,47046,44.6,37199,35.2,15116,14.3,4763,4.5,1440,1.4,94516,89.5,6863,6.5,1427,1.4,2758,2.6
"County Durham",513242,100.0,62875,12.3,58411,11.4,391956,76.4,29292,5.7,29985,5.8,273636,53.3,217373,42.4,171564,33.4,82404,16.1,32568,6.3,9333,1.8,453187,88.3,34336,6.7,8826,1.7,16893,3.3
"Hartlepool",92028,100.0,11137,12.1,10178,11.1,70713,76.8,5319,5.8,5336,5.8,47975,52.1,39816,43.3,30117,32.7,14607,15.9,5789,6.3,1699,1.8,82104,89.2,5325,5.8,1555,1.7,3044,3.3
"Middlesbrough",138412,100.0,14959,10.8,13919,10.1,109534,79.1,7593,5.5,7498,5.4,74627,53.9,62855,45.4,45295,32.7,19719,14.2,8001,5.8,2542,1.8,124252,89.8,7516,5.4,2301,1.7,4343,3.1
"Northumberland",316028,100.0,30940,9.8,34558,10.9,250530,79.3,13138,4.2,16047,5.1,169673,53.7,138990,44.0,108458,34.3,48580,15.4,15641,4.9,4359,1.4,280331,88.7,22304,7.1,4553,1.4,8840,2.8
"Redcar and Cleveland",135177,100.0,15482,11.5,15235,11.3,104460,77.3,6788,5.0,7394,5.5,70577,52.2,57285,42.4,45844,33.9,21449,15.9,8184,6.1,2415,1.8,119143,88.1,9004,6.7,2450,1.8,4580,3.4
"Stockton-on-Tees",191610,100.0,17677,9.2,18731,9.8,155202,81.0,8202,4.3,9614,5.0,106736,55.7,88811,46.3,64282,33.5,26385,13.8,9296,4.9,2836,1.5,171686,89.6,11683,6.1,2933,1.5,5308,2.8
"Gateshead",200214,100.0,22917,11.4,21435,10.7,155862,77.8,10669,5.3,10831,5.4,107971,53.9,85320,42.6,67807,33.9,31158,15.6,12152,6.1,3777,1.9,177994,88.9,12588,6.3,3381,1.7,6251,3.1
"Newcastle upon Tyne",280177,100.0,26661,9.5,25916,9.2,227600,81.2,12966,4.6,14012,5.0,166506,59.4,133933,47.8,89096,31.8,38018,13.6,14793,5.3,4337,1.5,254367,90.8,15248,5.4,3726,1.3,6836,2.4
"North Tyneside",200801,100.0,20246,10.1,21159,10.5,159396,79.4,9091,4.5,10474,5.2,110228,54.9,90031,44.8,66955,33.3,30156,15.0,10638,5.3,3021,1.5,178593,88.9,13789,6.9,2941,1.5,5478,2.7
"South Tyneside",148127,100.0,18166,12.3,16315,11.0,113646,76.7,8337,5.6,8323,5.6,78687,53.1,63345,42.8,48861,33.0,23700,16.0,9394,6.3,2827,1.9,131387,88.7,9351,6.3,2596,1.8,4793,3.2
"Sunderland",275506,100.0,34206,12.4,30346,11.0,210954,76.6,16170,5.9,16201,5.9,148150,53.8,117365,42.6,90557,32.9,43951,16.0,18155,6.6,5478,2.0,242975,88.2,17821,6.5,5089,1.8,9621,3.5
"Blackburn with Darwen",147489,100.0,15563,10.6,14278,9.7,117648,79.8,8415,5.7,8523,5.8,77123,52.3,66991,45.4,49010,33.2,20725,14.1,8428,5.7,2335,1.6,131733,89.3,8769,5.9,2691,1.8,4296,2.9
"Blackpool",142065,100.0,19247,13.5,17084,12.0,105734,74.4,9278,6.5,9143,6.4,71039,50.0,56600,39.8,48022,33.8,23977,16.9,10346,7.3,3120,2.2,125746,88.5,8635,6.1,2592,1.8,5092,3.6
"Cheshire East",370127,100.0,29206,7.9,35625,9.6,305296,82.5,11098,3.0,15896,4.3,206008,55.7,181595,49.1,123065,33.2,47306,12.8,14247,3.8,3914,1.1,330124,89.2,27525,7.4,4454,1.2,8024,2.2
"Cheshire West and Chester",329608,100.0,29098,8.8,31897,9.7,268613,81.5,11961,3.6,14811,4.5,183601,55.7,159777,48.5,108967,33.1,42604,12.9,14259,4.3,4001,1.2,292487,88.7,23941,7.3,4723,1.4,8457,2.6
"Halton",125746,100.0,14556,11.6,12309,9.8,98881,78.6,7370,5.9,6979,5.6,67989,54.1,58684,46.7,39693,31.6,17504,13.9,7732,6.1,2133,1.7,110728,88.1,8009,6.4,2440,1.9,4569,3.6
"Warrington",202228,100.0,16940,8.4,18057,8.9,167231,82.7,7280,3.6,9112,4.5,114871,56.8,100734,49.8,66223,32.7,24446,12.1,8466,4.2,2359,1.2,180385,89.2,13862,6.9,2837,1.4,5144,2.5
"Allerdale",96422,100.0,9718,10.1,10309,10.7,76395,79.2,3955,4.1,4707,4.9,51460,53.4,42887,44.5,33297,34.5,14210,14.7,4762,4.9,1266,1.3,85648,88.8,6632,6.9,1436,1.5,2706,2.8
"Barrow-in-Furness",69087,100.0,8961,13.0,8062,11.7,52064,75.4,4202,6.1,4129,6.0,35510,51.4,29538,42.8,22865,33.1,10898,15.8,4542,6.6,1244,1.8,60842,88.1,4573,6.6,1308,1.9,2364,3.4
"Carlisle",107524,100.0,9919,9.2,10704,10.0,86901,80.8,4459,4.1,5172,4.8,59514,55.3,48593,45.2,37494,34.9,15030,14.0,4964,4.6,1443,1.3,96219,89.5,7233,6.7,1418,1.3,2654,2.5
"Copeland",70603,100.0,7537,10.7,7524,10.7,55542,78.7,3477,4.9,3631,5.1,38151,54.0,31329,44.4,23938,33.9,10516,14.9,3760,5.3,1060,1.5,62622,88.7,4695,6.6,1179,1.7,2107,3.0
"Eden",52564,100.0,4098,7.8,5370,10.2,43096,82.0,1502,2.9,2225,4.2,28720,54.6,24210,46.1,18810,35.8,7195,13.7,1875,3.6,474,0.9,46602,88.7,4208,8.0,620,1.2,1134,2.2
"South Lakeland",103658,100.0,8290,8.0,11229,10.8,84139,81.2,2797,2.7,4404,4.2,55455,53.5,48461,46.8,36385,35.1,14117,13.6,3701,3.6,994,1.0,91430,88.2,8586,8.3,1304,1.3,2338,2.3
"Bolton",276786,100.0,27773,10.0,27140,9.8,221873,80.2,13476,4.9,14913,5.4,148781,53.8,125548,45.4,93765,33.9,39139,14.1,14465,5.2,3869,1.4,246137,88.9,18187,6.6,4525,1.6,7937,2.9
"Bury",185060,100.0,16733,9.0,18088,9.8,150239,81.2,7877,4.3,9424,5.1,101094,54.6,87128,47.1,61634,33.3,25430,13.7,8539,4.6,2329,1.3,165106,89.2,12493,6.8,2746,1.5,4715,2.5
"Manchester",503127,100.0,47353,9.4,42011,8.3,413763,82.2,27026,5.4,26741,5.3,304398,60.5,245334,48.8,159452,31.7,62651,12.5,27014,5.4,8676,1.7,460487,91.5,23109,4.6,7568,1.5,11963,2.4
"Oldham",224897,100.0,22535,10.0,21791,9.7,180571,80.3,11046,4.9,11975,5.3,118464,52.7,101526,45.1,74987,33.3,32778,14.6,12179,5.4,3427,1.5,200575,89.2,14526,6.5,3651,1.6,6145,2.7
"Rochdale",211699,100.0,22630,10.7,21729,10.3,167340,79.0,11836,5.6,12145,5.7,112119,53.0,94233,44.5,70158,33.1,31303,14.8,12453,5.9,3552,1.7,188439,89.0,13550,6.4,3605,1.7,6105,2.9
"Salford",233933,100.0,25709,11.0,22708,9.7,185516,79.3,12902,5.5,12794,5.5,129878,55.5,107689,46.0,75685,32.4,32849,14.0,13741,5.9,3969,1.7,210531,90.0,13228,5.7,3725,1.6,6449,2.8
"Stockport",283275,100.0,24487,8.6,27772,9.8,231016,81.6,10520,3.7,13345,4.7,154930,54.7,135500,47.8,94251,33.3,37601,13.3,12505,4.4,3418,1.2,251293,88.7,21091,7.4,3921,1.4,6970,2.5
"Tameside",219324,100.0,23307,10.6,22624,10.3,173393,79.1,11628,5.3,12313,5.6,118474,54.0,96404,44.0,73918,33.7,33009,15.1,12492,5.7,3501,1.6,195265,89.0,14106,6.4,3594,1.6,6359,2.9
"Trafford",226578,100.0,18165,8.0,20438,9.0,187975,83.0,8037,3.5,9890,4.4,126554,55.9,115496,51.0,71694,31.6,27549,12.2,9273,4.1,2566,1.1,203051,89.6,15653,6.9,2981,1.3,4893,2.2
"Wigan",317849,100.0,34847,11.0,33474,10.5,249528,78.5,16528,5.2,17780,5.6,171868,54.1,144283,45.4,103934,32.7,46797,14.7,18112,5.7,4723,1.5,281345,88.5,21162,6.7,5484,1.7,9858,3.1
"Burnley",87059,100.0,10090,11.6,9517,10.9,67452,77.5,5007,5.8,5203,6.0,45571,52.3,37372,42.9,29286,33.6,13682,15.7,5213,6.0,1506,1.7,77204,88.7,5861,6.7,1379,1.6,2615,3.0
"Chorley",107155,100.0,9626,9.0,10112,9.4,87417,81.6,4228,3.9,5137,4.8,60205,56.2,51303,47.9,35705,33.3,14222,13.3,4623,4.3,1302,1.2,94837,88.5,7937,7.4,1652,1.5,2729,2.5
"Fylde",75757,100.0,7849,10.4,8714,11.5,59194,78.1,2823,3.7,3554,4.7,39037,51.5,33815,44.6,25591,33.8,11619,15.3,3692,4.9,1040,1.4,66570,87.9,5907,7.8,1131,1.5,2149,2.8
"Hyndburn",80734,100.0,9153,11.3,8400,10.4,63181,78.3,4470,5.5,4623,5.7,42190,52.3,34759,43.1,27610,34.2,12225,15.1,4800,5.9,1340,1.7,71811,88.9,5193,6.4,1220,1.5,2510,3.1
"Lancaster",138375,100.0,12751,9.2,14176,10.2,111448,80.5,5286,3.8,6801,4.9,77953,56.3,64577,46.7,46831,33.8,18960,13.7,6215,4.5,1792,1.3,123760,89.4,9261,6.7,1819,1.3,3535,2.6
"Pendle",89452,100.0,9280,10.4,9428,10.5,70744,79.1,4540,5.1,4959,5.5,47279,52.9,38965,43.6,30826,34.5,13431,15.0,4921,5.5,1309,1.5,79206,88.5,6432,7.2,1412,1.6,2402,2.7
"Preston",140202,100.0,12605,9.0,12880,9.2,114717,81.8,6295,4.5,7297,5.2,80584,57.5,65276,46.6,47840,34.1,18585,13.3,6644,4.7,1857,1.3,126063,89.9,8490,6.1,2198,1.6,3451,2.5
"Ribble Valley",57132,100.0,4076,7.1,5470,9.6,47586,83.3,1454,2.5,2253,3.9,31314,54.8,29415,51.5,18376,32.2,7049,12.3,1805,3.2,487,0.9,50591,88.6,4758,8.3,617,1.1,1166,2.0
"Rossendale",67982,100.0,6818,10.0,6692,9.8,54472,80.1,3257,4.8,3611,5.3,37402,55.0,31438,46.2,22508,33.1,9603,14.1,3475,5.1,958,1.4,60348,88.8,4864,7.2,988,1.5,1782,2.6
"South Ribble",109057,100.0,9227,8.5,10409,9.5,89421,82.0,3706,3.4,4970,4.6,61075,56.0,52009,47.7,37211,34.1,14240,13.1,4473,4.1,1124,1.0,96565,88.5,8169,7.5,1558,1.4,2765,2.5
"West Lancashire",110685,100.0,11212,10.1,10926,9.9,88547,80.0,4697,4.2,5179,4.7,59961,54.2,52675,47.6,36226,32.7,14800,13.4,5380,4.9,1604,1.4,97259,87.9,8242,7.4,1812,1.6,3372,3.0
"Wyre",107749,100.0,12656,11.7,12945,12.0,82148,76.2,4553,4.2,5376,5.0,53913,50.0,46601,43.2,36224,33.6,17189,16.0,5944,5.5,1791,1.7,93912,87.2,8263,7.7,1886,1.8,3688,3.4
"Knowsley",145893,100.0,20786,14.2,14965,10.3,110142,75.5,10486,7.2,8222,5.6,75503,51.8,67153,46.0,43505,29.8,21420,14.7,10631,7.3,3184,2.2,128028,87.8,8782,6.0,3207,2.2,5876,4.0
"Liverpool",466415,100.0,59484,12.8,45136,9.7,361795,77.6,31281,6.7,26515,5.7,265053,56.8,217977,46.7,142132,30.5,65422,14.0,31162,6.7,9722,2.1,415853,89.2,26627,5.7,8950,1.9,14985,3.2
"Sefton",273790,100.0,32202,11.8,29859,10.9,211729,77.3,13750,5.0,13895,5.1,141779,51.8,124069,45.3,89115,32.5,40620,14.8,15549,5.7,4437,1.6,239243,87.4,20527,7.5,5014,1.8,9006,3.3
"St. Helens",175308,100.0,21660,12.4,18602,10.6,135046,77.0,9975,5.7,9613,5.5,92384,52.7,78620,44.8,55983,31.9,26198,14.9,11364,6.5,3143,1.8,152717,87.1,12528,7.1,3590,2.0,6473,3.7
"Wirral",319783,100.0,37898,11.9,34306,10.7,247579,77.4,17405,5.4,16925,5.3,165202,51.7,148028,46.3,102085,31.9,45687,14.3,18448,5.8,5535,1.7,279443,87.4,23879,7.5,5768,1.8,10693,3.3
"East Riding of Yorkshire",334179,100.0,29029,8.7,34936,10.5,270214,80.9,10822,3.2,14707,4.4,181349,54.3,151003,45.2,116859,35.0,48307,14.5,13877,4.2,4133,1.2,296811,88.8,24355,7.3,4418,1.3,8595,2.6
"Kingston upon Hull, City of",256406,100.0,25672,10.0,24719,9.6,206015,80.3,12535,4.9,13734,5.4,146040,57.0,110555,43.1,89572,34.9,38102,14.9,14047,5.5,4130,1.6,232770,90.8,12602,4.9,3622,1.4,7412,2.9
"North East Lincolnshire",159616,100.0,14786,9.3,16334,10.2,128496,80.5,6384,4.0,7934,5.0,86772,54.4,70242,44.0,55935,35.0,23779,14.9,7507,4.7,2153,1.3,143623,90.0,9114,5.7,2117,1.3,4762,3.0
"North Lincolnshire",167446,100.0,15333,9.2,16946,10.1,135167,80.7,6408,3.8,8146,4.9,91512,54.7,73234,43.7,59883,35.8,24667,14.7,7593,4.5,2069,1.2,149289,89.2,11092,6.6,2381,1.4,4684,2.8
"York",198051,100.0,13018,6.6,17357,8.8,167676,84.7,4757,2.4,8088,4.1,120015,60.6,98402,49.7,67709,34.2,23752,12.0,6369,3.2,1819,0.9,179827,90.8,12701,6.4,1934,1.0,3589,1.8
"Craven",55409,100.0,4348,7.8,5589,10.1,45472,82.1,1452,2.6,2200,4.0,29899,54.0,26383,47.6,19150,34.6,7387,13.3,1975,3.6,514,0.9,48798,88.1,4759,8.6,674,1.2,1178,2.1
"Hambleton",89140,100.0,6330,7.1,8695,9.8,74115,83.1,2115,2.4,3527,4.0,49156,55.1,43384,48.7,30682,34.4,11235,12.6,2972,3.3,867,1.0,79136,88.8,7175,8.0,957,1.1,1872,2.1
"Harrogate",157869,100.0,10490,6.6,14129,8.9,133250,84.4,3558,2.3,5897,3.7,88687,56.2,79934,50.6,53313,33.8,18633,11.8,4698,3.0,1291,0.8,141681,89.7,11732,7.4,1632,1.0,2824,1.8
"Richmondshire",51965,100.0,3261,6.3,4662,9.0,44042,84.8,1234,2.4,2072,4.0,30316,58.3,26678,51.3,17383,33.5,5988,11.5,1523,2.9,393,0.8,47203,90.8,3281,6.3,564,1.1,917,1.8
"Ryedale",51751,100.0,3881,7.5,5308,10.3,42562,82.2,1329,2.6,2052,4.0,27767,53.7,23555,45.5,18476,35.7,7329,14.2,1846,3.6,545,1.1,45847,88.6,4136,8.0,627,1.2,1141,2.2
"Scarborough",108793,100.0,11369,10.5,13004,12.0,84420,77.6,4537,4.2,5684,5.2,55861,51.3,45241,41.6,38721,35.6,17588,16.2,5712,5.3,1531,1.4,96258,88.5,7663,7.0,1695,1.6,3177,2.9
"Selby",83449,100.0,6020,7.2,7658,9.2,69771,83.6,2309,2.8,3742,4.5,48078,57.6,40351,48.4,28624,34.3,10654,12.8,3008,3.6,812,1.0,74674,89.5,6007,7.2,1041,1.2,1727,2.1
"Barnsley",231221,100.0,29147,12.6,26121,11.3,175953,76.1,13748,5.9,13853,6.0,120724,52.2,96194,41.6,77649,33.6,37956,16.4,15278,6.6,4144,1.8,204054,88.3,15473,6.7,4075,1.8,7619,3.3
"Doncaster",302402,100.0,33644,11.1,31891,10.5,236867,78.3,15425,5.1,16549,5.5,161794,53.5,131738,43.6,102983,34.1,45748,15.1,16982,5.6,4951,1.6,269038,89.0,18918,6.3,5027,1.7,9419,3.1
"Rotherham",257280,100.0,29067,11.3,27521,10.7,200692,78.0,12794,5.0,13969,5.4,136413,53.0,111232,43.2,87237,33.9,39278,15.3,15114,5.9,4419,1.7,226279,88.0,17400,6.8,4736,1.8,8865,3.4
"Sheffield",552698,100.0,50470,9.1,53245,9.6,448983,81.2,21807,3.9,26921,4.9,317588,57.5,258250,46.7,184343,33.4,75733,13.7,26703,4.8,7669,1.4,495325,89.6,35129,6.4,7732,1.4,14512,2.6
"Bradford",522452,100.0,43975,8.4,46552,8.9,431925,82.7,21678,4.1,25845,4.9,283206,54.2,234133,44.8,186031,35.6,71580,13.7,23768,4.5,6940,1.3,471426,90.2,30983,5.9,7738,1.5,12305,2.4
"Calderdale",203826,100.0,16730,8.2,19870,9.7,167226,82.0,7768,3.8,10124,5.0,113281,55.6,94449,46.3,70007,34.3,28091,13.8,8929,4.4,2350,1.2,182457,89.5,14170,7.0,2690,1.3,4509,2.2
"Kirklees",422458,100.0,35694,8.4,39269,9.3,347495,82.3,16729,4.0,20448,4.8,234982,55.6,192366,45.5,147731,35.0,58042,13.7,19030,4.5,5289,1.3,378793,89.7,28118,6.7,5926,1.4,9621,2.3
"Leeds",751485,100.0,59155,7.9,66523,8.9,625807,83.3,27010,3.6,33964,4.5,443420,59.0,361295,48.1,254023,33.8,95515,12.7,31504,4.2,9148,1.2,679887,90.5,45684,6.1,9473,1.3,16441,2.2
"Wakefield",325837,100.0,36939,11.3,34962,10.7,253936,77.9,16799,5.2,18145,5.6,175711,53.9,139288,42.7,110920,34.0,50595,15.5,19507,6.0,5527,1.7,289216,88.8,21166,6.5,5515,1.7,9940,3.1
"Derby",248752,100.0,21984,8.8,24472,9.8,202296,81.3,9898,4.0,12952,5.2,137557,55.3,111837,45.0,87060,35.0,35193,14.1,11413,4.6,3249,1.3,223168,89.7,15682,6.3,3586,1.4,6316,2.5
"Leicester",329839,100.0,27615,8.4,29522,9.0,272702,82.7,14027,4.3,17602,5.3,191715,58.1,148108,44.9,117551,35.6,44278,13.4,14972,4.5,4930,1.5,298874,90.6,17503,5.3,5533,1.7,7929,2.4
"Nottingham",305680,100.0,27699,9.1,27683,9.1,250298,81.9,14299,4.7,16254,5.3,183999,60.2,141038,46.1,103332,33.8,41581,13.6,15063,4.9,4666,1.5,278726,91.2,15211,5.0,4314,1.4,7429,2.4
"Rutland",37369,100.0,2271,6.1,3517,9.4,31581,84.5,724,1.9,1401,3.7,20709,55.4,18828,50.4,12718,34.0,4532,12.1,1008,2.7,283,0.8,33570,89.8,2772,7.4,356,1.0,671,1.8
"Amber Valley",122309,100.0,11554,9.4,13255,10.8,97500,79.7,4642,3.8,6472,5.3,66948,54.7,53826,44.0,42795,35.0,18336,15.0,5810,4.8,1542,1.3,107702,88.1,9510,7.8,1785,1.5,3312,2.7
"Bolsover",75866,100.0,9886,13.0,8821,11.6,57159,75.3,4435,5.8,4588,6.0,39385,51.9,30934,40.8,25423,33.5,12965,17.1,5152,6.8,1392,1.8,66242,87.3,5444,7.2,1490,2.0,2690,3.5
"Chesterfield",103788,100.0,11948,11.5,11985,11.5,79855,76.9,5421,5.2,6082,5.9,54801,52.8,43274,41.7,35622,34.3,16984,16.4,6204,6.0,1704,1.6,90754,87.4,7884,7.6,1792,1.7,3358,3.2
"Derbyshire Dales",71116,100.0,5578,7.8,7608,10.7,57930,81.5,1924,2.7,3222,4.5,38326,53.9,33487,47.1,24683,34.7,9718,13.7,2475,3.5,753,1.1,62113,87.3,6568,9.2,889,1.3,1546,2.2
"Erewash",112081,100.0,9988,8.9,11648,10.4,90445,80.7,4028,3.6,5690,5.1,62234,55.5,49349,44.0,39666,35.4,16762,15.0,4874,4.3,1430,1.3,99519,88.8,8137,7.3,1508,1.3,2917,2.6
"High Peak",90892,100.0,7451,8.2,9013,9.9,74428,81.9,3173,3.5,4551,5.0,51023,56.1,43185,47.5,30980,34.1,12011,13.2,3696,4.1,1020,1.1,80578,88.7,7092,7.8,1185,1.3,2037,2.2
"North East Derbyshire",99023,100.0,10594,10.7,11168,11.3,77261,78.0,4296,4.3,5171,5.2,52314,52.8,42535,43.0,33926,34.3,15734,15.9,5319,5.4,1509,1.5,85888,86.7,8382,8.5,1742,1.8,3011,3.0
"South Derbyshire",94611,100.0,7565,8.0,8971,9.5,78075,82.5,3163,3.3,4569,4.8,53551,56.6,45075,47.6,32550,34.4,12348,13.1,3647,3.9,991,1.0,84129,88.9,6930,7.3,1350,1.4,2202,2.3
"Blaby",93915,100.0,6464,6.9,8334,8.9,79117,84.2,2300,2.4,3677,3.9,53482,56.9,44615,47.5,33631,35.8,11764,12.5,3081,3.3,824,0.9,83363,88.8,7244,7.7,1234,1.3,2074,2.2
"Charnwood",166100,100.0,11143,6.7,14726,8.9,140231,84.4,4269,2.6,6946,4.2,99401,59.8,79906,48.1,58637,35.3,20620,12.4,5465,3.3,1472,0.9,148973,89.7,11970,7.2,1863,1.1,3294,2.0
"Harborough",85382,100.0,5048,5.9,7376,8.6,72958,85.4,1795,2.1,3209,3.8,48439,56.7,43421,50.9,29261,34.3,9707,11.4,2345,2.7,648,0.8,76399,89.5,6563,7.7,917,1.1,1503,1.8
"Hinckley and Bosworth",105078,100.0,7845,7.5,9987,9.5,87246,83.0,2979,2.8,4530,4.3,59633,56.8,48612,46.3,37653,35.8,13974,13.3,3812,3.6,1027,1.0,93284,88.8,7962,7.6,1361,1.3,2471,2.4
"Melton",50376,100.0,3165,6.3,4684,9.3,42527,84.4,1060,2.1,2061,4.1,28859,57.3,24349,48.3,17892,35.5,6295,12.5,1449,2.9,391,0.8,45103,89.5,3707,7.4,549,1.1,1017,2.0
"North West Leicestershire",93468,100.0,7837,8.4,9093,9.7,76538,81.9,3028,3.2,4307,4.6,52224,55.9,42477,45.4,33202,35.5,12978,13.9,3733,4.0,1078,1.2,82811,88.6,6973,7.5,1342,1.4,2342,2.5
"Oadby and Wigston",56170,100.0,4309,7.7,5412,9.6,46449,82.7,1434,2.6,2321,4.1,31717,56.5,25383,45.2,20568,36.6,7524,13.4,2082,3.7,613,1.1,49828,88.7,4252,7.6,751,1.3,1339,2.4
"Boston",64637,100.0,6199,9.6,6841,10.6,51597,79.8,2610,4.0,3200,5.0,34723,53.7,26298,40.7,24225,37.5,10252,15.9,3058,4.7,804,1.2,58007,89.7,3926,6.1,937,1.4,1767,2.7
"East Lindsey",136401,100.0,17475,12.8,17927,13.1,100999,74.0,7197,5.3,7724,5.7,65058,47.7,52138,38.2,48140,35.3,24915,18.3,8671,6.4,2537,1.9,118697,87.0,9524,7.0,2556,1.9,5624,4.1
"Lincoln",93541,100.0,8012,8.6,9254,9.9,76275,81.5,3799,4.1,5037,5.4,56028,59.9,41329,44.2,34216,36.6,13005,13.9,3907,4.2,1084,1.2,84602,90.4,5296,5.7,1196,1.3,2447,2.6
"North Kesteven",107766,100.0,9108,8.5,11496,10.7,87162,80.9,3323,3.1,5065,4.7,57820,53.7,49563,46.0,37834,35.1,14941,13.9,4198,3.9,1230,1.1,95573,88.7,7737,7.2,1473,1.4,2983,2.8
"South Holland",88270,100.0,8376,9.5,9821,11.1,70073,79.4,3115,3.5,4153,4.7,46423,52.6,35771,40.5,33149,37.6,13968,15.8,4167,4.7,1215,1.4,78798,89.3,5681,6.4,1273,1.4,2518,2.9
"South Kesteven",133788,100.0,10219,7.6,12910,9.6,110659,82.7,3797,2.8,5780,4.3,73948,55.3,62625,46.8,46999,35.1,17767,13.3,5005,3.7,1392,1.0,119947,89.7,9259,6.9,1603,1.2,2979,2.2
"West Lindsey",89250,100.0,7944,8.9,9840,11.0,71466,80.1,3200,3.6,4414,4.9,47510,53.2,39293,44.0,32075,35.9,13100,14.7,3790,4.2,992,1.1,78767,88.3,6858,7.7,1167,1.3,2458,2.8
"Corby",61255,100.0,5437,8.9,5431,8.9,50387,82.3,2669,4.4,2917,4.8,34739,56.7,28138,45.9,21539,35.2,8045,13.1,2697,4.4,836,1.4,55207,90.1,3495,5.7,889,1.5,1664,2.7
"Daventry",77843,100.0,5115,6.6,6998,9.0,65730,84.4,2061,2.6,3332,4.3,44461,57.1,37709,48.4,27454,35.3,9398,12.1,2577,3.3,705,0.9,69390,89.1,5997,7.7,890,1.1,1566,2.0
"East Northamptonshire",86765,100.0,5975,6.9,8108,9.3,72682,83.8,2313,2.7,3845,4.4,48813,56.3,40656,46.9,31175,35.9,11145,12.8,2945,3.4,844,1.0,77833,89.7,6143,7.1,995,1.1,1794,2.1
"Kettering",93475,100.0,7166,7.7,8826,9.4,77483,82.9,3049,3.3,4406,4.7,52360,56.0,43038,46.0,33973,36.3,12039,12.9,3477,3.7,948,1.0,83733,89.6,6496,6.9,1142,1.2,2104,2.3
"Northampton",212069,100.0,15175,7.2,18412,8.7,178482,84.2,6983,3.3,9793,4.6,124065,58.5,98367,46.4,77331,36.5,26530,12.5,7654,3.6,2187,1.0,192386,90.7,12777,6.0,2444,1.2,4462,2.1
"South Northamptonshire",85189,100.0,4899,5.8,6978,8.2,73312,86.1,1676,2.0,3122,3.7,49427,58.0,43204,50.7,29703,34.9,9378,11.0,2247,2.6,657,0.8,76436,89.7,6323,7.4,920,1.1,1510,1.8
"Wellingborough",75356,100.0,5982,7.9,7482,9.9,61892,82.1,2635,3.5,3696,4.9,41683,55.3,32913,43.7,27907,37.0,10687,14.2,2973,3.9,876,1.2,67469,89.5,5089,6.8,979,1.3,1819,2.4
"Ashfield",119497,100.0,13340,11.2,13523,11.3,92634,77.5,6069,5.1,7090,5.9,63301,53.0,50253,42.1,41200,34.5,19484,16.3,6764,5.7,1796,1.5,105429,88.2,8087,6.8,2091,1.7,3890,3.3
"Bassetlaw",112863,100.0,12202,10.8,12409,11.0,88252,78.2,5283,4.7,6284,5.6,60194,53.3,48326,42.8,39138,34.7,17794,15.8,5912,5.2,1693,1.5,99648,88.3,7988,7.1,1785,1.6,3442,3.0
"Broxtowe",109487,100.0,9474,8.7,11117,10.2,88896,81.2,3774,3.4,5279,4.8,61787,56.4,49831,45.5,38276,35.0,15614,14.3,4521,4.1,1245,1.1,97204,88.8,8059,7.4,1563,1.4,2661,2.4
"Gedling",113543,100.0,9986,8.8,11970,10.5,91587,80.7,3985,3.5,5628,5.0,62557,55.1,51154,45.1,39934,35.2,16473,14.5,4657,4.1,1325,1.2,100101,88.2,8998,7.9,1554,1.4,2890,2.5
"Mansfield",104466,100.0,12708,12.2,12100,11.6,79658,76.3,5900,5.6,6493,6.2,55109,52.8,43295,41.4,35895,34.4,16922,16.2,6476,6.2,1878,1.8,91758,87.8,7361,7.0,1797,1.7,3550,3.4
"Newark and Sherwood",114817,100.0,10966,9.6,12398,10.8,91453,79.7,4622,4.0,6086,5.3,61464,53.5,51505,44.9,39671,34.6,16874,14.7,5246,4.6,1521,1.3,101626,88.5,8380,7.3,1655,1.4,3156,2.7
"Rushcliffe",111129,100.0,7540,6.8,9939,8.9,93650,84.3,2655,2.4,4298,3.9,63175,56.8,57689,51.9,36222,32.6,12779,11.5,3468,3.1,971,0.9,99338,89.4,8553,7.7,1147,1.0,2091,1.9
"Herefordshire, County of",183477,100.0,15370,8.4,18994,10.4,149113,81.3,5957,3.2,8398,4.6,98591,53.7,83874,45.7,64494,35.2,25517,13.9,7441,4.1,2151,1.2,162801,88.7,13998,7.6,2362,1.3,4316,2.4
"Shropshire",306129,100.0,25568,8.4,31258,10.2,249303,81.4,9592,3.1,13698,4.5,166390,54.4,142309,46.5,106909,34.9,41475,13.5,11979,3.9,3457,1.1,271869,88.8,22835,7.5,4046,1.3,7379,2.4
"Stoke-on-Trent",249008,100.0,29283,11.8,27218,10.9,192507,77.3,14345,5.8,15242,6.1,132237,53.1,104510,42.0,86311,34.7,38179,15.3,15356,6.2,4652,1.9,221623,89.0,15214,6.1,4357,1.7,7814,3.1
"Telford and Wrekin",166641,100.0,15060,9.0,15935,9.6,135646,81.4,7199,4.3,8739,5.2,92413,55.5,76439,45.9,57198,34.3,22609,13.6,8023,4.8,2372,1.4,148697,89.2,10313,6.2,2653,1.6,4978,3.0
"Cannock Chase",97462,100.0,10124,10.4,10080,10.3,77258,79.3,4361,4.5,5276,5.4,53733,55.1,42634,43.7,34133,35.0,14091,14.5,5121,5.3,1483,1.5,85645,87.9,6947,7.1,1736,1.8,3134,3.2
"East Staffordshire",113583,100.0,8982,7.9,11125,9.8,93476,82.3,3722,3.3,5468,4.8,63500,55.9,52094,45.9,40576,35.7,15302,13.5,4377,3.9,1234,1.1,102116,89.9,7492,6.6,1443,1.3,2532,2.2
"Lichfield",100654,100.0,8289,8.2,9976,9.9,82389,81.9,3007,3.0,4451,4.4,55345,55.0,47225,46.9,35014,34.8,13259,13.2,3959,3.9,1197,1.2,89085,88.5,7662,7.6,1359,1.4,2548,2.5
"Newcastle-under-Lyme",123871,100.0,12427,10.0,13397,10.8,98047,79.2,5204,4.2,6644,5.4,68457,55.3,55311,44.7,42716,34.5,17802,14.4,6312,5.1,1730,1.4,109140,88.1,9235,7.5,1972,1.6,3524,2.8
"South Staffordshire",108131,100.0,9016,8.3,11197,10.4,87918,81.3,3126,2.9,4920,4.6,59955,55.4,49032,45.3,38390,35.5,14901,13.8,4435,4.1,1373,1.3,94589,87.5,9145,8.5,1721,1.6,2676,2.5
"Stafford",130869,100.0,10481,8.0,13353,10.2,107035,81.8,4000,3.1,6206,4.7,73146,55.9,60366,46.1,46574,35.6,17316,13.2,5118,3.9,1495,1.1,115829,88.5,10208,7.8,1709,1.3,3123,2.4
"Staffordshire Moorlands",97106,100.0,9599,9.9,10856,11.2,76651,78.9,3734,3.8,4986,5.1,52005,53.6,42874,44.2,34050,35.1,14432,14.9,4420,4.6,1330,1.4,84555,87.1,8308,8.6,1545,1.6,2698,2.8
"Tamworth",76813,100.0,6544,8.5,7201,9.4,63068,82.1,2967,3.9,3774,4.9,43582,56.7,35029,45.6,27064,35.2,10314,13.4,3399,4.4,1007,1.3,68698,89.4,4794,6.2,1143,1.5,2178,2.8
"North Warwickshire",62014,100.0,5764,9.3,6172,10.0,50078,80.8,2225,3.6,2969,4.8,34470,55.6,27979,45.1,21604,34.8,8725,14.1,2850,4.6,856,1.4,54495,87.9,4797,7.7,924,1.5,1798,2.9
"Nuneaton and Bedworth",125252,100.0,11877,9.5,12502,10.0,100873,80.5,5121,4.1,6363,5.1,68838,55.0,55086,44.0,44255,35.3,18133,14.5,6019,4.8,1759,1.4,111020,88.6,8557,6.8,1995,1.6,3680,2.9
"Rugby",100075,100.0,7037,7.0,9077,9.1,83961,83.9,2699,2.7,4216,4.2,56440,56.4,47711,47.7,35306,35.3,12580,12.6,3508,3.5,970,1.0,89684,89.6,7118,7.1,1211,1.2,2062,2.1
"Stratford-on-Avon",120485,100.0,8505,7.1,11829,9.8,100151,83.1,2784,2.3,4773,4.0,65905,54.7,58094,48.2,41966,34.8,15315,12.7,4049,3.4,1061,0.9,106834,88.7,9685,8.0,1413,1.2,2553,2.1
"Warwick",137648,100.0,8763,6.4,11647,8.5,117238,85.2,3384,2.5,5209,3.8,82408,59.9,69660,50.6,46720,33.9,15719,11.4,4275,3.1,1274,0.9,124201,90.2,9714,7.1,1374,1.0,2359,1.7
"Birmingham",1073045,100.0,98181,9.1,99720,9.3,875144,81.6,47004,4.4,55923,5.2,587223,54.7,488568,45.5,363904,33.9,148782,13.9,54105,5.0,17686,1.6,965665,90.0,61188,5.7,17642,1.6,28550,2.7
"Coventry",316960,100.0,27578,8.7,28669,9.0,260713,82.3,12434,3.9,15042,4.7,180380,56.9,145948,46.0,109815,34.6,42006,13.3,14765,4.7,4426,1.4,284859,89.9,19456,6.1,4707,1.5,7938,2.5
"Dudley",312925,100.0,30578,9.8,32850,10.5,249497,79.7,12386,4.0,15648,5.0,167190,53.4,132825,42.4,111905,35.8,47828,15.3,15918,5.1,4449,1.4,274951,87.9,23156,7.4,5345,1.7,9473,3.0
"Sandwell",308063,100.0,33248,10.8,31155,10.1,243660,79.1,14821,4.8,16538,5.4,163629,53.1,129182,41.9,107081,34.8,48087,15.6,18171,5.9,5542,1.8,274533,89.1,17785,5.8,5808,1.9,9937,3.2
"Solihull",206674,100.0,16854,8.2,20073,9.7,169747,82.1,6259,3.0,8821,4.3,112817,54.6,98197,47.5,70683,34.2,27056,13.1,8241,4.0,2497,1.2,182561,88.3,16084,7.8,2896,1.4,5133,2.5
"Walsall",269323,100.0,28065,10.4,27837,10.3,213421,79.2,11911,4.4,14145,5.3,141252,52.4,113525,42.2,94650,35.1,41653,15.5,14968,5.6,4527,1.7,238691,88.6,17015,6.3,4840,1.8,8777,3.3
"Wolverhampton",249470,100.0,25416,10.2,25842,10.4,198212,79.5,11081,4.4,13395,5.4,134942,54.1,104263,41.8,88168,35.3,39096,15.7,13796,5.5,4147,1.7,222334,89.1,15450,6.2,4278,1.7,7408,3.0
"Bromsgrove",93637,100.0,7585,8.1,8863,9.5,77189,82.4,2500,2.7,3690,3.9,51782,55.3,45932,49.1,31306,33.4,11885,12.7,3484,3.7,1030,1.1,82436,88.0,7723,8.2,1304,1.4,2174,2.3
"Malvern Hills",74631,100.0,6477,8.7,8112,10.9,60042,80.5,2182,2.9,3208,4.3,38848,52.1,34011,45.6,26171,35.1,10494,14.1,2939,3.9,1016,1.4,65241,87.4,6543,8.8,1000,1.3,1847,2.5
"Redditch",84214,100.0,6723,8.0,7643,9.1,69848,82.9,3150,3.7,4113,4.9,48509,57.6,39391,46.8,29354,34.9,10913,13.0,3522,4.2,1034,1.2,75325,89.4,5559,6.6,1176,1.4,2154,2.6
"Worcester",98768,100.0,7131,7.2,8874,9.0,82763,83.8,3018,3.1,4560,4.6,58104,58.8,46851,47.4,34497,34.9,12625,12.8,3780,3.8,1015,1.0,89120,90.2,6386,6.5,1187,1.2,2075,2.1
"Wychavon",116944,100.0,8936,7.6,11649,10.0,96359,82.4,3122,2.7,4837,4.1,64065,54.8,54212,46.4,41641,35.6,15608,13.3,4339,3.7,1144,1.0,103510,88.5,9225,7.9,1418,1.2,2791,2.4
"Wyre Forest",97975,100.0,8993,9.2,10506,10.7,78476,80.1,3662,3.7,4766,4.9,52299,53.4,42730,43.6,34481,35.2,14881,15.2,4548,4.6,1335,1.4,86852,88.6,7086,7.2,1360,1.4,2677,2.7
"Bedford",157479,100.0,11181,7.1,14020,8.9,132278,84.0,4768,3.0,6772,4.3,89463,56.8,73860,46.9,56663,36.0,19812,12.6,5596,3.6,1548,1.0,141395,89.8,10838,6.9,2055,1.3,3191,2.0
"Central Bedfordshire",254381,100.0,15465,6.1,21142,8.3,217774,85.6,6097,2.4,10069,4.0,148547,58.4,125019,49.1,90360,35.5,29202,11.5,7672,3.0,2128,0.8,228546,89.8,18247,7.2,2702,1.1,4886,1.9
"Luton",203201,100.0,14073,6.9,16514,8.1,172614,84.9,6605,3.3,9284,4.6,116675,57.4,94607,46.6,73300,36.1,25277,12.4,7571,3.7,2446,1.2,184945,91.0,10975,5.4,2836,1.4,4445,2.2
"Peterborough",183631,100.0,14053,7.7,16538,9.0,153040,83.3,6526,3.6,8856,4.8,104235,56.8,81275,44.3,68493,37.3,24362,13.3,7425,4.0,2076,1.1,165941,90.4,10732,5.8,2616,1.4,4342,2.4
"Southend-on-Sea",173658,100.0,15275,8.8,16841,9.7,141542,81.5,6214,3.6,8274,4.8,95335,54.9,78341,45.1,60929,35.1,24420,14.1,7778,4.5,2190,1.3,155976,89.8,11412,6.6,2131,1.2,4139,2.4
"Thurrock",157705,100.0,11401,7.2,13149,8.3,133155,84.4,5199,3.3,6920,4.4,91267,57.9,76012,48.2,54788,34.7,19389,12.3,5888,3.7,1628,1.0,143099,90.7,8613,5.5,2172,1.4,3821,2.4
"Cambridge",123867,100.0,6798,5.5,9266,7.5,107803,87.0,2979,2.4,5070,4.1,83357,67.3,67743,54.7,39600,32.0,12021,9.7,3533,2.9,970,0.8,114090,92.1,7146,5.8,1042,0.8,1589,1.3
"East Cambridgeshire",83818,100.0,5423,6.5,7479,8.9,70916,84.6,1982,2.4,3346,4.0,47846,57.1,40874,48.8,29487,35.2,10131,12.1,2614,3.1,712,0.8,75529,90.1,5725,6.8,927,1.1,1637,2.0
"Fenland",95262,100.0,9476,9.9,10554,11.1,75232,79.0,3892,4.1,4798,5.0,50473,53.0,37577,39.4,36042,37.8,15760,16.5,4590,4.8,1293,1.4,84668,88.9,6154,6.5,1496,1.6,2944,3.1
"Huntingdonshire",169508,100.0,10653,6.3,14650,8.6,144205,85.1,4392,2.6,6972,4.1,98493,58.1,82675,48.8,60470,35.7,19682,11.6,5239,3.1,1442,0.9,152983,90.3,11150,6.6,1911,1.1,3464,2.0
"South Cambridgeshire",148755,100.0,8271,5.6,12457,8.4,128027,86.1,3023,2.0,5523,3.7,86094,57.9,78041,52.5,50147,33.7,15792,10.6,3739,2.5,1036,0.7,133764,89.9,11138,7.5,1409,0.9,2444,1.6
"Basildon",174497,100.0,14296,8.2,16040,9.2,144161,82.6,6199,3.6,8046,4.6,97065,55.6,80704,46.2,60991,35.0,23145,13.3,7355,4.2,2302,1.3,156864,89.9,10776,6.2,2402,1.4,4455,2.6
"Braintree",147084,100.0,10695,7.3,13415,9.1,122974,83.6,4298,2.9,6510,4.4,82877,56.3,69884,47.5,52492,35.7,18291,12.4,5046,3.4,1371,0.9,132254,89.9,10001,6.8,1700,1.2,3129,2.1
"Brentwood",73601,100.0,5019,6.8,6430,8.7,62152,84.4,1756,2.4,2774,3.8,41536,56.4,37548,51.0,24537,33.3,8565,11.6,2306,3.1,645,0.9,65805,89.4,5539,7.5,819,1.1,1438,2.0
"Castle Point",88011,100.0,7995,9.1,8753,9.9,71263,81.0,2841,3.2,3731,4.2,47569,54.0,38280,43.5,31786,36.1,12963,14.7,3873,4.4,1109,1.3,78114,88.8,6100,6.9,1288,1.5,2509,2.9
"Chelmsford",168310,100.0,10186,6.1,14124,8.4,144000,85.6,3952,2.3,6509,3.9,98524,58.5,84476,50.2,58430,34.7,19261,11.4,4778,2.8,1365,0.8,151560,90.0,11962,7.1,1720,1.0,3068,1.8
"Colchester",173074,100.0,12141,7.0,15202,8.8,145731,84.2,5213,3.0,7442,4.3,101464,58.6,84520,48.8,60279,34.8,20925,12.1,5692,3.3,1658,1.0,156504,90.4,11121,6.4,2036,1.2,3413,2.0
"Epping Forest",124659,100.0,8831,7.1,10770,8.6,105058,84.3,3202,2.6,4810,3.9,71146,57.1,61413,49.3,42077,33.8,15435,12.4,4441,3.6,1293,1.0,111850,89.7,8870,7.1,1439,1.2,2500,2.0
"Harlow",81944,100.0,6416,7.8,7592,9.3,67936,82.9,2764,3.4,3980,4.9,46012,56.2,36969,45.1,29380,35.9,11203,13.7,3398,4.1,994,1.2,73883,90.2,5025,6.1,1158,1.4,1878,2.3
"Maldon",61629,100.0,4702,7.6,6036,9.8,50891,82.6,1752,2.8,2716,4.4,33962,55.1,28471,46.2,21961,35.6,8269,13.4,2260,3.7,668,1.1,54468,88.4,4870,7.9,837,1.4,1454,2.4
"Rochford",83287,100.0,5957,7.2,8165,9.8,69165,83.0,2066,2.5,3516,4.2,46010,55.2,39774,47.8,29085,34.9,10832,13.0,2816,3.4,780,0.9,73866,88.7,6508,7.8,1033,1.2,1880,2.3
"Tendring",138048,100.0,17303,12.5,17959,13.0,102786,74.5,6319,4.6,7173,5.2,64730,46.9,53035,38.4,49451,35.8,25052,18.1,8048,5.8,2462,1.8,120698,87.4,10081,7.3,2377,1.7,4892,3.5
"Uttlesford",79443,100.0,4440,5.6,6400,8.1,68603,86.4,1519,1.9,2754,3.5,45551,57.3,41746,52.5,26483,33.3,8620,10.9,2067,2.6,527,0.7,71510,90.0,5826,7.3,783,1.0,1324,1.7
"Broxbourne",93609,100.0,6396,6.8,7885,8.4,79328,84.7,2512,2.7,3602,3.8,53440,57.1,44661,47.7,33072,35.3,11544,12.3,3357,3.6,975,1.0,84538,90.3,5847,6.2,1124,1.2,2100,2.2
"Dacorum",144847,100.0,9180,6.3,12156,8.4,123511,85.3,3676,2.5,5751,4.0,83673,57.8,72910,50.3,49326,34.1,16778,11.6,4576,3.2,1257,0.9,129973,89.7,10551,7.3,1554,1.1,2769,1.9
"East Hertfordshire",137687,100.0,7360,5.3,10685,7.8,119642,86.9,2726,2.0,4922,3.6,81238,59.0,72332,52.5,46399,33.7,14325,10.4,3678,2.7,953,0.7,124888,90.7,9361,6.8,1313,1.0,2125,1.5
"Hertsmere",100031,100.0,6755,6.8,8114,8.1,85162,85.1,2623,2.6,3662,3.7,57228,57.2,51558,51.5,32887,32.9,11433,11.4,3208,3.2,945,0.9,90176,90.1,6769,6.8,1266,1.3,1820,1.8
"North Hertfordshire",127114,100.0,8017,6.3,11165,8.8,107932,84.9,2750,2.2,4990,3.9,72937,57.4,63801,50.2,43360,34.1,14965,11.8,3958,3.1,1030,0.8,114309,89.9,9076,7.1,1386,1.1,2343,1.8
"St Albans",140664,100.0,7616,5.4,10479,7.4,122569,87.1,2707,1.9,4647,3.3,81460,57.9,77531,55.1,44813,31.9,13802,9.8,3521,2.5,997,0.7,127290,90.5,9794,7.0,1378,1.0,2202,1.6
"Stevenage",83957,100.0,5967,7.1,7240,8.6,70750,84.3,2570,3.1,3695,4.4,48729,58.0,39514,47.1,29953,35.7,10652,12.7,2984,3.6,854,1.0,75407,89.8,5365,6.4,1053,1.3,2132,2.5
"Three Rivers",87317,100.0,5402,6.2,7223,8.3,74692,85.5,1948,2.2,3236,3.7,49929,57.2,44267,50.7,29873,34.2,9772,11.2,2672,3.1,733,0.8,78462,89.9,6404,7.3,934,1.1,1517,1.7
"Watford",90301,100.0,5469,6.1,6831,7.6,78001,86.4,2359,2.6,3578,4.0,54605,60.5,45200,50.1,31453,34.8,9911,11.0,2931,3.2,806,0.9,82239,91.1,5412,6.0,1066,1.2,1584,1.8
"Welwyn Hatfield",110535,100.0,6924,6.3,8984,8.1,94627,85.6,2681,2.4,4221,3.8,66528,60.2,56252,50.9,37488,33.9,12427,11.2,3431,3.1,937,0.8,100165,90.6,7112,6.4,1182,1.1,2076,1.9
"Breckland",130491,100.0,11537,8.8,14108,10.8,104846,80.3,4301,3.3,6058,4.6,69010,52.9,55097,42.2,48663,37.3,19565,15.0,5623,4.3,1543,1.2,116566,89.3,8537,6.5,1811,1.4,3577,2.7
"Broadland",124646,100.0,10089,8.1,13241,10.6,101316,81.3,3504,2.8,5440,4.4,66897,53.7,55219,44.3,46106,37.0,17475,14.0,4499,3.6,1347,1.1,110303,88.5,9925,8.0,1527,1.2,2891,2.3
"Great Yarmouth",97277,100.0,10578,10.9,11274,11.6,75425,77.5,4490,4.6,5200,5.3,49687,51.1,39204,40.3,35032,36.0,16130,16.6,5330,5.5,1581,1.6,86372,88.8,5984,6.2,1572,1.6,3349,3.4
"King`s Lynn and West Norfolk",147451,100.0,14426,9.8,16955,11.5,116070,78.7,5494,3.7,7098,4.8,76206,51.7,60322,40.9,54681,37.1,23441,15.9,7077,4.8,1930,1.3,130039,88.2,10357,7.0,2261,1.5,4794,3.3
"North Norfolk",101499,100.0,10456,10.3,13153,13.0,77890,76.7,3636,3.6,4954,4.9,49043,48.3,39504,38.9,38336,37.8,17412,17.2,4839,4.8,1408,1.4,89097,87.8,7959,7.8,1450,1.4,2993,2.9
"Norwich",132512,100.0,11372,8.6,13002,9.8,108138,81.6,5365,4.0,7144,5.4,78951,59.6,59454,44.9,46939,35.4,18620,14.1,5862,4.4,1637,1.2,120628,91.0,7492,5.7,1523,1.1,2869,2.2
"South Norfolk",124012,100.0,9238,7.4,13002,10.5,101772,82.1,3324,2.7,5404,4.4,66466,53.6,57480,46.4,44400,35.8,16575,13.4,4297,3.5,1260,1.0,110192,88.9,9604,7.7,1482,1.2,2734,2.2
"Babergh",87740,100.0,6333,7.2,8910,10.2,72497,82.6,2266,2.6,3685,4.2,47114,53.7,40875,46.6,31433,35.8,11624,13.2,3023,3.4,785,0.9,78024,88.9,6819,7.8,1020,1.2,1877,2.1
"Forest Heath",59748,100.0,4024,6.7,4986,8.3,50738,84.9,1536,2.6,2269,3.8,35185,58.9,28739,48.1,21194,35.5,7235,12.1,2035,3.4,545,0.9,54796,91.7,3110,5.2,634,1.1,1208,2.0
"Ipswich",133384,100.0,10718,8.0,12824,9.6,109842,82.4,4795,3.6,6636,5.0,76135,57.1,60771,45.6,47800,35.8,18053,13.5,5233,3.9,1527,1.1,120322,90.2,8193,6.1,1730,1.3,3139,2.4
"Mid Suffolk",96731,100.0,6450,6.7,9559,9.9,80722,83.4,2193,2.3,4022,4.2,53221,55.0,46319,47.9,34155,35.3,12432,12.9,3020,3.1,805,0.8,86263,89.2,7418,7.7,1055,1.1,1995,2.1
"St Edmundsbury",111008,100.0,7863,7.1,10350,9.3,92795,83.6,2873,2.6,4453,4.0,62367,56.2,52543,47.3,39656,35.7,14081,12.7,3695,3.3,1033,0.9,99949,90.0,7550,6.8,1187,1.1,2322,2.1
"Suffolk Coastal",124298,100.0,9790,7.9,13173,10.6,101335,81.5,3270,2.6,5225,4.2,65101,52.4,57526,46.3,44087,35.5,17122,13.8,4427,3.6,1136,0.9,109461,88.1,10276,8.3,1642,1.3,2919,2.3
"Waveney",115254,100.0,12158,10.5,13551,11.8,89545,77.7,4678,4.1,5692,4.9,57506,49.9,47348,41.1,41820,36.3,18541,16.1,5829,5.1,1716,1.5,101603,88.2,8141,7.1,1776,1.5,3734,3.2
"Camden",220338,100.0,15531,7.0,16300,7.4,188507,85.6,8810,4.0,9784,4.4,142302,64.6,117692,53.4,67334,30.6,22963,10.4,9174,4.2,3175,1.4,203032,92.1,11551,5.2,2437,1.1,3318,1.5
"City of London",7375,100.0,328,4.4,520,7.1,6527,88.5,141,1.9,253,3.4,5326,72.2,4112,55.8,2374,32.2,643,8.7,190,2.6,56,0.8,6799,92.2,455,6.2,51,0.7,70,0.9
"Hackney",246270,100.0,18064,7.3,17620,7.2,210586,85.5,10943,4.4,12073,4.9,154734,62.8,128442,52.2,75699,30.7,26837,10.9,11183,4.5,4109,1.7,228322,92.7,10734,4.4,3094,1.3,4120,1.7
"Hammersmith and Fulham",182493,100.0,11473,6.3,11485,6.3,159535,87.4,6549,3.6,6984,3.8,122917,67.4,103036,56.5,53374,29.2,17188,9.4,6531,3.6,2364,1.3,170159,93.2,7936,4.3,1867,1.0,2531,1.4
"Haringey",254926,100.0,17255,6.8,18408,7.2,219263,86.0,9810,3.8,11696,4.6,158981,62.4,126485,49.6,85567,33.6,28444,11.2,10650,4.2,3780,1.5,236039,92.6,11812,4.6,2904,1.1,4171,1.6
"Islington",206125,100.0,16542,8.0,15729,7.6,173854,84.3,9766,4.7,10298,5.0,135200,65.6,106386,51.6,63382,30.7,23113,11.2,9771,4.7,3473,1.7,189814,92.1,10044,4.9,2505,1.2,3762,1.8
"Kensington and Chelsea",158649,100.0,9332,5.9,10237,6.5,139080,87.7,5113,3.2,5815,3.7,104224,65.7,91764,57.8,45189,28.5,14464,9.1,5357,3.4,1875,1.2,147671,93.1,7472,4.7,1552,1.0,1954,1.2
"Lambeth",303086,100.0,18618,6.1,20053,6.6,264415,87.2,10432,3.4,12878,4.2,201803,66.6,160326,52.9,97286,32.1,31188,10.3,10729,3.5,3557,1.2,282609,93.2,13035,4.3,3172,1.0,4270,1.4
"Lewisham",275885,100.0,19523,7.1,20212,7.3,236150,85.6,10388,3.8,12264,4.4,169962,61.6,135428,49.1,93850,34.0,32289,11.7,10755,3.9,3563,1.3,253364,91.8,13931,5.0,3502,1.3,5088,1.8
"Newham",307984,100.0,21563,7.0,21148,6.9,265273,86.1,12254,4.0,14427,4.7,190816,62.0,149269,48.5,106549,34.6,34839,11.3,12763,4.1,4564,1.5,283380,92.0,13094,4.3,5191,1.7,6319,2.1
"Southwark",288283,100.0,18978,6.6,20002,6.9,249303,86.5,10891,3.8,12976,4.5,188705,65.5,154204,53.5,90004,31.2,29935,10.4,10544,3.7,3596,1.2,267558,92.8,12531,4.3,3446,1.2,4748,1.6
"Tower Hamlets",254096,100.0,17258,6.8,17045,6.7,219793,86.5,10293,4.1,11911,4.7,166179,65.4,128468,50.6,83209,32.7,27062,10.7,11228,4.4,4129,1.6,234740,92.4,10931,4.3,3510,1.4,4915,1.9
"Wandsworth",306995,100.0,16114,5.2,18272,6.0,272609,88.8,8117,2.6,10664,3.5,210297,68.5,176198,57.4,91935,29.9,27299,8.9,8749,2.8,2814,0.9,287010,93.5,13132,4.3,2876,0.9,3977,1.3
"Westminster",219396,100.0,15326,7.0,15553,7.1,188517,85.9,8862,4.0,9482,4.3,143954,65.6,118808,54.2,65807,30.0,22027,10.0,9263,4.2,3491,1.6,203518,92.8,9916,4.5,2536,1.2,3426,1.6
"Barking and Dagenham",185911,100.0,15584,8.4,14876,8.0,155451,83.6,7823,4.2,8730,4.7,101739,54.7,87819,47.2,62720,33.7,24042,12.9,8686,4.7,2644,1.4,169710,91.3,8637,4.6,2941,1.6,4623,2.5
"Barnet",356386,100.0,23475,6.6,26428,7.4,306483,86.0,10243,2.9,13411,3.8,211066,59.2,183453,51.5,117508,33.0,39172,11.0,12197,3.4,4056,1.1,324066,90.9,21487,6.0,4586,1.3,6247,1.8
"Bexley",231997,100.0,17057,7.4,19996,8.6,194944,84.0,6832,2.9,9139,3.9,131248,56.6,111323,48.0,80446,34.7,29015,12.5,8688,3.7,2525,1.1,208475,89.9,14752,6.4,3051,1.3,5719,2.5
"Brent",311215,100.0,21669,7.0,23213,7.5,266333,85.6,11112,3.6,13855,4.5,190815,61.3,149695,48.1,108169,34.8,36731,11.8,12339,4.0,4281,1.4,284605,91.4,15813,5.1,4938,1.6,5859,1.9
"Bromley",309392,100.0,20472,6.6,25851,8.4,263069,85.0,7982,2.6,11787,3.8,177000,57.2,154998,50.1,105574,34.1,36098,11.7,9904,3.2,2818,0.9,278380,90.0,21274,6.9,3439,1.1,6299,2.0
"Croydon",363378,100.0,24380,6.7,28733,7.9,310265,85.4,11840,3.3,15629,4.3,212424,58.5,174584,48.0,128634,35.4,43473,12.0,12734,3.5,3953,1.1,329695,90.7,22063,6.1,4750,1.3,6870,1.9
"Ealing",338449,100.0,22885,6.8,24894,7.4,290670,85.9,11184,3.3,14520,4.3,207641,61.4,166385,49.2,116712,34.5,38421,11.4,12817,3.8,4114,1.2,309676,91.5,17668,5.2,5033,1.5,6072,1.8
"Enfield",312466,100.0,22682,7.3,25297,8.1,264487,84.6,11119,3.6,14074,4.5,178439,57.1,146351,46.8,109394,35.0,39699,12.7,12840,4.1,4182,1.3,284842,91.2,17299,5.5,4131,1.3,6194,2.0
"Greenwich",254557,100.0,19017,7.5,19417,7.6,216123,84.9,10011,3.9,11377,4.5,151659,59.6,127641,50.1,83875,32.9,29386,11.5,10420,4.1,3235,1.3,232543,91.4,13085,5.1,3519,1.4,5410,2.1
"Harrow",239056,100.0,16167,6.8,18687,7.8,204202,85.4,6788,2.8,9424,3.9,141119,59.0,113731,47.6,86069,36.0,28329,11.9,8289,3.5,2638,1.1,214436,89.7,15889,6.6,3947,1.7,4784,2.0
"Havering",237232,100.0,19466,8.2,21478,9.1,196288,82.7,7409,3.1,9735,4.1,133423,56.2,109131,46.0,84378,35.6,31492,13.3,9464,4.0,2767,1.2,212018,89.4,16094,6.8,3285,1.4,5835,2.5
"Hillingdon",273936,100.0,17981,6.6,21198,7.7,234757,85.7,8043,2.9,11071,4.0,162751,59.4,133627,48.8,96647,35.3,31492,11.5,9404,3.4,2766,1.0,248031,90.5,16563,6.0,3816,1.4,5526,2.0
"Hounslow",253957,100.0,16403,6.5,18600,7.3,218954,86.2,8193,3.2,10514,4.1,156858,61.8,124442,49.0,89064,35.1,28552,11.2,9085,3.6,2814,1.1,231647,91.2,13897,5.5,3623,1.4,4790,1.9
"Kingston upon Thames",160060,100.0,8605,5.4,11297,7.1,140158,87.6,3508,2.2,5679,3.5,100245,62.6,84332,52.7,53598,33.5,16425,10.3,4438,2.8,1267,0.8,146772,91.7,9331,5.8,1611,1.0,2346,1.5
"Merton",199693,100.0,11239,5.6,13993,7.0,174461,87.4,4997,2.5,7290,3.7,125431,62.8,103891,52.0,67098,33.6,21025,10.5,5930,3.0,1749,0.9,183366,91.8,10531,5.3,2408,1.2,3388,1.7
"Redbridge",278970,100.0,19534,7.0,21838,7.8,237598,85.2,8740,3.1,11911,4.3,162076,58.1,134230,48.1,97595,35.0,33470,12.0,10479,3.8,3196,1.1,251679,90.2,17182,6.2,4405,1.6,5704,2.0
"Richmond upon Thames",186990,100.0,9137,4.9,12310,6.6,165543,88.5,3663,2.0,5776,3.1,115317,61.7,107217,57.3,57088,30.5,16662,8.9,4617,2.5,1406,0.8,171188,91.5,11816,6.3,1605,0.9,2381,1.3
"Sutton",190146,100.0,12122,6.4,15067,7.9,162957,85.7,5100,2.7,7537,4.0,112288,59.1,92668,48.7,67563,35.5,22127,11.6,6072,3.2,1716,0.9,171848,90.4,12436,6.5,2242,1.2,3620,1.9
"Waltham Forest",258249,100.0,17884,6.9,19744,7.6,220621,85.4,9114,3.5,11833,4.6,156618,60.6,121652,47.1,91954,35.6,31133,12.1,10053,3.9,3457,1.3,236976,91.8,12887,5.0,3426,1.3,4960,1.9
"Bracknell Forest",113205,100.0,5901,5.2,7996,7.1,99308,87.7,2420,2.1,4056,3.6,69120,61.1,59320,52.4,38814,34.3,11394,10.1,2859,2.5,818,0.7,103531,91.5,6719,5.9,1098,1.0,1857,1.6
"Brighton and Hove",273369,100.0,20445,7.5,24124,8.8,228800,83.7,10216,3.7,13440,4.9,169676,62.1,134673,49.3,91970,33.6,32298,11.8,11151,4.1,3277,1.2,249402,91.2,16401,6.0,2850,1.0,4716,1.7
"Isle of Wight",138265,100.0,14274,10.3,16972,12.3,107019,77.4,5711,4.1,7327,5.3,69597,50.3,56420,40.8,50514,36.5,22378,16.2,6921,5.0,2032,1.5,121845,88.1,10208,7.4,2108,1.5,4104,3.0
"Medway",263925,100.0,19733,7.5,23621,8.9,220571,83.6,9236,3.5,12399,4.7,151871,57.5,120662,45.7,95679,36.3,34307,13.0,10388,3.9,2889,1.1,238892,90.5,15001,5.7,3348,1.3,6684,2.5
"Milton Keynes",248821,100.0,15802,6.4,18736,7.5,214283,86.1,7593,3.1,10564,4.2,147761,59.4,124826,50.2,86778,34.9,26929,10.8,7955,3.2,2333,0.9,227024,91.2,14018,5.6,2991,1.2,4788,1.9
"Portsmouth",205056,100.0,15068,7.3,17791,8.7,172197,84.0,6759,3.3,9447,4.6,123638,60.3,97795,47.7,71443,34.8,25464,12.4,7995,3.9,2359,1.2,187920,91.6,10794,5.3,2239,1.1,4103,2.0
"Reading",155698,100.0,8815,5.7,11295,7.3,135588,87.1,3965,2.5,6080,3.9,97705,62.8,78169,50.2,54913,35.3,16770,10.8,4590,2.9,1256,0.8,143383,92.1,8074,5.2,1642,1.1,2599,1.7
"Slough",140205,100.0,8611,6.1,10173,7.3,121421,86.6,4279,3.1,6102,4.4,83440,59.5,67156,47.9,50464,36.0,16288,11.6,4906,3.5,1391,1.0,128579,91.7,7058,5.0,1977,1.4,2591,1.8
"Southampton",236882,100.0,18165,7.7,20234,8.5,198483,83.8,8705,3.7,11080,4.7,144973,61.2,112653,47.6,82880,35.0,29278,12.4,9223,3.9,2848,1.2,216519,91.4,12681,5.4,2880,1.2,4802,2.0
"West Berkshire",153822,100.0,8262,5.4,12016,7.8,133544,86.8,3163,2.1,5605,3.6,90337,58.7,79432,51.6,53069,34.5,16456,10.7,3818,2.5,1047,0.7,139534,90.7,10313,6.7,1466,1.0,2509,1.6
"Windsor and Maidenhead",144560,100.0,7952,5.5,10412,7.2,126196,87.3,2551,1.8,4375,3.0,84897,58.7,78802,54.5,46571,32.2,14234,9.8,3872,2.7,1081,0.7,131325,90.8,9604,6.6,1432,1.0,2199,1.5
"Wokingham",154380,100.0,7262,4.7,11118,7.2,136000,88.1,2496,1.6,5008,3.2,91717,59.4,83759,54.3,51808,33.6,14566,9.4,3310,2.1,937,0.6,140478,91.0,10190,6.6,1397,0.9,2315,1.5
"Aylesbury Vale",174137,100.0,9921,5.7,13733,7.9,150483,86.4,3899,2.2,6584,3.8,102048,58.6,89515,51.4,59530,34.2,19073,11.0,4661,2.7,1358,0.8,157571,90.5,11840,6.8,1787,1.0,2939,1.7
"Chiltern",92635,100.0,5054,5.5,7394,8.0,80187,86.6,1681,1.8,2814,3.0,51216,55.3,49848,53.8,30368,32.8,9433,10.2,2334,2.5,652,0.7,82971,89.6,7324,7.9,859,0.9,1481,1.6
"South Bucks",66867,100.0,3965,5.9,5335,8.0,57567,86.1,1202,1.8,2095,3.1,37953,56.8,35055,52.4,22267,33.3,7025,10.5,1959,2.9,561,0.8,59974,89.7,4982,7.5,737,1.1,1174,1.8
"Wycombe",171644,100.0,9339,5.4,13187,7.7,149118,86.9,3399,2.0,6085,3.5,100107,58.3,88483,51.6,58721,34.2,18456,10.8,4653,2.7,1331,0.8,155253,90.5,11674,6.8,1885,1.1,2832,1.6
"Eastbourne",99412,100.0,9622,9.7,11209,11.3,78581,79.0,3707,3.7,4767,4.8,51914,52.2,42818,43.1,35193,35.4,15251,15.3,4712,4.7,1438,1.4,88894,89.4,6678,6.7,1261,1.3,2579,2.6
"Hastings",90254,100.0,9581,10.6,10375,11.5,70298,77.9,4832,5.4,5586,6.2,47669,52.8,36556,40.5,32707,36.2,14276,15.8,5159,5.7,1556,1.7,80812,89.5,5708,6.3,1321,1.5,2413,2.7
"Lewes",97502,100.0,8471,8.7,10583,10.9,78448,80.5,3164,3.2,4424,4.5,50792,52.1,43719,44.8,34634,35.5,13900,14.3,4066,4.2,1183,1.2,86001,88.2,8000,8.2,1197,1.2,2304,2.4
"Rother",90588,100.0,9651,10.7,11591,12.8,69346,76.6,3255,3.6,4304,4.8,43037,47.5,36737,40.6,33152,36.6,14960,16.5,4463,4.9,1276,1.4,79327,87.6,7279,8.0,1250,1.4,2732,3.0
"Wealden",148915,100.0,10918,7.3,15144,10.2,122853,82.5,3733,2.5,5860,3.9,78708,52.9,70867,47.6,52009,34.9,19408,13.0,5198,3.5,1433,1.0,132228,88.8,11872,8.0,1716,1.2,3099,2.1
"Basingstoke and Deane",167799,100.0,9326,5.6,13402,8.0,145071,86.5,3967,2.4,6601,3.9,99228,59.1,85034,50.7,58917,35.1,18047,10.8,4559,2.7,1242,0.7,152566,90.9,10548,6.3,1697,1.0,2988,1.8
"East Hampshire",115608,100.0,7402,6.4,9841,8.5,98365,85.1,2611,2.3,4190,3.6,64915,56.2,58330,50.5,40113,34.7,12885,11.1,3336,2.9,944,0.8,103977,89.9,8497,7.3,1106,1.0,2028,1.8
"Eastleigh",125199,100.0,8279,6.6,10837,8.7,106083,84.7,3236,2.6,5109,4.1,72306,57.8,61561,49.2,44190,35.3,14538,11.6,3817,3.0,1093,0.9,112478,89.8,8895,7.1,1417,1.1,2409,1.9
"Fareham",111581,100.0,7548,6.8,10839,9.7,93194,83.5,2473,2.2,4502,4.0,62402,55.9,54170,48.5,39284,35.2,13638,12.2,3489,3.1,1000,0.9,99702,89.4,8382,7.5,1198,1.1,2299,2.1
"Gosport",82622,100.0,6405,7.8,8095,9.8,68122,82.5,2710,3.3,3942,4.8,45644,55.2,37447,45.3,29915,36.2,11224,13.6,3215,3.9,821,1.0,74446,90.1,5239,6.3,988,1.2,1949,2.4
"Hart",91033,100.0,4123,4.5,6822,7.5,80088,88.0,1451,1.6,2926,3.2,53286,58.5,50079,55.0,30120,33.1,8432,9.3,1891,2.1,511,0.6,83037,91.2,5931,6.5,779,0.9,1286,1.4
"Havant",120684,100.0,10647,8.8,12696,10.5,97341,80.7,4339,3.6,5425,4.5,63618,52.7,53474,44.3,43275,35.9,17188,14.2,5172,4.3,1575,1.3,107566,89.1,8185,6.8,1620,1.3,3313,2.7
"New Forest",176462,100.0,14591,8.3,19391,11.0,142480,80.7,4753,2.7,7273,4.1,91346,51.8,79671,45.1,63302,35.9,24871,14.1,6715,3.8,1903,1.1,155715,88.2,14238,8.1,2195,1.2,4314,2.4
"Rushmoor",93807,100.0,5250,5.6,7185,7.7,81372,86.7,2302,2.5,3853,4.1,57255,61.0,46970,50.1,33340,35.5,10099,10.8,2625,2.8,773,0.8,86057,91.7,5145,5.5,989,1.1,1616,1.7
"Test Valley",116398,100.0,7456,6.4,10263,8.8,98679,84.8,2742,2.4,4580,3.9,65695,56.4,58222,50.0,40262,34.6,13530,11.6,3457,3.0,927,0.8,104283,89.6,8551,7.3,1272,1.1,2292,2.0
"Winchester",116595,100.0,6862,5.9,10065,8.6,99668,85.5,2318,2.0,4305,3.7,66708,57.2,62025,53.2,38219,32.8,12354,10.6,3135,2.7,862,0.7,105023,90.1,8613,7.4,1025,0.9,1934,1.7
"Ashford",117956,100.0,8416,7.1,10669,9.0,98871,83.8,3489,3.0,5107,4.3,64847,55.0,56128,47.6,41385,35.1,15027,12.7,4163,3.5,1253,1.1,106137,90.0,7686,6.5,1428,1.2,2705,2.3
"Canterbury",151145,100.0,12427,8.2,14891,9.9,123827,81.9,4762,3.2,6612,4.4,86152,57.0,70764,46.8,52338,34.6,20211,13.4,6133,4.1,1699,1.1,135562,89.7,10089,6.7,1815,1.2,3679,2.4
"Dartford",97365,100.0,6621,6.8,8114,8.3,82630,84.9,2718,2.8,3955,4.1,56717,58.3,47273,48.6,33941,34.9,11837,12.2,3314,3.4,1000,1.0,88146,90.5,5927,6.1,1126,1.2,2166,2.2
"Dover",111674,100.0,10853,9.7,12404,11.1,88417,79.2,4473,4.0,5815,5.2,58577,52.5,48433,43.4,39477,35.4,16745,15.0,5538,5.0,1481,1.3,99020,88.7,7892,7.1,1579,1.4,3183,2.9
"Gravesham",101720,100.0,7796,7.7,9546,9.4,84378,83.0,3418,3.4,4521,4.4,56735,55.8,47298,46.5,35572,35.0,13629,13.4,4104,4.0,1117,1.1,91410,89.9,6371,6.3,1383,1.4,2556,2.5
"Maidstone",155143,100.0,10660,6.9,13845,8.9,130638,84.2,4182,2.7,6457,4.2,88323,56.9,74636,48.1,54384,35.1,19291,12.4,5323,3.4,1509,1.0,139582,90.0,10472,6.7,1728,1.1,3361,2.2
"Sevenoaks",114893,100.0,7219,6.3,9872,8.6,97802,85.1,2564,2.2,4182,3.6,64068,55.8,58796,51.2,38344,33.4,13180,11.5,3569,3.1,1004,0.9,102948,89.6,8501,7.4,1190,1.0,2254,2.0
"Shepway",107969,100.0,10753,10.0,11965,11.1,85251,79.0,4517,4.2,5458,5.1,56370,52.2,45577,42.2,38999,36.1,16465,15.2,5321,4.9,1607,1.5,95663,88.6,7465,6.9,1663,1.5,3178,2.9
"Swale",135835,100.0,11742,8.6,13580,10.0,110513,81.4,5357,3.9,6728,5.0,73831,54.4,60198,44.3,48719,35.9,19118,14.1,6008,4.4,1792,1.3,121577,89.5,8351,6.1,1897,1.4,4010,3.0
"Thanet",134186,100.0,15369,11.5,15979,11.9,102838,76.6,6459,4.8,7325,5.5,66359,49.5,54640,40.7,47109,35.1,22377,16.7,7785,5.8,2275,1.7,118684,88.4,8925,6.7,2190,1.6,4387,3.3
"Tonbridge and Malling",120805,100.0,7579,6.3,10367,8.6,102859,85.1,2948,2.4,4607,3.8,67839,56.2,60306,49.9,41475,34.3,14263,11.8,3728,3.1,1033,0.9,108724,90.0,8258,6.8,1321,1.1,2502,2.1
"Tunbridge Wells",115049,100.0,6972,6.1,9399,8.2,98678,85.8,2726,2.4,4298,3.7,65384,56.8,59156,51.4,38656,33.6,12788,11.1,3550,3.1,899,0.8,104510,90.8,7527,6.5,1112,1.0,1900,1.7
"Cherwell",141868,100.0,8698,6.1,11374,8.0,121796,85.9,3405,2.4,5561,3.9,82757,58.3,71403,50.3,49163,34.7,15844,11.2,4261,3.0,1197,0.8,128514,90.6,9216,6.5,1452,1.0,2686,1.9
"Oxford",151906,100.0,8139,5.4,10712,7.1,133055,87.6,3724,2.5,6017,4.0,100344,66.1,83904,55.2,48201,31.7,14320,9.4,4189,2.8,1292,0.9,140181,92.3,8159,5.4,1468,1.0,2098,1.4
"South Oxfordshire",134257,100.0,7541,5.6,10959,8.2,115757,86.2,2463,1.8,4685,3.5,76704,57.1,70571,52.6,44779,33.4,14409,10.7,3517,2.6,981,0.7,121001,90.1,9817,7.3,1250,0.9,2189,1.6
"Vale of White Horse",120988,100.0,7041,5.8,10143,8.4,103804,85.8,2378,2.0,4248,3.5,69480,57.4,62738,51.9,41117,34.0,13063,10.8,3163,2.6,907,0.7,108550,89.7,9035,7.5,1183,1.0,2220,1.8
"West Oxfordshire",104779,100.0,6208,5.9,8941,8.5,89630,85.5,1970,1.9,3799,3.6,60281,57.5,53984,51.5,35438,33.8,11685,11.2,2942,2.8,730,0.7,94421,90.1,7540,7.2,1050,1.0,1768,1.7
"Elmbridge",130875,100.0,6697,5.1,9134,7.0,115044,87.9,2187,1.7,3787,2.9,75513,57.7,73880,56.5,40555,31.0,12360,9.4,3213,2.5,867,0.7,119244,91.1,8653,6.6,1100,0.8,1878,1.4
"Epsom and Ewell",75102,100.0,4198,5.6,5868,7.8,65036,86.6,1566,2.1,2538,3.4,43692,58.2,39208,52.2,25355,33.8,7988,10.6,2016,2.7,535,0.7,67774,90.2,5294,7.0,818,1.1,1216,1.6
"Guildford",137183,100.0,7096,5.2,10220,7.4,119867,87.4,2629,1.9,4673,3.4,83894,61.2,73969,53.9,45445,33.1,13442,9.8,3402,2.5,925,0.7,124607,90.8,9250,6.7,1215,0.9,2111,1.5
"Mole Valley",85375,100.0,5213,6.1,7329,8.6,72833,85.3,1709,2.0,2902,3.4,47295,55.4,43926,51.5,28801,33.7,9607,11.3,2437,2.9,604,0.7,76464,89.6,6731,7.9,770,0.9,1410,1.7
"Reigate and Banstead",137835,100.0,8418,6.1,10848,7.9,118569,86.0,3050,2.2,5003,3.6,79939,58.0,71052,51.5,46908,34.0,14866,10.8,3844,2.8,1165,0.8,124730,90.5,9401,6.8,1423,1.0,2281,1.7
"Runnymede",80510,100.0,4737,5.9,6418,8.0,69355,86.1,1603,2.0,2812,3.5,48770,60.6,41319,51.3,27451,34.1,8767,10.9,2371,2.9,602,0.7,73108,90.8,5208,6.5,811,1.0,1383,1.7
"Spelthorne",95598,100.0,6139,6.4,8125,8.5,81334,85.1,2217,2.3,3593,3.8,55599,58.2,45929,48.0,34239,35.8,11509,12.0,3085,3.2,836,0.9,85754,89.7,6701,7.0,1150,1.2,1993,2.1
"Surrey Heath",86144,100.0,4444,5.2,6396,7.4,75304,87.4,1530,1.8,2815,3.3,50552,58.7,46062,53.5,28683,33.3,8613,10.0,2148,2.5,638,0.7,78250,90.8,5748,6.7,823,1.0,1323,1.5
"Tandridge",82998,100.0,5340,6.4,6972,8.4,70686,85.2,1939,2.3,2965,3.6,46663,56.2,41916,50.5,28514,34.4,9450,11.4,2403,2.9,715,0.9,74463,89.7,6241,7.5,852,1.0,1442,1.7
"Waverley",121572,100.0,6984,5.7,9893,8.1,104695,86.1,2236,1.8,3944,3.2,67476,55.5,65068,53.5,39777,32.7,12768,10.5,3078,2.5,881,0.7,109567,90.1,9031,7.4,1104,0.9,1870,1.5
"Woking",99198,100.0,5486,5.5,7399,7.5,86313,87.0,2112,2.1,3496,3.5,58734,59.2,51360,51.8,34291,34.6,10184,10.3,2602,2.6,761,0.8,89996,90.7,6662,6.7,973,1.0,1567,1.6
"Adur",61182,100.0,5592,9.1,6710,11.0,48880,79.9,2138,3.5,2876,4.7,32131,52.5,26107,42.7,22373,36.6,9181,15.0,2757,4.5,764,1.2,54233,88.6,4472,7.3,835,1.4,1642,2.7
"Arun",149518,100.0,13984,9.4,17505,11.7,118029,78.9,4684,3.1,6734,4.5,75418,50.4,62774,42.0,54975,36.8,23299,15.6,6608,4.4,1862,1.2,132964,88.9,10771,7.2,1976,1.3,3807,2.5
"Chichester",113794,100.0,8328,7.3,11555,10.2,93911,82.5,2622,2.3,4271,3.8,60374,53.1,54210,47.6,39771,34.9,14900,13.1,3822,3.4,1091,1.0,101307,89.0,8924,7.8,1195,1.1,2368,2.1
"Crawley",106597,100.0,7001,6.6,8701,8.2,90895,85.3,3266,3.1,4598,4.3,63217,59.3,50751,47.6,38279,35.9,12856,12.1,3679,3.5,1032,1.0,96695,90.7,6378,6.0,1418,1.3,2106,2.0
"Horsham",131301,100.0,7857,6.0,11550,8.8,111894,85.2,2724,2.1,4760,3.6,73704,56.1,66403,50.6,45684,34.8,14580,11.1,3560,2.7,1074,0.8,117659,89.6,10133,7.7,1233,0.9,2276,1.7
"Mid Sussex",139860,100.0,8084,5.8,11737,8.4,120039,85.8,2905,2.1,4914,3.5,79629,56.9,72448,51.8,47524,34.0,14938,10.7,3864,2.8,1086,0.8,125878,90.0,10375,7.4,1306,0.9,2301,1.6
"Worthing",104640,100.0,9310,8.9,10966,10.5,84364,80.6,3595,3.4,4683,4.5,56119,53.6,46272,44.2,37777,36.1,15082,14.4,4355,4.2,1154,1.1,93761,89.6,7268,6.9,1319,1.3,2292,2.2
"Bath and North East Somerset",176016,100.0,12267,7.0,16028,9.1,147721,83.9,4505,2.6,7200,4.1,102917,58.5,88882,50.5,58849,33.4,20856,11.8,5831,3.3,1598,0.9,158431,90.0,12396,7.0,1989,1.1,3200,1.8
"Bournemouth",183491,100.0,15858,8.6,18289,10.0,149344,81.4,6829,3.7,8872,4.8,107212,58.4,84955,46.3,63260,34.5,24866,13.6,8009,4.4,2401,1.3,166166,90.6,11280,6.1,2260,1.2,3785,2.1
"Bristol, City of",428234,100.0,34570,8.1,37154,8.7,356510,83.3,15908,3.7,20499,4.8,257374,60.1,209024,48.8,143283,33.5,52446,12.2,18056,4.2,5425,1.3,388096,90.6,25709,6.0,5253,1.2,9176,2.1
"Cornwall",532273,100.0,53166,10.0,60549,11.4,418558,78.6,22002,4.1,27627,5.2,277462,52.1,240759,45.2,178805,33.6,79181,14.9,25907,4.9,7621,1.4,469081,88.1,39052,7.3,8284,1.6,15856,3.0
"Isles of Scilly",2203,100.0,108,4.9,200,9.1,1895,86.0,27,1.2,68,3.1,1256,57.0,1135,51.5,754,34.2,248,11.3,53,2.4,13,0.6,1983,90.0,165,7.5,20,0.9,35,1.6
"North Somerset",202566,100.0,17335,8.6,21405,10.6,163826,80.9,6670,3.3,9380,4.6,107231,52.9,93803,46.3,70435,34.8,27670,13.7,8276,4.1,2382,1.2,180253,89.0,15172,7.5,2577,1.3,4564,2.3
"Plymouth",256384,100.0,25548,10.0,26644,10.4,204192,79.6,12116,4.7,14197,5.5,143474,56.0,117976,46.0,85956,33.5,35756,13.9,13012,5.1,3684,1.4,229137,89.4,15624,6.1,4057,1.6,7566,3.0
"Poole",147645,100.0,12040,8.2,15168,10.3,120437,81.6,4543,3.1,6526,4.4,80759,54.7,68689,46.5,51486,34.9,19849,13.4,5841,4.0,1780,1.2,131433,89.0,10761,7.3,1846,1.3,3605,2.4
"South Gloucestershire",262767,100.0,17842,6.8,23072,8.8,221853,84.4,6667,2.5,10748,4.1,151013,57.5,129141,49.1,91675,34.9,30940,11.8,8556,3.3,2455,0.9,235128,89.5,19279,7.3,2976,1.1,5384,2.0
"Swindon",209156,100.0,14638,7.0,17664,8.4,176854,84.6,6546,3.1,9226,4.4,123148,58.9,100931,48.3,73591,35.2,25056,12.0,7556,3.6,2022,1.0,189676,90.7,12431,5.9,2680,1.3,4369,2.1
"Torbay",130959,100.0,15500,11.8,15951,12.2,99508,76.0,6448,4.9,7183,5.5,64805,49.5,54614,41.7,45098,34.4,21355,16.3,7625,5.8,2267,1.7,114852,87.7,9137,7.0,2286,1.7,4684,3.6
"Wiltshire",470981,100.0,31408,6.7,43836,9.3,395737,84.0,12012,2.6,19611,4.2,262902,55.8,234318,49.8,160362,34.0,57221,12.1,14974,3.2,4106,0.9,423373,89.9,33064,7.0,5066,1.1,9478,2.0
"East Devon",132457,100.0,11814,8.9,16025,12.1,104618,79.0,3527,2.7,5625,4.2,65504,49.5,58004,43.8,47716,36.0,19960,15.1,5285,4.0,1492,1.1,116613,88.0,10746,8.1,1762,1.3,3336,2.5
"Exeter",117773,100.0,9006,7.6,10683,9.1,98084,83.3,3936,3.3,5332,4.5,71529,60.7,58775,49.9,39301,33.4,14075,12.0,4331,3.7,1291,1.1,106782,90.7,7246,6.2,1298,1.1,2447,2.1
"Mid Devon",77750,100.0,5792,7.4,7708,9.9,64250,82.6,2232,2.9,3270,4.2,41833,53.8,36263,46.6,27554,35.4,10398,13.4,2785,3.6,750,1.0,69298,89.1,5798,7.5,927,1.2,1727,2.2
"North Devon",93667,100.0,8180,8.7,10219,10.9,75268,80.4,3023,3.2,4382,4.7,49165,52.5,43441,46.4,31704,33.8,13264,14.2,4064,4.3,1194,1.3,83324,89.0,6634,7.1,1260,1.3,2449,2.6
"South Hams",83140,100.0,6813,8.2,9160,11.0,67167,80.8,2633,3.2,3808,4.6,43673,52.5,39414,47.4,28574,34.4,11075,13.3,3156,3.8,921,1.1,72911,87.7,7102,8.5,1156,1.4,1971,2.4
"Teignbridge",124220,100.0,11534,9.3,14081,11.3,98605,79.4,4103,3.3,5913,4.8,64706,52.1,55819,44.9,43342,34.9,18237,14.7,5268,4.2,1554,1.3,109201,87.9,9873,7.9,1767,1.4,3379,2.7
"Torridge",63839,100.0,6116,9.6,7324,11.5,50399,78.9,2439,3.8,3155,4.9,32749,51.3,27787,43.5,22242,34.8,9843,15.4,3128,4.9,839,1.3,56230,88.1,4839,7.6,989,1.5,1781,2.8
"West Devon",53553,100.0,4579,8.6,6145,11.5,42829,80.0,1716,3.2,2631,4.9,27915,52.1,24556,45.9,18599,34.7,7646,14.3,2120,4.0,632,1.2,47156,88.1,4290,8.0,709,1.3,1398,2.6
"Christchurch",47752,100.0,4629,9.7,6071,12.7,37052,77.6,1387,2.9,2114,4.4,22601,47.3,20203,42.3,17116,35.8,7681,16.1,2208,4.6,544,1.1,41764,87.5,3933,8.2,686,1.4,1369,2.9
"East Dorset",87166,100.0,7152,8.2,10023,11.5,69991,80.3,2017,2.3,3416,3.9,43805,50.3,39505,45.3,31183,35.8,12436,14.3,3162,3.6,880,1.0,76271,87.5,7447,8.5,1148,1.3,2300,2.6
"North Dorset",68583,100.0,4896,7.1,7123,10.4,56564,82.5,1762,2.6,2906,4.2,36763,53.6,32782,47.8,24146,35.2,8808,12.8,2266,3.3,581,0.8,61309,89.4,5006,7.3,766,1.1,1502,2.2
"Purbeck",44973,100.0,3702,8.2,5057,11.2,36214,80.5,1300,2.9,2034,4.5,23397,52.0,20231,45.0,16148,35.9,6340,14.1,1782,4.0,472,1.0,39281,87.3,3924,8.7,653,1.5,1115,2.5
"West Dorset",99264,100.0,8645,8.7,11468,11.6,79151,79.7,2878,2.9,4240,4.3,50140,50.5,44070,44.4,35640,35.9,14604,14.7,3878,3.9,1072,1.1,87308,88.0,8313,8.4,1237,1.2,2406,2.4
"Weymouth and Portland",65167,100.0,6315,9.7,7786,11.9,51066,78.4,2780,4.3,3718,5.7,34193,52.5,27562,42.3,23933,36.7,9802,15.0,2952,4.5,918,1.4,57650,88.5,4739,7.3,966,1.5,1812,2.8
"Cheltenham",115732,100.0,7582,6.6,9924,8.6,98226,84.9,3006,2.6,4535,3.9,69138,59.7,57758,49.9,39722,34.3,13631,11.8,3637,3.1,984,0.9,105199,90.9,7505,6.5,1111,1.0,1917,1.7
"Cotswold",82881,100.0,5417,6.5,7952,9.6,69512,83.9,1770,2.1,3113,3.8,45766,55.2,40433,48.8,29067,35.1,10220,12.3,2498,3.0,663,0.8,74131,89.4,6408,7.7,822,1.0,1520,1.8
"Forest of Dean",81961,100.0,7265,8.9,8798,10.7,65898,80.4,2763,3.4,3932,4.8,44266,54.0,36281,44.3,29340,35.8,11879,14.5,3535,4.3,926,1.1,72293,88.2,6296,7.7,1197,1.5,2175,2.7
"Gloucester",121688,100.0,9285,7.6,11148,9.2,101255,83.2,4060,3.3,5703,4.7,69703,57.3,56655,46.6,43150,35.5,15933,13.1,4616,3.8,1334,1.1,109564,90.0,7924,6.5,1468,1.2,2732,2.2
"Stroud",112779,100.0,8073,7.2,10779,9.6,93927,83.3,2926,2.6,4789,4.2,62559,55.5,53779,47.7,39711,35.2,14441,12.8,3783,3.4,1065,0.9,99932,88.6,9349,8.3,1293,1.1,2205,2.0
"Tewkesbury",81943,100.0,5670,6.9,7853,9.6,68420,83.5,1923,2.3,3317,4.0,45609,55.7,39036,47.6,29183,35.6,10213,12.5,2703,3.3,808,1.0,73221,89.4,6114,7.5,939,1.1,1669,2.0
"Mendip",109279,100.0,8407,7.7,11067,10.1,89805,82.2,3235,3.0,4990,4.6,59379,54.3,51153,46.8,38270,35.0,14619,13.4,4137,3.8,1100,1.0,97441,89.2,8113,7.4,1284,1.2,2441,2.2
"Sedgemoor",114588,100.0,10077,8.8,12436,10.9,92075,80.4,4112,3.6,5585,4.9,60760,53.0,51044,44.5,40291,35.2,16930,14.8,4994,4.4,1329,1.2,101589,88.7,8361,7.3,1589,1.4,3049,2.7
"South Somerset",161243,100.0,12699,7.9,16600,10.3,131944,81.8,4714,2.9,6916,4.3,86170,53.4,73277,45.4,57906,35.9,22282,13.8,6115,3.8,1663,1.0,143762,89.2,11943,7.4,1988,1.2,3550,2.2
"Taunton Deane",110187,100.0,9115,8.3,11012,10.0,90060,81.7,3512,3.2,4833,4.4,59752,54.2,51946,47.1,38014,34.5,14854,13.5,4225,3.8,1148,1.0,98516,89.4,8026,7.3,1351,1.2,2294,2.1
"West Somerset",34675,100.0,3690,10.6,4561,13.2,26424,76.2,1328,3.8,1714,4.9,16722,48.2,14080,40.6,12620,36.4,5741,16.6,1756,5.1,478,1.4,30282,87.3,2910,8.4,504,1.5,979,2.8
"Anglesey",69751,100.0,7970,11.4,8142,11.7,53639,76.9,3086,4.4,3669,5.3,35489,50.9,33492,48.0,21309,30.6,10541,15.1,3413,4.9,996,1.4,61709,88.5,4677,6.7,1180,1.7,2185,3.1
"Gwynedd",121874,100.0,11824,9.7,13184,10.8,96866,79.5,4625,3.8,5882,4.8,65276,53.6,61396,50.4,37383,30.7,16593,13.6,4998,4.1,1504,1.2,109431,89.8,7266,6.0,1680,1.4,3497,2.9
"Conwy",115228,100.0,13896,12.1,14019,12.2,87313,75.8,5209,4.5,5982,5.2,56749,49.2,52335,45.4,36977,32.1,17874,15.5,6237,5.4,1805,1.6,101623,88.2,7813,6.8,1814,1.6,3978,3.5
"Denbighshire",93734,100.0,11350,12.1,10645,11.4,71739,76.5,4885,5.2,5022,5.4,47184,50.3,43690,46.6,29420,31.4,13770,14.7,5341,5.7,1513,1.6,82103,87.6,6470,6.9,1765,1.9,3396,3.6
"Flintshire",152506,100.0,14474,9.5,15189,10.0,122843,80.5,6128,4.0,7479,4.9,83419,54.7,74216,48.7,49498,32.5,20114,13.2,6774,4.4,1904,1.2,134863,88.4,10680,7.0,2487,1.6,4476,2.9
"Wrexham",134844,100.0,14139,10.5,13766,10.2,106939,79.3,6150,4.6,7003,5.2,73022,54.2,63642,47.2,43813,32.5,19009,14.1,6531,4.8,1849,1.4,119696,88.8,8853,6.6,2247,1.7,4048,3.0
"Powys",132976,100.0,13515,10.2,14922,11.2,104539,78.6,5134,3.9,6482,4.9,68221,51.3,59511,44.8,45459,34.2,19857,14.9,6375,4.8,1774,1.3,116822,87.9,10250,7.7,2084,1.6,3820,2.9
"Ceredigion",75922,100.0,7589,10.0,8436,11.1,59897,78.9,3223,4.2,3981,5.2,41783,55.0,35796,47.1,24369,32.1,10946,14.4,3660,4.8,1151,1.5,67319,88.7,5234,6.9,1144,1.5,2225,2.9
"Pembrokeshire",122439,100.0,13587,11.1,13970,11.4,94882,77.5,5534,4.5,6415,5.2,61720,50.4,55535,45.4,39889,32.6,18684,15.3,6383,5.2,1948,1.6,107244,87.6,9006,7.4,2128,1.7,4061,3.3
"Carmarthenshire",183777,100.0,24912,13.6,21763,11.8,137102,74.6,10474,5.7,10665,5.8,91448,49.8,82638,45.0,55618,30.3,30011,16.3,11475,6.2,4035,2.2,159788,86.9,13390,7.3,3485,1.9,7114,3.9
"Swansea",239023,100.0,30007,12.6,25711,10.8,183305,76.7,13684,5.7,13304,5.6,127827,53.5,116295,48.7,69978,29.3,33402,14.0,14473,6.1,4875,2.0,208674,87.3,17346,7.3,4495,1.9,8508,3.6
"Neath Port Talbot",139812,100.0,22492,16.1,16620,11.9,100700,72.0,10672,7.6,8904,6.4,69548,49.7,62849,45.0,39694,28.4,22640,16.2,11028,7.9,3601,2.6,119447,85.4,10380,7.4,3273,2.3,6712,4.8
"Bridgend",139178,100.0,18756,13.5,15603,11.2,104819,75.3,8897,6.4,8114,5.8,72025,51.8,64134,46.1,41659,29.9,21002,15.1,9459,6.8,2924,2.1,121259,87.1,9653,6.9,2763,2.0,5503,4.0
"The Vale of Glamorgan",126336,100.0,12538,9.9,13091,10.4,100707,79.7,5354,4.2,6417,5.1,67678,53.6,60656,48.0,40486,32.0,17123,13.6,6191,4.9,1880,1.5,110761,87.7,9939,7.9,2050,1.6,3586,2.8
"Cardiff",346090,100.0,31838,9.2,30493,8.8,283759,82.0,15192,4.4,17156,5.0,205215,59.3,174329,50.4,107477,31.1,42014,12.1,16745,4.8,5525,1.6,311085,89.9,21671,6.3,4729,1.4,8605,2.5
"Rhondda, Cynon, Taff",234410,100.0,33912,14.5,26677,11.4,173821,74.2,16084,6.9,14557,6.2,119402,50.9,105154,44.9,69544,29.7,37208,15.9,17396,7.4,5108,2.2,204770,87.4,15671,6.7,4580,2.0,9389,4.0
"Merthyr Tydfil",58802,100.0,9271,15.8,6525,11.1,43006,73.1,4715,8.0,3585,6.1,29746,50.6,25948,44.1,16961,28.8,9324,15.9,4908,8.3,1661,2.8,51375,87.4,3779,6.4,1285,2.2,2363,4.0
"Caerphilly",178806,100.0,25009,14.0,20356,11.4,133441,74.6,12023,6.7,11249,6.3,90988,50.9,79382,44.4,54272,30.4,28488,15.9,12844,7.2,3820,2.1,156085,87.3,12254,6.9,3507,2.0,6960,3.9
"Blaenau Gwent",69814,100.0,10987,15.7,8022,11.5,50805,72.8,5284,7.6,4419,6.3,35141,50.3,29269,41.9,21385,30.6,11696,16.8,5692,8.2,1772,2.5,61062,87.5,4333,6.2,1611,2.3,2808,4.0
"Torfaen",91075,100.0,11917,13.1,10030,11.0,69128,75.9,5350,5.9,5205,5.7,46908,51.5,39398,43.3,29619,32.5,14155,15.5,5965,6.5,1938,2.1,79146,86.9,6714,7.4,1757,1.9,3458,3.8
"Monmouthshire",91323,100.0,8820,9.7,9572,10.5,72931,79.9,3402,3.7,4283,4.7,48352,52.9,42365,46.4,30742,33.7,12800,14.0,4173,4.6,1243,1.4,79832,87.4,7509,8.2,1433,1.6,2549,2.8
"Newport",145736,100.0,15515,10.6,14801,10.2,115420,79.2,7051,4.8,7451,5.1,78095,53.6,66667,45.7,47811,32.8,20538,14.1,8161,5.6,2559,1.8,129132,88.6,9548,6.6,2549,1.7,4507,3.1
