"local authority: district / unitary (prior to April 2015)","All usual residents aged 16 to 74 in employment the week before the census","%","Part-time: 15 hours or less worked","%","Part-time: 16 to 30 hours worked","%","Full-time: 31 to 48 hours worked","%","Full-time: 49 or more hours worked","%","Males: Total","%","Males: Part-time: 15 hours or less worked","%","Males: Part-time: 16 to 30 hours worked","%","Males: Full-time: 31 to 48 hours worked","%","Males: Full-time: 49 or more hours worked","%","Females: Total","%","Females: Part-time: 15 hours or less worked","%","Females: Part-time: 16 to 30 hours worked","%","Females: Full-time: 31 to 48 hours worked","%","Females: Full-time: 49 or more hours worked","%"

"Darlington",49014,100.0,4093,8.4,10240,20.9,29280,59.7,5401,11.0,25264,51.5,1259,2.6,2344,4.8,17463,35.6,4198,8.6,23750,48.5,2834,5.8,7896,16.1,11817,24.1,1203,2.5
"County Durham",227894,100.0,18785,8.2,45205,19.8,138621,60.8,25283,11.1,118472,52.0,6031,2.6,10744,4.7,82190,36.1,19507,8.6,109422,48.0,12754,5.6,34461,15.1,56431,24.8,5776,2.5
"Hartlepool",37767,100.0,3247,8.6,8939,23.7,21662,57.4,3919,10.4,19511,51.7,934,2.5,2054,5.4,13333,35.3,3190,8.4,18256,48.3,2313,6.1,6885,18.2,8329,22.1,729,1.9
"Middlesbrough",54547,100.0,5716,10.5,13450,24.7,30267,55.5,5114,9.4,28197,51.7,1884,3.5,3631,6.7,18490,33.9,4192,7.7,26350,48.3,3832,7.0,9819,18.0,11777,21.6,922,1.7
"Northumberland",146901,100.0,13206,9.0,30630,20.9,84010,57.2,19055,13.0,75848,51.6,3951,2.7,7090,4.8,49784,33.9,15023,10.2,71053,48.4,9255,6.3,23540,16.0,34226,23.3,4032,2.7
"Redcar and Cleveland",56354,100.0,5508,9.8,13011,23.1,31673,56.2,6162,10.9,28719,51.0,1523,2.7,2690,4.8,19463,34.5,5043,8.9,27635,49.0,3985,7.1,10321,18.3,12210,21.7,1119,2.0
"Stockton-on-Tees",87122,100.0,7656,8.8,19523,22.4,50548,58.0,9395,10.8,44908,51.5,2270,2.6,4466,5.1,30554,35.1,7618,8.7,42214,48.5,5386,6.2,15057,17.3,19994,22.9,1777,2.0
"Gateshead",91877,100.0,6865,7.5,19036,20.7,57288,62.4,8688,9.5,47337,51.5,2143,2.3,4574,5.0,34020,37.0,6600,7.2,44540,48.5,4722,5.1,14462,15.7,23268,25.3,2088,2.3
"Newcastle upon Tyne",119335,100.0,13321,11.2,25442,21.3,68307,57.2,12265,10.3,62768,52.6,5175,4.3,8142,6.8,40373,33.8,9078,7.6,56567,47.4,8146,6.8,17300,14.5,27934,23.4,3187,2.7
"North Tyneside",96026,100.0,7344,7.6,19754,20.6,59032,61.5,9896,10.3,48859,50.9,2370,2.5,4530,4.7,34380,35.8,7579,7.9,47167,49.1,4974,5.2,15224,15.9,24652,25.7,2317,2.4
"South Tyneside",64622,100.0,4918,7.6,13908,21.5,38645,59.8,7151,11.1,33531,51.9,1528,2.4,3228,5.0,22904,35.4,5871,9.1,31091,48.1,3390,5.2,10680,16.5,15741,24.4,1280,2.0
"Sunderland",121511,100.0,9688,8.0,26933,22.2,74114,61.0,10776,8.9,62514,51.4,3169,2.6,6711,5.5,44167,36.3,8467,7.0,58997,48.6,6519,5.4,20222,16.6,29947,24.6,2309,1.9
"Blackburn with Darwen",60523,100.0,5133,8.5,13869,22.9,36410,60.2,5111,8.4,33440,55.3,1954,3.2,5347,8.8,22251,36.8,3888,6.4,27083,44.7,3179,5.3,8522,14.1,14159,23.4,1223,2.0
"Blackpool",61419,100.0,5065,8.2,14452,23.5,35389,57.6,6513,10.6,31451,51.2,1977,3.2,4129,6.7,20579,33.5,4766,7.8,29968,48.8,3088,5.0,10323,16.8,14810,24.1,1747,2.8
"Cheshire East",181136,100.0,18003,9.9,35081,19.4,102292,56.5,25760,14.2,95118,52.5,5429,3.0,8432,4.7,61313,33.8,19944,11.0,86018,47.5,12574,6.9,26649,14.7,40979,22.6,5816,3.2
"Cheshire West and Chester",160138,100.0,15902,9.9,32408,20.2,91529,57.2,20299,12.7,83031,51.8,4720,2.9,7416,4.6,55146,34.4,15749,9.8,77107,48.2,11182,7.0,24992,15.6,36383,22.7,4550,2.8
"Halton",57577,100.0,4464,7.8,11587,20.1,35764,62.1,5762,10.0,29843,51.8,1397,2.4,2456,4.3,21393,37.2,4597,8.0,27734,48.2,3067,5.3,9131,15.9,14371,25.0,1165,2.0
"Warrington",100856,100.0,8612,8.5,19513,19.3,61133,60.6,11598,11.5,52424,52.0,2696,2.7,4391,4.4,36275,36.0,9062,9.0,48432,48.0,5916,5.9,15122,15.0,24858,24.6,2536,2.5
"Allerdale",46076,100.0,4235,9.2,10308,22.4,25665,55.7,5868,12.7,24175,52.5,1166,2.5,2097,4.6,16357,35.5,4555,9.9,21901,47.5,3069,6.7,8211,17.8,9308,20.2,1313,2.8
"Barrow-in-Furness",31257,100.0,3088,9.9,7128,22.8,18761,60.0,2280,7.3,16552,53.0,833,2.7,1407,4.5,12498,40.0,1814,5.8,14705,47.0,2255,7.2,5721,18.3,6263,20.0,466,1.5
"Carlisle",53874,100.0,5194,9.6,11751,21.8,29827,55.4,7102,13.2,28277,52.5,1532,2.8,2520,4.7,18474,34.3,5751,10.7,25597,47.5,3662,6.8,9231,17.1,11353,21.1,1351,2.5
"Copeland",32891,100.0,2731,8.3,6704,20.4,20406,62.0,3050,9.3,17546,53.3,698,2.1,1280,3.9,13196,40.1,2372,7.2,15345,46.7,2033,6.2,5424,16.5,7210,21.9,678,2.1
"Eden",27461,100.0,3006,10.9,5689,20.7,13152,47.9,5614,20.4,14525,52.9,802,2.9,1265,4.6,7962,29.0,4496,16.4,12936,47.1,2204,8.0,4424,16.1,5190,18.9,1118,4.1
"South Lakeland",51672,100.0,5938,11.5,10710,20.7,27265,52.8,7759,15.0,26834,51.9,1799,3.5,2617,5.1,16726,32.4,5692,11.0,24838,48.1,4139,8.0,8093,15.7,10539,20.4,2067,4.0
"Bolton",123367,100.0,10224,8.3,26157,21.2,74548,60.4,12438,10.1,65347,53.0,3615,2.9,7760,6.3,44406,36.0,9566,7.8,58020,47.0,6609,5.4,18397,14.9,30142,24.4,2872,2.3
"Bury",88036,100.0,7014,8.0,17958,20.4,53696,61.0,9368,10.6,45419,51.6,2239,2.5,4725,5.4,31246,35.5,7209,8.2,42617,48.4,4775,5.4,13233,15.0,22450,25.5,2159,2.5
"Manchester",213705,100.0,22989,10.8,42956,20.1,127936,59.9,19824,9.3,114297,53.5,9617,4.5,17002,8.0,73856,34.6,13822,6.5,99408,46.5,13372,6.3,25954,12.1,54080,25.3,6002,2.8
"Oldham",96300,100.0,7538,7.8,20942,21.7,58886,61.1,8934,9.3,51644,53.6,2826,2.9,7191,7.5,34699,36.0,6928,7.2,44656,46.4,4712,4.9,13751,14.3,24187,25.1,2006,2.1
"Rochdale",90753,100.0,6670,7.3,19361,21.3,55918,61.6,8804,9.7,47770,52.6,2372,2.6,5859,6.5,32692,36.0,6847,7.5,42983,47.4,4298,4.7,13502,14.9,23226,25.6,1957,2.2
"Salford",106904,100.0,9007,8.4,20585,19.3,66867,62.5,10445,9.8,56000,52.4,3385,3.2,6053,5.7,38602,36.1,7960,7.4,50904,47.6,5622,5.3,14532,13.6,28265,26.4,2485,2.3
"Stockport",137130,100.0,12018,8.8,27267,19.9,82417,60.1,15428,11.3,70877,51.7,3847,2.8,6745,4.9,48574,35.4,11711,8.5,66253,48.3,8171,6.0,20522,15.0,33843,24.7,3717,2.7
"Tameside",101892,100.0,7207,7.1,19733,19.4,65399,64.2,9553,9.4,53107,52.1,2312,2.3,5080,5.0,38261,37.6,7454,7.3,48785,47.9,4895,4.8,14653,14.4,27138,26.6,2099,2.1
"Trafford",110912,100.0,9886,8.9,21069,19.0,66753,60.2,13204,11.9,57838,52.1,3319,3.0,5615,5.1,39040,35.2,9864,8.9,53074,47.9,6567,5.9,15454,13.9,27713,25.0,3340,3.0
"Wigan",149908,100.0,11550,7.7,30028,20.0,93374,62.3,14956,10.0,79220,52.8,3718,2.5,7014,4.7,56642,37.8,11846,7.9,70688,47.2,7832,5.2,23014,15.4,36732,24.5,3110,2.1
"Burnley",38133,100.0,3096,8.1,8504,22.3,23316,61.1,3217,8.4,20309,53.3,1157,3.0,2588,6.8,14105,37.0,2459,6.4,17824,46.7,1939,5.1,5916,15.5,9211,24.2,758,2.0
"Chorley",53702,100.0,4563,8.5,10395,19.4,31873,59.4,6871,12.8,28281,52.7,1484,2.8,2612,4.9,18876,35.1,5309,9.9,25421,47.3,3079,5.7,7783,14.5,12997,24.2,1562,2.9
"Fylde",34510,100.0,3255,9.4,6815,19.7,20176,58.5,4264,12.4,17988,52.1,1051,3.0,1757,5.1,11912,34.5,3268,9.5,16522,47.9,2204,6.4,5058,14.7,8264,23.9,996,2.9
"Hyndburn",35993,100.0,2656,7.4,7738,21.5,22413,62.3,3186,8.9,19209,53.4,972,2.7,2293,6.4,13522,37.6,2422,6.7,16784,46.6,1684,4.7,5445,15.1,8891,24.7,764,2.1
"Lancaster",62832,100.0,7527,12.0,13792,22.0,33723,53.7,7790,12.4,31931,50.8,2434,3.9,3463,5.5,20077,32.0,5957,9.5,30901,49.2,5093,8.1,10329,16.4,13646,21.7,1833,2.9
"Pendle",39324,100.0,3296,8.4,8712,22.2,23428,59.6,3888,9.9,21472,54.6,1247,3.2,2880,7.3,14374,36.6,2971,7.6,17852,45.4,2049,5.2,5832,14.8,9054,23.0,917,2.3
"Preston",64180,100.0,6933,10.8,13625,21.2,37450,58.4,6172,9.6,34176,53.3,2534,3.9,4149,6.5,22723,35.4,4770,7.4,30004,46.7,4399,6.9,9476,14.8,14727,22.9,1402,2.2
"Ribble Valley",28713,100.0,2886,10.1,5505,19.2,15638,54.5,4684,16.3,14920,52.0,907,3.2,1233,4.3,9168,31.9,3612,12.6,13793,48.0,1979,6.9,4272,14.9,6470,22.5,1072,3.7
"Rossendale",32808,100.0,2577,7.9,6402,19.5,19747,60.2,4082,12.4,17006,51.8,829,2.5,1653,5.0,11412,34.8,3112,9.5,15802,48.2,1748,5.3,4749,14.5,8335,25.4,970,3.0
"South Ribble",55761,100.0,4689,8.4,10741,19.3,34248,61.4,6083,10.9,28782,51.6,1435,2.6,2358,4.2,20190,36.2,4799,8.6,26979,48.4,3254,5.8,8383,15.0,14058,25.2,1284,2.3
"West Lancashire",51694,100.0,5455,10.6,10604,20.5,28980,56.1,6655,12.9,26687,51.6,1669,3.2,2453,4.7,17344,33.6,5221,10.1,25007,48.4,3786,7.3,8151,15.8,11636,22.5,1434,2.8
"Wyre",48558,100.0,4680,9.6,10561,21.7,27212,56.0,6105,12.6,25064,51.6,1512,3.1,2631,5.4,16073,33.1,4848,10.0,23494,48.4,3168,6.5,7930,16.3,11139,22.9,1257,2.6
"Knowsley",61691,100.0,4568,7.4,13958,22.6,38150,61.8,5015,8.1,30539,49.5,1389,2.3,3030,4.9,22186,36.0,3934,6.4,31152,50.5,3179,5.2,10928,17.7,15964,25.9,1081,1.8
"Liverpool",196630,100.0,19406,9.9,43241,22.0,115892,58.9,18091,9.2,100361,51.0,7300,3.7,12624,6.4,66989,34.1,13448,6.8,96269,49.0,12106,6.2,30617,15.6,48903,24.9,4643,2.4
"Sefton",121919,100.0,11493,9.4,26988,22.1,70442,57.8,12996,10.7,61647,50.6,3694,3.0,6736,5.5,41108,33.7,10109,8.3,60272,49.4,7799,6.4,20252,16.6,29334,24.1,2887,2.4
"St. Helens",78580,100.0,6183,7.9,16002,20.4,48746,62.0,7649,9.7,40707,51.8,1874,2.4,3578,4.6,29257,37.2,5998,7.6,37873,48.2,4309,5.5,12424,15.8,19489,24.8,1651,2.1
"Wirral",139929,100.0,12300,8.8,30867,22.1,82162,58.7,14600,10.4,71103,50.8,3796,2.7,7598,5.4,48654,34.8,11055,7.9,68826,49.2,8504,6.1,23269,16.6,33508,23.9,3545,2.5
"East Riding of Yorkshire",158757,100.0,16393,10.3,32908,20.7,86161,54.3,23295,14.7,83196,52.4,4669,2.9,7187,4.5,52837,33.3,18503,11.7,75561,47.6,11724,7.4,25721,16.2,33324,21.0,4792,3.0
"Kingston upon Hull, City of",110903,100.0,9944,9.0,24914,22.5,65873,59.4,10172,9.2,58850,53.1,3186,2.9,5971,5.4,41326,37.3,8367,7.5,52053,46.9,6758,6.1,18943,17.1,24547,22.1,1805,1.6
"North East Lincolnshire",70776,100.0,6595,9.3,16330,23.1,38803,54.8,9048,12.8,37659,53.2,1700,2.4,3651,5.2,24647,34.8,7661,10.8,33117,46.8,4895,6.9,12679,17.9,14156,20.0,1387,2.0
"North Lincolnshire",78101,100.0,7073,9.1,15950,20.4,44769,57.3,10309,13.2,42032,53.8,1862,2.4,3203,4.1,28464,36.4,8503,10.9,36069,46.2,5211,6.7,12747,16.3,16305,20.9,1806,2.3
"York",98721,100.0,11487,11.6,20822,21.1,55400,56.1,11012,11.2,50608,51.3,3751,3.8,5234,5.3,33319,33.8,8304,8.4,48113,48.7,7736,7.8,15588,15.8,22081,22.4,2708,2.7
"Craven",27600,100.0,2974,10.8,5504,19.9,14293,51.8,4829,17.5,14316,51.9,813,2.9,1284,4.7,8472,30.7,3747,13.6,13284,48.1,2161,7.8,4220,15.3,5821,21.1,1082,3.9
"Hambleton",45255,100.0,4589,10.1,8588,19.0,23800,52.6,8278,18.3,24165,53.4,1270,2.8,1848,4.1,14417,31.9,6630,14.7,21090,46.6,3319,7.3,6740,14.9,9383,20.7,1648,3.6
"Harrogate",81402,100.0,8203,10.1,15453,19.0,43991,54.0,13755,16.9,42975,52.8,2499,3.1,3465,4.3,26209,32.2,10802,13.3,38427,47.2,5704,7.0,11988,14.7,17782,21.8,2953,3.6
"Richmondshire",27795,100.0,2295,8.3,4660,16.8,13480,48.5,7360,26.5,16441,59.2,672,2.4,1034,3.7,8438,30.4,6297,22.7,11354,40.8,1623,5.8,3626,13.0,5042,18.1,1063,3.8
"Ryedale",25504,100.0,2877,11.3,5219,20.5,12903,50.6,4505,17.7,13485,52.9,721,2.8,1187,4.7,8052,31.6,3525,13.8,12019,47.1,2156,8.5,4032,15.8,4851,19.0,980,3.8
"Scarborough",48359,100.0,5204,10.8,11773,24.3,24689,51.1,6693,13.8,25032,51.8,1604,3.3,3105,6.4,15245,31.5,5078,10.5,23327,48.2,3600,7.4,8668,17.9,9444,19.5,1615,3.3
"Selby",43286,100.0,3838,8.9,8283,19.1,24764,57.2,6401,14.8,22666,52.4,1054,2.4,1570,3.6,14981,34.6,5061,11.7,20620,47.6,2784,6.4,6713,15.5,9783,22.6,1340,3.1
"Barnsley",103579,100.0,8086,7.8,22357,21.6,61102,59.0,12034,11.6,54347,52.5,2274,2.2,4941,4.8,37371,36.1,9761,9.4,49232,47.5,5812,5.6,17416,16.8,23731,22.9,2273,2.2
"Doncaster",133815,100.0,11238,8.4,29342,21.9,78014,58.3,15221,11.4,71019,53.1,3400,2.5,7072,5.3,48221,36.0,12326,9.2,62796,46.9,7838,5.9,22270,16.6,29793,22.3,2895,2.2
"Rotherham",114871,100.0,9645,8.4,25564,22.3,66799,58.2,12863,11.2,60668,52.8,2776,2.4,5894,5.1,41563,36.2,10435,9.1,54203,47.2,6869,6.0,19670,17.1,25236,22.0,2428,2.1
"Sheffield",244318,100.0,26473,10.8,53568,21.9,140545,57.5,23732,9.7,127532,52.2,9296,3.8,14941,6.1,85199,34.9,18096,7.4,116786,47.8,17177,7.0,38627,15.8,55346,22.7,5636,2.3
"Bradford",218937,100.0,19773,9.0,50552,23.1,127541,58.3,21071,9.6,119780,54.7,7332,3.3,18207,8.3,78077,35.7,16164,7.4,99157,45.3,12441,5.7,32345,14.8,49464,22.6,4907,2.2
"Calderdale",96645,100.0,8160,8.4,20474,21.2,56992,59.0,11019,11.4,50682,52.4,2667,2.8,5294,5.5,34304,35.5,8417,8.7,45963,47.6,5493,5.7,15180,15.7,22688,23.5,2602,2.7
"Kirklees",192397,100.0,18353,9.5,41433,21.5,110829,57.6,21782,11.3,104074,54.1,6342,3.3,12381,6.4,68406,35.6,16945,8.8,88323,45.9,12011,6.2,29052,15.1,42423,22.0,4837,2.5
"Leeds",355225,100.0,34322,9.7,70354,19.8,211309,59.5,39240,11.0,184048,51.8,11998,3.4,18792,5.3,124133,34.9,29125,8.2,171177,48.2,22324,6.3,51562,14.5,87176,24.5,10115,2.8
"Wakefield",151828,100.0,12132,8.0,31392,20.7,91624,60.3,16680,11.0,79789,52.6,3509,2.3,7008,4.6,56011,36.9,13261,8.7,72039,47.4,8623,5.7,24384,16.1,35613,23.5,3419,2.3
"Derby",112422,100.0,10959,9.7,23440,20.9,66846,59.5,11177,9.9,59485,52.9,3603,3.2,6333,5.6,40808,36.3,8741,7.8,52937,47.1,7356,6.5,17107,15.2,26038,23.2,2436,2.2
"Leicester",137494,100.0,14618,10.6,30928,22.5,80677,58.7,11271,8.2,74955,54.5,5542,4.0,11420,8.3,49410,35.9,8583,6.2,62539,45.5,9076,6.6,19508,14.2,31267,22.7,2688,2.0
"Nottingham",123218,100.0,14021,11.4,26500,21.5,71333,57.9,11364,9.2,65595,53.2,5335,4.3,8720,7.1,42882,34.8,8658,7.0,57623,46.8,8686,7.0,17780,14.4,28451,23.1,2706,2.2
"Rutland",18037,100.0,1944,10.8,3477,19.3,9405,52.1,3211,17.8,9885,54.8,666,3.7,911,5.1,5847,32.4,2461,13.6,8152,45.2,1278,7.1,2566,14.2,3558,19.7,750,4.2
"Amber Valley",59381,100.0,5513,9.3,11530,19.4,34586,58.2,7752,13.1,31524,53.1,1386,2.3,2478,4.2,21451,36.1,6209,10.5,27857,46.9,4127,7.0,9052,15.2,13135,22.1,1543,2.6
"Bolsover",34511,100.0,2951,8.6,6873,19.9,20398,59.1,4289,12.4,18328,53.1,790,2.3,1565,4.5,12516,36.3,3457,10.0,16183,46.9,2161,6.3,5308,15.4,7882,22.8,832,2.4
"Chesterfield",47901,100.0,4365,9.1,10755,22.5,27415,57.2,5366,11.2,25117,52.4,1308,2.7,2630,5.5,16863,35.2,4316,9.0,22784,47.6,3057,6.4,8125,17.0,10552,22.0,1050,2.2
"Derbyshire Dales",35005,100.0,4165,11.9,7212,20.6,17211,49.2,6417,18.3,18611,53.2,1135,3.2,1705,4.9,10634,30.4,5137,14.7,16394,46.8,3030,8.7,5507,15.7,6577,18.8,1280,3.7
"Erewash",54851,100.0,4941,9.0,10662,19.4,33220,60.6,6028,11.0,28656,52.2,1341,2.4,2266,4.1,20278,37.0,4771,8.7,26195,47.8,3600,6.6,8396,15.3,12942,23.6,1257,2.3
"High Peak",45618,100.0,4506,9.9,9187,20.1,25807,56.6,6118,13.4,23889,52.4,1300,2.8,2146,4.7,15688,34.4,4755,10.4,21729,47.6,3206,7.0,7041,15.4,10119,22.2,1363,3.0
"North East Derbyshire",46858,100.0,4553,9.7,10088,21.5,26288,56.1,5929,12.7,24646,52.6,1247,2.7,2240,4.8,16400,35.0,4759,10.2,22212,47.4,3306,7.1,7848,16.7,9888,21.1,1170,2.5
"South Derbyshire",47886,100.0,4286,9.0,9057,18.9,27378,57.2,7165,15.0,25563,53.4,1127,2.4,1832,3.8,16795,35.1,5809,12.1,22323,46.6,3159,6.6,7225,15.1,10583,22.1,1356,2.8
"Blaby",48276,100.0,4394,9.1,9550,19.8,28464,59.0,5868,12.2,25185,52.2,1215,2.5,1997,4.1,17307,35.9,4666,9.7,23091,47.8,3179,6.6,7553,15.6,11157,23.1,1202,2.5
"Charnwood",79572,100.0,8537,10.7,15365,19.3,45728,57.5,9942,12.5,42069,52.9,2919,3.7,3535,4.4,27785,34.9,7830,9.8,37503,47.1,5618,7.1,11830,14.9,17943,22.5,2112,2.7
"Harborough",44079,100.0,4643,10.5,8317,18.9,23853,54.1,7266,16.5,23324,52.9,1299,2.9,1862,4.2,14368,32.6,5795,13.1,20755,47.1,3344,7.6,6455,14.6,9485,21.5,1471,3.3
"Hinckley and Bosworth",53774,100.0,4741,8.8,10194,19.0,31446,58.5,7393,13.7,28426,52.9,1331,2.5,2033,3.8,19226,35.8,5836,10.9,25348,47.1,3410,6.3,8161,15.2,12220,22.7,1557,2.9
"Melton",26184,100.0,2700,10.3,4879,18.6,14471,55.3,4134,15.8,13929,53.2,758,2.9,1014,3.9,8883,33.9,3274,12.5,12255,46.8,1942,7.4,3865,14.8,5588,21.3,860,3.3
"North West Leicestershire",46291,100.0,4184,9.0,8566,18.5,26688,57.7,6853,14.8,24812,53.6,1142,2.5,1736,3.8,16461,35.6,5473,11.8,21479,46.4,3042,6.6,6830,14.8,10227,22.1,1380,3.0
"Oadby and Wigston",26399,100.0,2711,10.3,5496,20.8,15392,58.3,2800,10.6,13712,51.9,875,3.3,1352,5.1,9252,35.0,2233,8.5,12687,48.1,1836,7.0,4144,15.7,6140,23.3,567,2.1
"Boston",30807,100.0,2521,8.2,6578,21.4,17504,56.8,4204,13.6,16149,52.4,728,2.4,1621,5.3,10375,33.7,3425,11.1,14658,47.6,1793,5.8,4957,16.1,7129,23.1,779,2.5
"East Lindsey",56311,100.0,5875,10.4,12751,22.6,28675,50.9,9010,16.0,29827,53.0,1698,3.0,3441,6.1,17588,31.2,7100,12.6,26484,47.0,4177,7.4,9310,16.5,11087,19.7,1910,3.4
"Lincoln",44599,100.0,5219,11.7,9217,20.7,25337,56.8,4826,10.8,23086,51.8,1726,3.9,2365,5.3,15238,34.2,3757,8.4,21513,48.2,3493,7.8,6852,15.4,10099,22.6,1069,2.4
"North Kesteven",52428,100.0,4952,9.4,9936,19.0,29499,56.3,8041,15.3,27762,53.0,1326,2.5,2109,4.0,17858,34.1,6469,12.3,24666,47.0,3626,6.9,7827,14.9,11641,22.2,1572,3.0
"South Holland",41490,100.0,3592,8.7,7333,17.7,23154,55.8,7411,17.9,22164,53.4,945,2.3,1565,3.8,13616,32.8,6038,14.6,19326,46.6,2647,6.4,5768,13.9,9538,23.0,1373,3.3
"South Kesteven",66532,100.0,6484,9.7,12809,19.3,37513,56.4,9726,14.6,34611,52.0,1779,2.7,2625,3.9,22543,33.9,7664,11.5,31921,48.0,4705,7.1,10184,15.3,14970,22.5,2062,3.1
"West Lindsey",41968,100.0,4554,10.9,8335,19.9,22524,53.7,6555,15.6,21948,52.3,1246,3.0,1790,4.3,13626,32.5,5286,12.6,20020,47.7,3308,7.9,6545,15.6,8898,21.2,1269,3.0
"Corby",30688,100.0,2053,6.7,5557,18.1,19783,64.5,3295,10.7,16204,52.8,679,2.2,1126,3.7,11760,38.3,2639,8.6,14484,47.2,1374,4.5,4431,14.4,8023,26.1,656,2.1
"Daventry",39536,100.0,3965,10.0,6962,17.6,22055,55.8,6554,16.6,21029,53.2,1117,2.8,1469,3.7,13266,33.6,5177,13.1,18507,46.8,2848,7.2,5493,13.9,8789,22.2,1377,3.5
"East Northamptonshire",43417,100.0,3928,9.0,7489,17.2,24899,57.3,7101,16.4,23281,53.6,1061,2.4,1433,3.3,15113,34.8,5674,13.1,20136,46.4,2867,6.6,6056,13.9,9786,22.5,1427,3.3
"Kettering",46918,100.0,4126,8.8,8767,18.7,27789,59.2,6236,13.3,24821,52.9,1121,2.4,1882,4.0,16869,36.0,4949,10.5,22097,47.1,3005,6.4,6885,14.7,10920,23.3,1287,2.7
"Northampton",106792,100.0,9228,8.6,19179,18.0,65918,61.7,12467,11.7,55978,52.4,2968,2.8,4452,4.2,38844,36.4,9714,9.1,50814,47.6,6260,5.9,14727,13.8,27074,25.4,2753,2.6
"South Northamptonshire",45740,100.0,4662,10.2,7927,17.3,25137,55.0,8014,17.5,24176,52.9,1278,2.8,1522,3.3,15058,32.9,6318,13.8,21564,47.1,3384,7.4,6405,14.0,10079,22.0,1696,3.7
"Wellingborough",36363,100.0,3136,8.6,6408,17.6,22130,60.9,4689,12.9,19253,52.9,911,2.5,1405,3.9,13157,36.2,3780,10.4,17110,47.1,2225,6.1,5003,13.8,8973,24.7,909,2.5
"Ashfield",55336,100.0,4598,8.3,11188,20.2,33452,60.5,6098,11.0,29158,52.7,1219,2.2,2357,4.3,20571,37.2,5011,9.1,26178,47.3,3379,6.1,8831,16.0,12881,23.3,1087,2.0
"Bassetlaw",52814,100.0,4890,9.3,11085,21.0,29596,56.0,7243,13.7,28158,53.3,1403,2.7,2681,5.1,18156,34.4,5918,11.2,24656,46.7,3487,6.6,8404,15.9,11440,21.7,1325,2.5
"Broxtowe",53185,100.0,4867,9.2,10323,19.4,31897,60.0,6098,11.5,28063,52.8,1460,2.7,2473,4.6,19417,36.5,4713,8.9,25122,47.2,3407,6.4,7850,14.8,12480,23.5,1385,2.6
"Gedling",55598,100.0,4974,8.9,11615,20.9,32717,58.8,6292,11.3,28599,51.4,1515,2.7,2722,4.9,19412,34.9,4950,8.9,26999,48.6,3459,6.2,8893,16.0,13305,23.9,1342,2.4
"Mansfield",48361,100.0,4389,9.1,9918,20.5,28420,58.8,5634,11.6,25410,52.5,1261,2.6,2431,5.0,17162,35.5,4556,9.4,22951,47.5,3128,6.5,7487,15.5,11258,23.3,1078,2.2
"Newark and Sherwood",54555,100.0,5585,10.2,10907,20.0,29967,54.9,8096,14.8,28999,53.2,1596,2.9,2625,4.8,18196,33.4,6582,12.1,25556,46.8,3989,7.3,8282,15.2,11771,21.6,1514,2.8
"Rushcliffe",55346,100.0,5785,10.5,10628,19.2,30833,55.7,8100,14.6,28938,52.3,1823,3.3,2563,4.6,18401,33.2,6151,11.1,26408,47.7,3962,7.2,8065,14.6,12432,22.5,1949,3.5
"Herefordshire, County of",90237,100.0,9236,10.2,18633,20.6,47448,52.6,14920,16.5,47975,53.2,2628,2.9,4372,4.8,29127,32.3,11848,13.1,42262,46.8,6608,7.3,14261,15.8,18321,20.3,3072,3.4
"Shropshire",150748,100.0,15327,10.2,30934,20.5,80791,53.6,23696,15.7,80881,53.7,4307,2.9,7367,4.9,50364,33.4,18843,12.5,69867,46.3,11020,7.3,23567,15.6,30427,20.2,4853,3.2
"Stoke-on-Trent",108109,100.0,9264,8.6,22842,21.1,65754,60.8,10249,9.5,58539,54.1,3149,2.9,6816,6.3,40404,37.4,8170,7.6,49570,45.9,6115,5.7,16026,14.8,25350,23.4,2079,1.9
"Telford and Wrekin",78372,100.0,6637,8.5,14513,18.5,48181,61.5,9041,11.5,42122,53.7,2093,2.7,3337,4.3,29563,37.7,7129,9.1,36250,46.3,4544,5.8,11176,14.3,18618,23.8,1912,2.4
"Cannock Chase",47476,100.0,4194,8.8,9370,19.7,27648,58.2,6264,13.2,25245,53.2,1157,2.4,1919,4.0,17013,35.8,5156,10.9,22231,46.8,3037,6.4,7451,15.7,10635,22.4,1108,2.3
"East Staffordshire",54921,100.0,5126,9.3,10595,19.3,31500,57.4,7700,14.0,29616,53.9,1522,2.8,2525,4.6,19323,35.2,6246,11.4,25305,46.1,3604,6.6,8070,14.7,12177,22.2,1454,2.6
"Lichfield",49016,100.0,5028,10.3,9357,19.1,26922,54.9,7709,15.7,26001,53.0,1427,2.9,2183,4.5,16373,33.4,6018,12.3,23015,47.0,3601,7.3,7174,14.6,10549,21.5,1691,3.4
"Newcastle-under-Lyme",57366,100.0,5591,9.7,11460,20.0,33685,58.7,6630,11.6,30259,52.7,1805,3.1,2752,4.8,20548,35.8,5154,9.0,27107,47.3,3786,6.6,8708,15.2,13137,22.9,1476,2.6
"South Staffordshire",53328,100.0,5256,9.9,10625,19.9,30072,56.4,7375,13.8,28019,52.5,1458,2.7,2368,4.4,18383,34.5,5810,10.9,25309,47.5,3798,7.1,8257,15.5,11689,21.9,1565,2.9
"Stafford",64494,100.0,6339,9.8,12472,19.3,36236,56.2,9447,14.6,34298,53.2,2160,3.3,3046,4.7,21633,33.5,7459,11.6,30196,46.8,4179,6.5,9426,14.6,14603,22.6,1988,3.1
"Staffordshire Moorlands",47591,100.0,4485,9.4,9406,19.8,26672,56.0,7028,14.8,25184,52.9,1232,2.6,2137,4.5,16259,34.2,5556,11.7,22407,47.1,3253,6.8,7269,15.3,10413,21.9,1472,3.1
"Tamworth",38281,100.0,3309,8.6,7292,19.0,22850,59.7,4830,12.6,20213,52.8,883,2.3,1548,4.0,13883,36.3,3899,10.2,18068,47.2,2426,6.3,5744,15.0,8967,23.4,931,2.4
"North Warwickshire",31258,100.0,2687,8.6,5942,19.0,18106,57.9,4523,14.5,16475,52.7,702,2.2,1326,4.2,10962,35.1,3485,11.1,14783,47.3,1985,6.4,4616,14.8,7144,22.9,1038,3.3
"Nuneaton and Bedworth",60205,100.0,4979,8.3,11885,19.7,36905,61.3,6436,10.7,31794,52.8,1394,2.3,2628,4.4,22676,37.7,5096,8.5,28411,47.2,3585,6.0,9257,15.4,14229,23.6,1340,2.2
"Rugby",50485,100.0,4210,8.3,8917,17.7,30186,59.8,7172,14.2,26951,53.4,1214,2.4,1836,3.6,18353,36.4,5548,11.0,23534,46.6,2996,5.9,7081,14.0,11833,23.4,1624,3.2
"Stratford-on-Avon",60765,100.0,6578,10.8,11645,19.2,32298,53.2,10244,16.9,31858,52.4,1786,2.9,2704,4.4,19396,31.9,7972,13.1,28907,47.6,4792,7.9,8941,14.7,12902,21.2,2272,3.7
"Warwick",69608,100.0,7188,10.3,12096,17.4,40609,58.3,9715,14.0,36788,52.9,2364,3.4,2905,4.2,24310,34.9,7209,10.4,32820,47.1,4824,6.9,9191,13.2,16299,23.4,2506,3.6
"Birmingham",423691,100.0,41824,9.9,90924,21.5,249030,58.8,41913,9.9,226740,53.5,15490,3.7,34004,8.0,146632,34.6,30614,7.2,196951,46.5,26334,6.2,56920,13.4,102398,24.2,11299,2.7
"Coventry",137560,100.0,13508,9.8,27810,20.2,84060,61.1,12182,8.9,72677,52.8,5059,3.7,7776,5.7,50637,36.8,9205,6.7,64883,47.2,8449,6.1,20034,14.6,33423,24.3,2977,2.2
"Dudley",141998,100.0,12833,9.0,29560,20.8,84436,59.5,15169,10.7,75348,53.1,3523,2.5,6888,4.9,52774,37.2,12163,8.6,66650,46.9,9310,6.6,22672,16.0,31662,22.3,3006,2.1
"Sandwell",128630,100.0,10279,8.0,26642,20.7,80299,62.4,11410,8.9,68739,53.4,3195,2.5,7968,6.2,48517,37.7,9059,7.0,59891,46.6,7084,5.5,18674,14.5,31782,24.7,2351,1.8
"Solihull",97941,100.0,9338,9.5,19110,19.5,56677,57.9,12816,13.1,50810,51.9,2768,2.8,4264,4.4,33769,34.5,10009,10.2,47131,48.1,6570,6.7,14846,15.2,22908,23.4,2807,2.9
"Walsall",112270,100.0,9853,8.8,23776,21.2,66835,59.5,11806,10.5,60467,53.9,2851,2.5,6839,6.1,41366,36.8,9411,8.4,51803,46.1,7002,6.2,16937,15.1,25469,22.7,2395,2.1
"Wolverhampton",104284,100.0,9587,9.2,21517,20.6,63228,60.6,9952,9.5,55426,53.1,3155,3.0,6171,5.9,38356,36.8,7744,7.4,48858,46.9,6432,6.2,15346,14.7,24872,23.9,2208,2.1
"Bromsgrove",46251,100.0,4618,10.0,9227,19.9,25625,55.4,6781,14.7,23857,51.6,1347,2.9,1953,4.2,15363,33.2,5194,11.2,22394,48.4,3271,7.1,7274,15.7,10262,22.2,1587,3.4
"Malvern Hills",34361,100.0,3854,11.2,7144,20.8,17833,51.9,5530,16.1,18145,52.8,1162,3.4,1798,5.2,10972,31.9,4213,12.3,16216,47.2,2692,7.8,5346,15.6,6861,20.0,1317,3.8
"Redditch",42922,100.0,3732,8.7,7966,18.6,26535,61.8,4689,10.9,22723,52.9,1117,2.6,1781,4.1,16119,37.6,3706,8.6,20199,47.1,2615,6.1,6185,14.4,10416,24.3,983,2.3
"Worcester",50101,100.0,5115,10.2,9884,19.7,29101,58.1,6001,12.0,26164,52.2,1624,3.2,2313,4.6,17686,35.3,4541,9.1,23937,47.8,3491,7.0,7571,15.1,11415,22.8,1460,2.9
"Wychavon",58268,100.0,6104,10.5,11419,19.6,31670,54.4,9075,15.6,30792,52.8,1656,2.8,2642,4.5,19331,33.2,7163,12.3,27476,47.2,4448,7.6,8777,15.1,12339,21.2,1912,3.3
"Wyre Forest",46339,100.0,4423,9.5,9727,21.0,26226,56.6,5963,12.9,24436,52.7,1294,2.8,2379,5.1,16110,34.8,4653,10.0,21903,47.3,3129,6.8,7348,15.9,10116,21.8,1310,2.8
"Bedford",75810,100.0,7705,10.2,14080,18.6,43713,57.7,10312,13.6,39894,52.6,2428,3.2,3569,4.7,25889,34.1,8008,10.6,35916,47.4,5277,7.0,10511,13.9,17824,23.5,2304,3.0
"Central Bedfordshire",132061,100.0,12503,9.5,22687,17.2,77141,58.4,19730,14.9,70218,53.2,3372,2.6,4811,3.6,46417,35.1,15618,11.8,61843,46.8,9131,6.9,17876,13.5,30724,23.3,4112,3.1
"Luton",89201,100.0,8474,9.5,17630,19.8,54210,60.8,8887,10.0,49657,55.7,3177,3.6,6576,7.4,32943,36.9,6961,7.8,39544,44.3,5297,5.9,11054,12.4,21267,23.8,1926,2.2
"Peterborough",88044,100.0,7109,8.1,16718,19.0,54376,61.8,9841,11.2,47740,54.2,2370,2.7,4589,5.2,33056,37.5,7725,8.8,40304,45.8,4739,5.4,12129,13.8,21320,24.2,2116,2.4
"Southend-on-Sea",81339,100.0,8211,10.1,15639,19.2,46349,57.0,11140,13.7,43401,53.4,2483,3.1,4091,5.0,28187,34.7,8640,10.6,37938,46.6,5728,7.0,11548,14.2,18162,22.3,2500,3.1
"Thurrock",77420,100.0,6674,8.6,13907,18.0,46749,60.4,10090,13.0,41616,53.8,1750,2.3,3206,4.1,28398,36.7,8262,10.7,35804,46.2,4924,6.4,10701,13.8,18351,23.7,1828,2.4
"Cambridge",59437,100.0,6265,10.5,9818,16.5,34795,58.5,8559,14.4,32001,53.8,2389,4.0,3067,5.2,20629,34.7,5916,10.0,27436,46.2,3876,6.5,6751,11.4,14166,23.8,2643,4.4
"East Cambridgeshire",43919,100.0,4251,9.7,7663,17.4,25151,57.3,6854,15.6,23497,53.5,1107,2.5,1649,3.8,15270,34.8,5471,12.5,20422,46.5,3144,7.2,6014,13.7,9881,22.5,1383,3.1
"Fenland",44514,100.0,3992,9.0,8215,18.5,25834,58.0,6473,14.5,23976,53.9,1146,2.6,1872,4.2,15679,35.2,5279,11.9,20538,46.1,2846,6.4,6343,14.2,10155,22.8,1194,2.7
"Huntingdonshire",88991,100.0,8248,9.3,15375,17.3,52393,58.9,12975,14.6,47565,53.4,2360,2.7,3407,3.8,31428,35.3,10370,11.7,41426,46.6,5888,6.6,11968,13.4,20965,23.6,2605,2.9
"South Cambridgeshire",79139,100.0,8113,10.3,13757,17.4,45466,57.5,11803,14.9,42244,53.4,2316,2.9,3144,4.0,27590,34.9,9194,11.6,36895,46.6,5797,7.3,10613,13.4,17876,22.6,2609,3.3
"Basildon",83006,100.0,8125,9.8,14723,17.7,48769,58.8,11389,13.7,44182,53.2,2113,2.5,3279,4.0,29582,35.6,9208,11.1,38824,46.8,6012,7.2,11444,13.8,19187,23.1,2181,2.6
"Braintree",74200,100.0,7557,10.2,13531,18.2,41701,56.2,11411,15.4,39557,53.3,1949,2.6,2934,4.0,25563,34.5,9111,12.3,34643,46.7,5608,7.6,10597,14.3,16138,21.7,2300,3.1
"Brentwood",36251,100.0,3716,10.3,6172,17.0,20031,55.3,6332,17.5,19281,53.2,1006,2.8,1431,3.9,11956,33.0,4888,13.5,16970,46.8,2710,7.5,4741,13.1,8075,22.3,1444,4.0
"Castle Point",41443,100.0,4379,10.6,7866,19.0,23353,56.3,5845,14.1,22405,54.1,1108,2.7,1756,4.2,14719,35.5,4822,11.6,19038,45.9,3271,7.9,6110,14.7,8634,20.8,1023,2.5
"Chelmsford",86451,100.0,9182,10.6,15368,17.8,48839,56.5,13062,15.1,45966,53.2,2508,2.9,3564,4.1,29635,34.3,10259,11.9,40485,46.8,6674,7.7,11804,13.7,19204,22.2,2803,3.2
"Colchester",85587,100.0,9680,11.3,16139,18.9,46946,54.9,12822,15.0,45396,53.0,2930,3.4,3703,4.3,28589,33.4,10174,11.9,40191,47.0,6750,7.9,12436,14.5,18357,21.4,2648,3.1
"Epping Forest",61609,100.0,6252,10.1,10809,17.5,34460,55.9,10088,16.4,32614,52.9,1742,2.8,2741,4.4,20275,32.9,7856,12.8,28995,47.1,4510,7.3,8068,13.1,14185,23.0,2232,3.6
"Harlow",40401,100.0,3687,9.1,7402,18.3,24832,61.5,4480,11.1,21208,52.5,1102,2.7,1680,4.2,14846,36.7,3580,8.9,19193,47.5,2585,6.4,5722,14.2,9986,24.7,900,2.2
"Maldon",30292,100.0,3457,11.4,5615,18.5,16254,53.7,4966,16.4,16463,54.3,909,3.0,1290,4.3,10204,33.7,4060,13.4,13829,45.7,2548,8.4,4325,14.3,6050,20.0,906,3.0
"Rochford",40662,100.0,4433,10.9,7590,18.7,22730,55.9,5909,14.5,21895,53.8,1072,2.6,1705,4.2,14297,35.2,4821,11.9,18767,46.2,3361,8.3,5885,14.5,8433,20.7,1088,2.7
"Tendring",54857,100.0,6128,11.2,12202,22.2,29013,52.9,7514,13.7,28794,52.5,1762,3.2,3050,5.6,18020,32.8,5962,10.9,26063,47.5,4366,8.0,9152,16.7,10993,20.0,1552,2.8
"Uttlesford",40772,100.0,4692,11.5,7142,17.5,21534,52.8,7404,18.2,22004,54.0,1279,3.1,1616,4.0,13225,32.4,5884,14.4,18768,46.0,3413,8.4,5526,13.6,8309,20.4,1520,3.7
"Broxbourne",46222,100.0,4346,9.4,8650,18.7,27093,58.6,6133,13.3,24280,52.5,1133,2.5,1992,4.3,16212,35.1,4943,10.7,21942,47.5,3213,7.0,6658,14.4,10881,23.5,1190,2.6
"Dacorum",73437,100.0,7377,10.0,12773,17.4,42097,57.3,11190,15.2,38945,53.0,2177,3.0,3004,4.1,25223,34.3,8541,11.6,34492,47.0,5200,7.1,9769,13.3,16874,23.0,2649,3.6
"East Hertfordshire",72225,100.0,7409,10.3,12056,16.7,40776,56.5,11984,16.6,38402,53.2,1940,2.7,2643,3.7,24577,34.0,9242,12.8,33823,46.8,5469,7.6,9413,13.0,16199,22.4,2742,3.8
"Hertsmere",49428,100.0,5115,10.3,9013,18.2,27736,56.1,7564,15.3,25930,52.5,1397,2.8,2255,4.6,16418,33.2,5860,11.9,23498,47.5,3718,7.5,6758,13.7,11318,22.9,1704,3.4
"North Hertfordshire",64990,100.0,6544,10.1,11224,17.3,37736,58.1,9486,14.6,34638,53.3,1876,2.9,2494,3.8,22992,35.4,7276,11.2,30352,46.7,4668,7.2,8730,13.4,14744,22.7,2210,3.4
"St Albans",71378,100.0,7411,10.4,12198,17.1,38883,54.5,12886,18.1,38046,53.3,2074,2.9,2967,4.2,23266,32.6,9739,13.6,33332,46.7,5337,7.5,9231,12.9,15617,21.9,3147,4.4
"Stevenage",42738,100.0,3763,8.8,7699,18.0,26580,62.2,4696,11.0,22608,52.9,1190,2.8,1762,4.1,15971,37.4,3685,8.6,20130,47.1,2573,6.0,5937,13.9,10609,24.8,1011,2.4
"Three Rivers",43999,100.0,4452,10.1,7808,17.7,24681,56.1,7058,16.0,23202,52.7,1219,2.8,1820,4.1,14754,33.5,5409,12.3,20797,47.3,3233,7.3,5988,13.6,9927,22.6,1649,3.7
"Watford",47634,100.0,4133,8.7,7863,16.5,29683,62.3,5955,12.5,25454,53.4,1373,2.9,2258,4.7,17441,36.6,4382,9.2,22180,46.6,2760,5.8,5605,11.8,12242,25.7,1573,3.3
"Welwyn Hatfield",52981,100.0,6354,12.0,9380,17.7,30270,57.1,6977,13.2,28016,52.9,2142,4.0,2391,4.5,18090,34.1,5393,10.2,24965,47.1,4212,8.0,6989,13.2,12180,23.0,1584,3.0
"Breckland",61301,100.0,6142,10.0,11784,19.2,33755,55.1,9620,15.7,33117,54.0,1658,2.7,2709,4.4,20851,34.0,7899,12.9,28184,46.0,4484,7.3,9075,14.8,12904,21.1,1721,2.8
"Broadland",61541,100.0,6867,11.2,13076,21.2,33616,54.6,7982,13.0,32512,52.8,1813,2.9,2849,4.6,21345,34.7,6505,10.6,29029,47.2,5054,8.2,10227,16.6,12271,19.9,1477,2.4
"Great Yarmouth",41264,100.0,4375,10.6,9693,23.5,21806,52.8,5390,13.1,21955,53.2,1218,3.0,2543,6.2,13702,33.2,4492,10.9,19309,46.8,3157,7.7,7150,17.3,8104,19.6,898,2.2
"King`s Lynn and West Norfolk",67268,100.0,6841,10.2,13313,19.8,37137,55.2,9977,14.8,36131,53.7,1890,2.8,3078,4.6,23165,34.4,7998,11.9,31137,46.3,4951,7.4,10235,15.2,13972,20.8,1979,2.9
"North Norfolk",43183,100.0,5122,11.9,9384,21.7,22359,51.8,6318,14.6,23025,53.3,1422,3.3,2608,6.0,14017,32.5,4978,11.5,20158,46.7,3700,8.6,6776,15.7,8342,19.3,1340,3.1
"Norwich",62424,100.0,7139,11.4,12223,19.6,36390,58.3,6672,10.7,32923,52.7,2479,4.0,3715,6.0,21803,34.9,4926,7.9,29501,47.3,4660,7.5,8508,13.6,14587,23.4,1746,2.8
"South Norfolk",60333,100.0,6847,11.3,12149,20.1,32039,53.1,9298,15.4,31755,52.6,1832,3.0,2743,4.5,19804,32.8,7376,12.2,28578,47.4,5015,8.3,9406,15.6,12235,20.3,1922,3.2
"Babergh",42250,100.0,4938,11.7,8266,19.6,22511,53.3,6535,15.5,22553,53.4,1320,3.1,1879,4.4,14156,33.5,5198,12.3,19697,46.6,3618,8.6,6387,15.1,8355,19.8,1337,3.2
"Forest Heath",31540,100.0,2577,8.2,4781,15.2,18456,58.5,5726,18.2,17679,56.1,724,2.3,1142,3.6,11282,35.8,4531,14.4,13861,43.9,1853,5.9,3639,11.5,7174,22.7,1195,3.8
"Ipswich",65479,100.0,6601,10.1,13433,20.5,38292,58.5,7153,10.9,35051,53.5,1941,3.0,3239,4.9,24133,36.9,5738,8.8,30428,46.5,4660,7.1,10194,15.6,14159,21.6,1415,2.2
"Mid Suffolk",48570,100.0,5831,12.0,9310,19.2,25412,52.3,8017,16.5,26220,54.0,1413,2.9,1960,4.0,16275,33.5,6572,13.5,22350,46.0,4418,9.1,7350,15.1,9137,18.8,1445,3.0
"St Edmundsbury",56483,100.0,5740,10.2,10544,18.7,31973,56.6,8226,14.6,30514,54.0,1673,3.0,2344,4.1,19849,35.1,6648,11.8,25969,46.0,4067,7.2,8200,14.5,12124,21.5,1578,2.8
"Suffolk Coastal",58257,100.0,7354,12.6,11876,20.4,30154,51.8,8873,15.2,30981,53.2,2038,3.5,2674,4.6,19118,32.8,7151,12.3,27276,46.8,5316,9.1,9202,15.8,11036,18.9,1722,3.0
"Waveney",49181,100.0,5895,12.0,11128,22.6,25687,52.2,6471,13.2,26061,53.0,1559,3.2,2642,5.4,16532,33.6,5328,10.8,23120,47.0,4336,8.8,8486,17.3,9155,18.6,1143,2.3
"Camden",108966,100.0,9690,8.9,15239,14.0,58926,54.1,25111,23.0,57653,52.9,3663,3.4,6276,5.8,30936,28.4,16778,15.4,51313,47.1,6027,5.5,8963,8.2,27990,25.7,8333,7.6
"City of London",4747,100.0,260,5.5,418,8.8,2252,47.4,1817,38.3,2883,60.7,137,2.9,190,4.0,1295,27.3,1261,26.6,1864,39.3,123,2.6,228,4.8,957,20.2,556,11.7
"Hackney",118556,100.0,9974,8.4,22546,19.0,67993,57.4,18043,15.2,61808,52.1,4249,3.6,9548,8.1,36285,30.6,11726,9.9,56748,47.9,5725,4.8,12998,11.0,31708,26.7,6317,5.3
"Hammersmith and Fulham",99618,100.0,7074,7.1,12156,12.2,57191,57.4,23197,23.3,51215,51.4,2785,2.8,4334,4.4,28759,28.9,15337,15.4,48403,48.6,4289,4.3,7822,7.9,28432,28.5,7860,7.9
"Haringey",124296,100.0,10893,8.8,23865,19.2,72247,58.1,17291,13.9,65576,52.8,4363,3.5,9571,7.7,39829,32.0,11813,9.5,58720,47.2,6530,5.3,14294,11.5,32418,26.1,5478,4.4
"Islington",106765,100.0,7790,7.3,14494,13.6,61581,57.7,22900,21.4,55698,52.2,3123,2.9,5416,5.1,32327,30.3,14832,13.9,51067,47.8,4667,4.4,9078,8.5,29254,27.4,8068,7.6
"Kensington and Chelsea",81387,100.0,5949,7.3,10015,12.3,36875,45.3,28548,35.1,44770,55.0,2245,2.8,3765,4.6,18966,23.3,19794,24.3,36617,45.0,3704,4.6,6250,7.7,17909,22.0,8754,10.8
"Lambeth",166494,100.0,11298,6.8,23883,14.3,102572,61.6,28741,17.3,87062,52.3,4457,2.7,8586,5.2,54747,32.9,19272,11.6,79432,47.7,6841,4.1,15297,9.2,47825,28.7,9469,5.7
"Lewisham",136057,100.0,11762,8.6,24660,18.1,82036,60.3,17599,12.9,69753,51.3,4564,3.4,8598,6.3,44485,32.7,12106,8.9,66304,48.7,7198,5.3,16062,11.8,37551,27.6,5493,4.0
"Newham",132454,100.0,14697,11.1,29883,22.6,75272,56.8,12602,9.5,78478,59.2,7872,5.9,15916,12.0,45279,34.2,9411,7.1,53976,40.8,6825,5.2,13967,10.5,29993,22.6,3191,2.4
"Southwark",147388,100.0,11455,7.8,23310,15.8,86853,58.9,25770,17.5,77077,52.3,4456,3.0,8449,5.7,46737,31.7,17435,11.8,70311,47.7,6999,4.7,14861,10.1,40116,27.2,8335,5.7
"Tower Hamlets",120873,100.0,9895,8.2,20014,16.6,67532,55.9,23432,19.4,70041,57.9,4597,3.8,11151,9.2,38207,31.6,16086,13.3,50832,42.1,5298,4.4,8863,7.3,29325,24.3,7346,6.1
"Wandsworth",178582,100.0,11290,6.3,21047,11.8,106837,59.8,39408,22.1,91012,51.0,4000,2.2,7297,4.1,53745,30.1,25970,14.5,87570,49.0,7290,4.1,13750,7.7,53092,29.7,13438,7.5
"Westminster",111179,100.0,7640,6.9,13917,12.5,54879,49.4,34743,31.2,62641,56.3,3202,2.9,6224,5.6,29136,26.2,24079,21.7,48538,43.7,4438,4.0,7693,6.9,25743,23.2,10664,9.6
"Barking and Dagenham",75217,100.0,6745,9.0,15078,20.0,46263,61.5,7131,9.5,40277,53.5,2317,3.1,5013,6.7,27319,36.3,5628,7.5,34940,46.5,4428,5.9,10065,13.4,18944,25.2,1503,2.0
"Barnet",170658,100.0,17500,10.3,31467,18.4,95329,55.9,26362,15.4,90085,52.8,5854,3.4,10639,6.2,54013,31.6,19579,11.5,80573,47.2,11646,6.8,20828,12.2,41316,24.2,6783,4.0
"Bexley",110159,100.0,10148,9.2,20235,18.4,66690,60.5,13086,11.9,57318,52.0,2965,2.7,4815,4.4,39285,35.7,10253,9.3,52841,48.0,7183,6.5,15420,14.0,27405,24.9,2833,2.6
"Brent",147461,100.0,13578,9.2,27679,18.8,87987,59.7,18217,12.4,80561,54.6,5715,3.9,11486,7.8,50227,34.1,13133,8.9,66900,45.4,7863,5.3,16193,11.0,37760,25.6,5084,3.4
"Bromley",151368,100.0,14237,9.4,26162,17.3,88330,58.4,22639,15.0,78416,51.8,4133,2.7,6572,4.3,50774,33.5,16937,11.2,72952,48.2,10104,6.7,19590,12.9,37556,24.8,5702,3.8
"Croydon",172987,100.0,15215,8.8,31605,18.3,105866,61.2,20301,11.7,89773,51.9,5369,3.1,9783,5.7,59765,34.5,14856,8.6,83214,48.1,9846,5.7,21822,12.6,46101,26.6,5445,3.1
"Ealing",164820,100.0,13592,8.2,27512,16.7,101193,61.4,22523,13.7,90013,54.6,5188,3.1,10788,6.5,57800,35.1,16237,9.9,74807,45.4,8404,5.1,16724,10.1,43393,26.3,6286,3.8
"Enfield",137622,100.0,13616,9.9,28540,20.7,79245,57.6,16221,11.8,72313,52.5,5188,3.8,10692,7.8,44548,32.4,11885,8.6,65309,47.5,8428,6.1,17848,13.0,34697,25.2,4336,3.2
"Greenwich",117821,100.0,10420,8.8,21222,18.0,69660,59.1,16519,14.0,62676,53.2,3960,3.4,7307,6.2,39517,33.5,11892,10.1,55145,46.8,6460,5.5,13915,11.8,30143,25.6,4627,3.9
"Harrow",113900,100.0,10835,9.5,21103,18.5,67397,59.2,14565,12.8,61833,54.3,3731,3.3,7387,6.5,39716,34.9,10999,9.7,52067,45.7,7104,6.2,13716,12.0,27681,24.3,3566,3.1
"Havering",112846,100.0,10760,9.5,20158,17.9,67861,60.1,14067,12.5,59597,52.8,2920,2.6,4904,4.3,40503,35.9,11270,10.0,53249,47.2,7840,6.9,15254,13.5,27358,24.2,2797,2.5
"Hillingdon",130290,100.0,12259,9.4,22475,17.2,79923,61.3,15633,12.0,70127,53.8,4401,3.4,6890,5.3,46745,35.9,12091,9.3,60163,46.2,7858,6.0,15585,12.0,33178,25.5,3542,2.7
"Hounslow",127032,100.0,10703,8.4,21169,16.7,78585,61.9,16575,13.0,69965,55.1,4192,3.3,7981,6.3,45688,36.0,12104,9.5,57067,44.9,6511,5.1,13188,10.4,32897,25.9,4471,3.5
"Kingston upon Thames",81957,100.0,8460,10.3,13695,16.7,47188,57.6,12614,15.4,43316,52.9,2873,3.5,4207,5.1,27130,33.1,9106,11.1,38641,47.1,5587,6.8,9488,11.6,20058,24.5,3508,4.3
"Merton",104822,100.0,8316,7.9,16848,16.1,63103,60.2,16555,15.8,55906,53.3,2972,2.8,5782,5.5,35258,33.6,11894,11.3,48916,46.7,5344,5.1,11066,10.6,27845,26.6,4661,4.4
"Redbridge",124692,100.0,11817,9.5,23842,19.1,73182,58.7,15851,12.7,68668,55.1,4552,3.7,9152,7.3,43161,34.6,11803,9.5,56024,44.9,7265,5.8,14690,11.8,30021,24.1,4048,3.2
"Richmond upon Thames",99204,100.0,8813,8.9,14668,14.8,54424,54.9,21299,21.5,52434,52.9,2817,2.8,4106,4.1,30316,30.6,15195,15.3,46770,47.1,5996,6.0,10562,10.6,24108,24.3,6104,6.2
"Sutton",97658,100.0,8632,8.8,16973,17.4,59518,60.9,12535,12.8,51003,52.2,2630,2.7,4447,4.6,34511,35.3,9415,9.6,46655,47.8,6002,6.1,12526,12.8,25007,25.6,3120,3.2
"Waltham Forest",121021,100.0,10793,8.9,23069,19.1,73926,61.1,13233,10.9,65849,54.4,4443,3.7,9331,7.7,42564,35.2,9511,7.9,55172,45.6,6350,5.2,13738,11.4,31362,25.9,3722,3.1
"Bracknell Forest",61914,100.0,5272,8.5,9680,15.6,37139,60.0,9823,15.9,32823,53.0,1544,2.5,2096,3.4,21685,35.0,7498,12.1,29091,47.0,3728,6.0,7584,12.2,15454,25.0,2325,3.8
"Brighton and Hove",139823,100.0,15403,11.0,28766,20.6,78731,56.3,16923,12.1,73383,52.5,5509,3.9,9242,6.6,46644,33.4,11988,8.6,66440,47.5,9894,7.1,19524,14.0,32087,22.9,4935,3.5
"Isle of Wight",59299,100.0,6470,10.9,14402,24.3,31938,53.9,6489,10.9,30678,51.7,2063,3.5,4085,6.9,19821,33.4,4709,7.9,28621,48.3,4407,7.4,10317,17.4,12117,20.4,1780,3.0
"Medway",126689,100.0,12260,9.7,23004,18.2,74156,58.5,17269,13.6,68115,53.8,3483,2.7,5194,4.1,45408,35.8,14030,11.1,58574,46.2,8777,6.9,17810,14.1,28748,22.7,3239,2.6
"Milton Keynes",127783,100.0,10506,8.2,21119,16.5,79695,62.4,16463,12.9,67910,53.1,3349,2.6,4977,3.9,46998,36.8,12586,9.8,59873,46.9,7157,5.6,16142,12.6,32697,25.6,3877,3.0
"Portsmouth",96619,100.0,10493,10.9,18812,19.5,56064,58.0,11250,11.6,51505,53.3,3623,3.7,4985,5.2,34208,35.4,8689,9.0,45114,46.7,6870,7.1,13827,14.3,21856,22.6,2561,2.7
"Reading",79852,100.0,7615,9.5,12571,15.7,50301,63.0,9365,11.7,43186,54.1,2567,3.2,3515,4.4,30281,37.9,6823,8.5,36666,45.9,5048,6.3,9056,11.3,20020,25.1,2542,3.2
"Slough",67300,100.0,5470,8.1,11520,17.1,43072,64.0,7238,10.8,37144,55.2,2109,3.1,4098,6.1,25405,37.7,5532,8.2,30156,44.8,3361,5.0,7422,11.0,17667,26.3,1706,2.5
"Southampton",112608,100.0,12994,11.5,20703,18.4,65968,58.6,12943,11.5,60632,53.8,4732,4.2,5741,5.1,40137,35.6,10022,8.9,51976,46.2,8262,7.3,14962,13.3,25831,22.9,2921,2.6
"West Berkshire",81679,100.0,7843,9.6,13435,16.4,47282,57.9,13119,16.1,43640,53.4,2164,2.6,2859,3.5,28595,35.0,10022,12.3,38039,46.6,5679,7.0,10576,12.9,18687,22.9,3097,3.8
"Windsor and Maidenhead",73951,100.0,6709,9.1,11705,15.8,41725,56.4,13812,18.7,39677,53.7,2005,2.7,2972,4.0,24364,32.9,10336,14.0,34274,46.3,4704,6.4,8733,11.8,17361,23.5,3476,4.7
"Wokingham",81377,100.0,8274,10.2,13144,16.2,47267,58.1,12692,15.6,43417,53.4,2389,2.9,2818,3.5,28555,35.1,9655,11.9,37960,46.6,5885,7.2,10326,12.7,18712,23.0,3037,3.7
"Aylesbury Vale",90724,100.0,8732,9.6,16063,17.7,51349,56.6,14580,16.1,48033,52.9,2567,2.8,3850,4.2,30407,33.5,11209,12.4,42691,47.1,6165,6.8,12213,13.5,20942,23.1,3371,3.7
"Chiltern",44785,100.0,5434,12.1,7950,17.8,23387,52.2,8014,17.9,23819,53.2,1484,3.3,1937,4.3,14197,31.7,6201,13.8,20966,46.8,3950,8.8,6013,13.4,9190,20.5,1813,4.0
"South Bucks",33117,100.0,3230,9.8,5240,15.8,18307,55.3,6340,19.1,17798,53.7,931,2.8,1244,3.8,10724,32.4,4899,14.8,15319,46.3,2299,6.9,3996,12.1,7583,22.9,1441,4.4
"Wycombe",86350,100.0,8992,10.4,15005,17.4,49054,56.8,13299,15.4,46614,54.0,2815,3.3,4087,4.7,29563,34.2,10149,11.8,39736,46.0,6177,7.2,10918,12.6,19491,22.6,3150,3.6
"Eastbourne",44449,100.0,4758,10.7,9543,21.5,24874,56.0,5274,11.9,23000,51.7,1626,3.7,2643,5.9,14772,33.2,3959,8.9,21449,48.3,3132,7.0,6900,15.5,10102,22.7,1315,3.0
"Hastings",40671,100.0,3926,9.7,9193,22.6,22831,56.1,4721,11.6,21034,51.7,1273,3.1,2574,6.3,13596,33.4,3591,8.8,19637,48.3,2653,6.5,6619,16.3,9235,22.7,1130,2.8
"Lewes",45532,100.0,5203,11.4,9918,21.8,24255,53.3,6156,13.5,23693,52.0,1594,3.5,2665,5.9,14725,32.3,4709,10.3,21839,48.0,3609,7.9,7253,15.9,9530,20.9,1447,3.2
"Rother",37583,100.0,4344,11.6,8240,21.9,19179,51.0,5820,15.5,19827,52.8,1339,3.6,2251,6.0,11732,31.2,4505,12.0,17756,47.2,3005,8.0,5989,15.9,7447,19.8,1315,3.5
"Wealden",71084,100.0,8581,12.1,14444,20.3,36456,51.3,11603,16.3,37600,52.9,2355,3.3,3489,4.9,22657,31.9,9099,12.8,33484,47.1,6226,8.8,10955,15.4,13799,19.4,2504,3.5
"Basingstoke and Deane",90122,100.0,7978,8.9,14361,15.9,55288,61.3,12495,13.9,47831,53.1,2261,2.5,2999,3.3,32887,36.5,9684,10.7,42291,46.9,5717,6.3,11362,12.6,22401,24.9,2811,3.1
"East Hampshire",58457,100.0,6519,11.2,10628,18.2,31740,54.3,9570,16.4,31065,53.1,1740,3.0,2378,4.1,19538,33.4,7409,12.7,27392,46.9,4779,8.2,8250,14.1,12202,20.9,2161,3.7
"Eastleigh",65768,100.0,6507,9.9,12563,19.1,38030,57.8,8668,13.2,34313,52.2,1848,2.8,2518,3.8,23159,35.2,6788,10.3,31455,47.8,4659,7.1,10045,15.3,14871,22.6,1880,2.9
"Fareham",56445,100.0,5700,10.1,10735,19.0,32302,57.2,7708,13.7,29604,52.4,1586,2.8,2143,3.8,19839,35.1,6036,10.7,26841,47.6,4114,7.3,8592,15.2,12463,22.1,1672,3.0
"Gosport",40063,100.0,3484,8.7,7373,18.4,24092,60.1,5114,12.8,21343,53.3,982,2.5,1517,3.8,14787,36.9,4057,10.1,18720,46.7,2502,6.2,5856,14.6,9305,23.2,1057,2.6
"Hart",48047,100.0,4973,10.4,7821,16.3,26942,56.1,8311,17.3,26001,54.1,1301,2.7,1590,3.3,16613,34.6,6497,13.5,22046,45.9,3672,7.6,6231,13.0,10329,21.5,1814,3.8
"Havant",55555,100.0,5595,10.1,11383,20.5,31449,56.6,7128,12.8,29179,52.5,1603,2.9,2506,4.5,19422,35.0,5648,10.2,26376,47.5,3992,7.2,8877,16.0,12027,21.6,1480,2.7
"New Forest",82993,100.0,9975,12.0,17045,20.5,44181,53.2,11792,14.2,43254,52.1,2730,3.3,3950,4.8,27335,32.9,9239,11.1,39739,47.9,7245,8.7,13095,15.8,16846,20.3,2553,3.1
"Rushmoor",51087,100.0,4229,8.3,8063,15.8,31766,62.2,7029,13.8,27487,53.8,1242,2.4,1774,3.5,18897,37.0,5574,10.9,23600,46.2,2987,5.8,6289,12.3,12869,25.2,1455,2.8
"Test Valley",59611,100.0,6209,10.4,10735,18.0,33465,56.1,9202,15.4,31602,53.0,1720,2.9,2282,3.8,20332,34.1,7268,12.2,28009,47.0,4489,7.5,8453,14.2,13133,22.0,1934,3.2
"Winchester",57318,100.0,7309,12.8,10491,18.3,29583,51.6,9935,17.3,30063,52.4,2086,3.6,2505,4.4,17899,31.2,7573,13.2,27255,47.6,5223,9.1,7986,13.9,11684,20.4,2362,4.1
"Ashford",57546,100.0,5919,10.3,10992,19.1,31824,55.3,8811,15.3,30334,52.7,1698,3.0,2518,4.4,19198,33.4,6920,12.0,27212,47.3,4221,7.3,8474,14.7,12626,21.9,1891,3.3
"Canterbury",65620,100.0,8958,13.7,13676,20.8,33519,51.1,9467,14.4,33751,51.4,3027,4.6,3670,5.6,19947,30.4,7107,10.8,31869,48.6,5931,9.0,10006,15.2,13572,20.7,2360,3.6
"Dartford",49611,100.0,4205,8.5,8482,17.1,30301,61.1,6623,13.3,26308,53.0,1163,2.3,1944,3.9,17972,36.2,5229,10.5,23303,47.0,3042,6.1,6538,13.2,12329,24.9,1394,2.8
"Dover",50396,100.0,5025,10.0,10544,20.9,27821,55.2,7006,13.9,26602,52.8,1529,3.0,2744,5.4,16906,33.5,5423,10.8,23794,47.2,3496,6.9,7800,15.5,10915,21.7,1583,3.1
"Gravesham",47639,100.0,4559,9.6,9097,19.1,27296,57.3,6687,14.0,25589,53.7,1249,2.6,2167,4.5,16819,35.3,5354,11.2,22050,46.3,3310,6.9,6930,14.5,10477,22.0,1333,2.8
"Maidstone",78090,100.0,7706,9.9,14279,18.3,43789,56.1,12316,15.8,41797,53.5,2214,2.8,3312,4.2,26514,34.0,9757,12.5,36293,46.5,5492,7.0,10967,14.0,17275,22.1,2559,3.3
"Sevenoaks",56015,100.0,6150,11.0,10174,18.2,29704,53.0,9987,17.8,29941,53.5,1590,2.8,2456,4.4,18009,32.2,7886,14.1,26074,46.5,4560,8.1,7718,13.8,11695,20.9,2101,3.8
"Shepway",48280,100.0,4864,10.1,10016,20.7,26520,54.9,6880,14.3,25704,53.2,1527,3.2,2557,5.3,16177,33.5,5443,11.3,22576,46.8,3337,6.9,7459,15.4,10343,21.4,1437,3.0
"Swale",62810,100.0,6010,9.6,11778,18.8,35441,56.4,9581,15.3,33604,53.5,1571,2.5,2681,4.3,21632,34.4,7720,12.3,29206,46.5,4439,7.1,9097,14.5,13809,22.0,1861,3.0
"Thanet",55200,100.0,5560,10.1,12568,22.8,30228,54.8,6844,12.4,28293,51.3,1847,3.3,3365,6.1,17952,32.5,5129,9.3,26907,48.7,3713,6.7,9203,16.7,12276,22.2,1715,3.1
"Tonbridge and Malling",59993,100.0,6201,10.3,11083,18.5,33176,55.3,9533,15.9,31691,52.8,1672,2.8,2399,4.0,19987,33.3,7633,12.7,28302,47.2,4529,7.5,8684,14.5,13189,22.0,1900,3.2
"Tunbridge Wells",57234,100.0,5958,10.4,10293,18.0,31264,54.6,9719,17.0,30865,53.9,1641,2.9,2636,4.6,18995,33.2,7593,13.3,26369,46.1,4317,7.5,7657,13.4,12269,21.4,2126,3.7
"Cherwell",74829,100.0,6853,9.2,13311,17.8,43981,58.8,10684,14.3,39567,52.9,1983,2.7,2814,3.8,26506,35.4,8264,11.0,35262,47.1,4870,6.5,10497,14.0,17475,23.4,2420,3.2
"Oxford",69807,100.0,8049,11.5,12267,17.6,40184,57.6,9307,13.3,36187,51.8,3223,4.6,3770,5.4,22824,32.7,6370,9.1,33620,48.2,4826,6.9,8497,12.2,17360,24.9,2937,4.2
"South Oxfordshire",70087,100.0,7152,10.2,12252,17.5,39517,56.4,11166,15.9,37187,53.1,2000,2.9,2720,3.9,23998,34.2,8469,12.1,32900,46.9,5152,7.4,9532,13.6,15519,22.1,2697,3.8
"Vale of White Horse",63181,100.0,6012,9.5,11104,17.6,36689,58.1,9376,14.8,33743,53.4,1755,2.8,2426,3.8,22404,35.5,7158,11.3,29438,46.6,4257,6.7,8678,13.7,14285,22.6,2218,3.5
"West Oxfordshire",56515,100.0,5452,9.6,9768,17.3,32351,57.2,8944,15.8,29919,52.9,1508,2.7,1956,3.5,19567,34.6,6888,12.2,26596,47.1,3944,7.0,7812,13.8,12784,22.6,2056,3.6
"Elmbridge",64730,100.0,6474,10.0,10465,16.2,34267,52.9,13524,20.9,34706,53.6,1805,2.8,2520,3.9,20053,31.0,10328,16.0,30024,46.4,4669,7.2,7945,12.3,14214,22.0,3196,4.9
"Epsom and Ewell",38005,100.0,3979,10.5,6677,17.6,21691,57.1,5658,14.9,19954,52.5,1143,3.0,1604,4.2,12851,33.8,4356,11.5,18051,47.5,2836,7.5,5073,13.3,8840,23.3,1302,3.4
"Guildford",70021,100.0,8222,11.7,11523,16.5,38674,55.2,11602,16.6,37615,53.7,2458,3.5,2762,3.9,23453,33.5,8942,12.8,32406,46.3,5764,8.2,8761,12.5,15221,21.7,2660,3.8
"Mole Valley",42422,100.0,4802,11.3,7685,18.1,22730,53.6,7205,17.0,22571,53.2,1303,3.1,1835,4.3,13877,32.7,5556,13.1,19851,46.8,3499,8.2,5850,13.8,8853,20.9,1649,3.9
"Reigate and Banstead",71236,100.0,6787,9.5,12019,16.9,41301,58.0,11129,15.6,37728,53.0,1938,2.7,2895,4.1,24378,34.2,8517,12.0,33508,47.0,4849,6.8,9124,12.8,16923,23.8,2612,3.7
"Runnymede",40651,100.0,4484,11.0,6718,16.5,22964,56.5,6485,16.0,21477,52.8,1349,3.3,1698,4.2,13503,33.2,4927,12.1,19174,47.2,3135,7.7,5020,12.3,9461,23.3,1558,3.8
"Spelthorne",50161,100.0,4278,8.5,8251,16.4,30880,61.6,6752,13.5,26489,52.8,1298,2.6,1902,3.8,18206,36.3,5083,10.1,23672,47.2,2980,5.9,6349,12.7,12674,25.3,1669,3.3
"Surrey Heath",44968,100.0,4487,10.0,7561,16.8,25306,56.3,7614,16.9,24164,53.7,1293,2.9,1792,4.0,15132,33.7,5947,13.2,20804,46.3,3194,7.1,5769,12.8,10174,22.6,1667,3.7
"Tandridge",41813,100.0,4359,10.4,7303,17.5,23040,55.1,7111,17.0,21975,52.6,1220,2.9,1690,4.0,13610,32.5,5455,13.0,19838,47.4,3139,7.5,5613,13.4,9430,22.6,1656,4.0
"Waverley",59178,100.0,7034,11.9,10632,18.0,30875,52.2,10637,18.0,31643,53.5,1911,3.2,2453,4.1,19027,32.2,8252,13.9,27535,46.5,5123,8.7,8179,13.8,11848,20.0,2385,4.0
"Woking",51341,100.0,4878,9.5,8230,16.0,30103,58.6,8130,15.8,28025,54.6,1480,2.9,2161,4.2,18100,35.3,6284,12.2,23316,45.4,3398,6.6,6069,11.8,12003,23.4,1846,3.6
"Adur",29356,100.0,2986,10.2,6340,21.6,16602,56.6,3428,11.7,15301,52.1,900,3.1,1575,5.4,10158,34.6,2668,9.1,14055,47.9,2086,7.1,4765,16.2,6444,22.0,760,2.6
"Arun",67443,100.0,7429,11.0,14018,20.8,37119,55.0,8877,13.2,34913,51.8,2205,3.3,3570,5.3,22290,33.1,6848,10.2,32530,48.2,5224,7.7,10448,15.5,14829,22.0,2029,3.0
"Chichester",53285,100.0,6703,12.6,10619,19.9,27171,51.0,8792,16.5,27815,52.2,1937,3.6,2699,5.1,16449,30.9,6730,12.6,25470,47.8,4766,8.9,7920,14.9,10722,20.1,2062,3.9
"Crawley",55466,100.0,4573,8.2,9684,17.5,35078,63.2,6131,11.1,29560,53.3,1425,2.6,2504,4.5,20890,37.7,4741,8.5,25906,46.7,3148,5.7,7180,12.9,14188,25.6,1390,2.5
"Horsham",66299,100.0,7634,11.5,12263,18.5,35840,54.1,10562,15.9,34830,52.5,2059,3.1,2728,4.1,21948,33.1,8095,12.2,31469,47.5,5575,8.4,9535,14.4,13892,21.0,2467,3.7
"Mid Sussex",72229,100.0,7643,10.6,13549,18.8,40343,55.9,10694,14.8,38103,52.8,2124,2.9,3013,4.2,24667,34.2,8299,11.5,34126,47.2,5519,7.6,10536,14.6,15676,21.7,2395,3.3
"Worthing",50611,100.0,5210,10.3,10129,20.0,29243,57.8,6029,11.9,26218,51.8,1600,3.2,2475,4.9,17599,34.8,4544,9.0,24393,48.2,3610,7.1,7654,15.1,11644,23.0,1485,2.9
"Bath and North East Somerset",84858,100.0,10836,12.8,17319,20.4,45652,53.8,11051,13.0,44083,51.9,3282,3.9,4183,4.9,28225,33.3,8393,9.9,40775,48.1,7554,8.9,13136,15.5,17427,20.5,2658,3.1
"Bournemouth",89186,100.0,9815,11.0,17617,19.8,51165,57.4,10589,11.9,47594,53.4,3544,4.0,5112,5.7,30758,34.5,8180,9.2,41592,46.6,6271,7.0,12505,14.0,20407,22.9,2409,2.7
"Bristol, City of",209995,100.0,21333,10.2,39767,18.9,126250,60.1,22645,10.8,110813,52.8,7193,3.4,11087,5.3,75850,36.1,16683,7.9,99182,47.2,14140,6.7,28680,13.7,50400,24.0,5962,2.8
"Cornwall",244527,100.0,26426,10.8,56519,23.1,127948,52.3,33634,13.8,127776,52.3,7927,3.2,15037,6.1,79381,32.5,25431,10.4,116751,47.7,18499,7.6,41482,17.0,48567,19.9,8203,3.4
"Isles of Scilly",1311,100.0,93,7.1,229,17.5,745,56.8,244,18.6,694,52.9,26,2.0,63,4.8,445,33.9,160,12.2,617,47.1,67,5.1,166,12.7,300,22.9,84,6.4
"North Somerset",97563,100.0,10516,10.8,20281,20.8,53501,54.8,13265,13.6,51037,52.3,3059,3.1,4473,4.6,33066,33.9,10439,10.7,46526,47.7,7457,7.6,15808,16.2,20435,20.9,2826,2.9
"Plymouth",117466,100.0,12119,10.3,25747,21.9,66730,56.8,12870,11.0,61712,52.5,3933,3.3,6136,5.2,41442,35.3,10201,8.7,55754,47.5,8186,7.0,19611,16.7,25288,21.5,2669,2.3
"Poole",71709,100.0,7489,10.4,14262,19.9,40868,57.0,9090,12.7,38189,53.3,2247,3.1,3353,4.7,25355,35.4,7234,10.1,33520,46.7,5242,7.3,10909,15.2,15513,21.6,1856,2.6
"South Gloucestershire",136531,100.0,14081,10.3,26827,19.6,79877,58.5,15746,11.5,72052,52.8,3750,2.7,5192,3.8,50426,36.9,12684,9.3,64479,47.2,10331,7.6,21635,15.8,29451,21.6,3062,2.2
"Swindon",109499,100.0,9044,8.3,18995,17.3,69787,63.7,11673,10.7,59034,53.9,2733,2.5,4173,3.8,42889,39.2,9239,8.4,50465,46.1,6311,5.8,14822,13.5,26898,24.6,2434,2.2
"Torbay",56912,100.0,5710,10.0,13728,24.1,30781,54.1,6693,11.8,29353,51.6,1863,3.3,3739,6.6,18717,32.9,5034,8.8,27559,48.4,3847,6.8,9989,17.6,12064,21.2,1659,2.9
"Wiltshire",239216,100.0,24274,10.1,44491,18.6,132635,55.4,37816,15.8,128455,53.7,6700,2.8,9751,4.1,81830,34.2,30174,12.6,110761,46.3,17574,7.3,34740,14.5,50805,21.2,7642,3.2
"East Devon",59908,100.0,7045,11.8,13520,22.6,30304,50.6,9039,15.1,31355,52.3,2081,3.5,3466,5.8,18740,31.3,7068,11.8,28553,47.7,4964,8.3,10054,16.8,11564,19.3,1971,3.3
"Exeter",57139,100.0,6861,12.0,12094,21.2,32286,56.5,5898,10.3,29331,51.3,2318,4.1,3120,5.5,19416,34.0,4477,7.8,27808,48.7,4543,8.0,8974,15.7,12870,22.5,1421,2.5
"Mid Devon",38508,100.0,4072,10.6,8042,20.9,20216,52.5,6178,16.0,20226,52.5,1102,2.9,1854,4.8,12420,32.3,4850,12.6,18282,47.5,2970,7.7,6188,16.1,7796,20.2,1328,3.4
"North Devon",44754,100.0,4823,10.8,10178,22.7,23096,51.6,6657,14.9,23675,52.9,1464,3.3,2593,5.8,14529,32.5,5089,11.4,21079,47.1,3359,7.5,7585,16.9,8567,19.1,1568,3.5
"South Hams",39999,100.0,4841,12.1,9006,22.5,19675,49.2,6477,16.2,20817,52.0,1377,3.4,2352,5.9,12076,30.2,5012,12.5,19182,48.0,3464,8.7,6654,16.6,7599,19.0,1465,3.7
"Teignbridge",58962,100.0,6587,11.2,13061,22.2,31183,52.9,8131,13.8,30456,51.7,1978,3.4,3306,5.6,18972,32.2,6200,10.5,28506,48.3,4609,7.8,9755,16.5,12211,20.7,1931,3.3
"Torridge",29402,100.0,3298,11.2,6689,22.8,14757,50.2,4658,15.8,15550,52.9,876,3.0,1715,5.8,9315,31.7,3644,12.4,13852,47.1,2422,8.2,4974,16.9,5442,18.5,1014,3.4
"West Devon",25241,100.0,3043,12.1,5509,21.8,12144,48.1,4545,18.0,13105,51.9,905,3.6,1424,5.6,7393,29.3,3383,13.4,12136,48.1,2138,8.5,4085,16.2,4751,18.8,1162,4.6
"Christchurch",20301,100.0,2379,11.7,4536,22.3,10881,53.6,2505,12.3,10666,52.5,716,3.5,1146,5.6,6833,33.7,1971,9.7,9635,47.5,1663,8.2,3390,16.7,4048,19.9,534,2.6
"East Dorset",40050,100.0,5085,12.7,8277,20.7,20735,51.8,5953,14.9,21088,52.7,1407,3.5,1850,4.6,13073,32.6,4758,11.9,18962,47.3,3678,9.2,6427,16.0,7662,19.1,1195,3.0
"North Dorset",33432,100.0,3575,10.7,6367,19.0,17689,52.9,5801,17.4,18230,54.5,928,2.8,1398,4.2,11301,33.8,4603,13.8,15202,45.5,2647,7.9,4969,14.9,6388,19.1,1198,3.6
"Purbeck",21419,100.0,2510,11.7,4549,21.2,11187,52.2,3173,14.8,11462,53.5,699,3.3,1115,5.2,7124,33.3,2524,11.8,9957,46.5,1811,8.5,3434,16.0,4063,19.0,649,3.0
"West Dorset",45714,100.0,5554,12.1,10018,21.9,23278,50.9,6864,15.0,23910,52.3,1606,3.5,2551,5.6,14495,31.7,5258,11.5,21804,47.7,3948,8.6,7467,16.3,8783,19.2,1606,3.5
"Weymouth and Portland",29987,100.0,3128,10.4,7119,23.7,16235,54.1,3505,11.7,15874,52.9,994,3.3,1949,6.5,10238,34.1,2693,9.0,14113,47.1,2134,7.1,5170,17.2,5997,20.0,812,2.7
"Cheltenham",59183,100.0,6017,10.2,10967,18.5,35130,59.4,7069,11.9,31276,52.8,1949,3.3,2841,4.8,21329,36.0,5157,8.7,27907,47.2,4068,6.9,8126,13.7,13801,23.3,1912,3.2
"Cotswold",41529,100.0,4995,12.0,7887,19.0,21363,51.4,7284,17.5,21988,52.9,1323,3.2,1903,4.6,13181,31.7,5581,13.4,19541,47.1,3672,8.8,5984,14.4,8182,19.7,1703,4.1
"Forest of Dean",39068,100.0,4281,11.0,7946,20.3,21257,54.4,5584,14.3,20801,53.2,1140,2.9,1796,4.6,13446,34.4,4419,11.3,18267,46.8,3141,8.0,6150,15.7,7811,20.0,1165,3.0
"Gloucester",61374,100.0,5501,9.0,12479,20.3,37214,60.6,6180,10.1,32162,52.4,1716,2.8,2726,4.4,22825,37.2,4895,8.0,29212,47.6,3785,6.2,9753,15.9,14389,23.4,1285,2.1
"Stroud",57342,100.0,6433,11.2,11609,20.2,31518,55.0,7782,13.6,30419,53.0,1824,3.2,2603,4.5,19978,34.8,6014,10.5,26923,47.0,4609,8.0,9006,15.7,11540,20.1,1768,3.1
"Tewkesbury",41544,100.0,4113,9.9,7983,19.2,23936,57.6,5512,13.3,21884,52.7,1140,2.7,1701,4.1,14735,35.5,4308,10.4,19660,47.3,2973,7.2,6282,15.1,9201,22.1,1204,2.9
"Mendip",53845,100.0,6142,11.4,11649,21.6,27621,51.3,8433,15.7,28097,52.2,1671,3.1,2763,5.1,17040,31.6,6623,12.3,25748,47.8,4471,8.3,8886,16.5,10581,19.7,1810,3.4
"Sedgemoor",54540,100.0,5839,10.7,11544,21.2,29686,54.4,7471,13.7,28870,52.9,1653,3.0,2621,4.8,18705,34.3,5891,10.8,25670,47.1,4186,7.7,8923,16.4,10981,20.1,1580,2.9
"South Somerset",78771,100.0,8209,10.4,16094,20.4,43608,55.4,10860,13.8,42308,53.7,2354,3.0,3463,4.4,27929,35.5,8562,10.9,36463,46.3,5855,7.4,12631,16.0,15679,19.9,2298,2.9
"Taunton Deane",54244,100.0,5414,10.0,11631,21.4,29882,55.1,7317,13.5,28004,51.6,1636,3.0,2644,4.9,18032,33.2,5692,10.5,26240,48.4,3778,7.0,8987,16.6,11850,21.8,1625,3.0
"West Somerset",15355,100.0,1688,11.0,3510,22.9,7782,50.7,2375,15.5,8055,52.5,498,3.2,1056,6.9,4779,31.1,1722,11.2,7300,47.5,1190,7.7,2454,16.0,3003,19.6,653,4.3
"Anglesey",30431,100.0,2772,9.1,6374,20.9,17412,57.2,3873,12.7,16061,52.8,832,2.7,1640,5.4,10528,34.6,3061,10.1,14370,47.2,1940,6.4,4734,15.6,6884,22.6,812,2.7
"Gwynedd",53961,100.0,5791,10.7,11670,21.6,29345,54.4,7155,13.3,28391,52.6,1876,3.5,3283,6.1,17692,32.8,5540,10.3,25570,47.4,3915,7.3,8387,15.5,11653,21.6,1615,3.0
"Conwy",50093,100.0,4659,9.3,11559,23.1,27261,54.4,6614,13.2,25780,51.5,1603,3.2,3271,6.5,15833,31.6,5073,10.1,24313,48.5,3056,6.1,8288,16.5,11428,22.8,1541,3.1
"Denbighshire",41156,100.0,3641,8.8,8980,21.8,23169,56.3,5366,13.0,21194,51.5,1219,3.0,2393,5.8,13368,32.5,4214,10.2,19962,48.5,2422,5.9,6587,16.0,9801,23.8,1152,2.8
"Flintshire",74049,100.0,6618,8.9,14821,20.0,44653,60.3,7957,10.7,38941,52.6,1958,2.6,3208,4.3,27443,37.1,6332,8.6,35108,47.4,4660,6.3,11613,15.7,17210,23.2,1625,2.2
"Wrexham",63614,100.0,5440,8.6,13202,20.8,37826,59.5,7146,11.2,33532,52.7,1597,2.5,3026,4.8,23123,36.3,5786,9.1,30082,47.3,3843,6.0,10176,16.0,14703,23.1,1360,2.1
"Powys",63653,100.0,6154,9.7,13120,20.6,32577,51.2,11802,18.5,33893,53.2,1811,2.8,3252,5.1,19545,30.7,9285,14.6,29760,46.8,4343,6.8,9868,15.5,13032,20.5,2517,4.0
"Ceredigion",32446,100.0,4011,12.4,6762,20.8,16329,50.3,5344,16.5,17127,52.8,1446,4.5,2034,6.3,9667,29.8,3980,12.3,15319,47.2,2565,7.9,4728,14.6,6662,20.5,1364,4.2
"Pembrokeshire",54217,100.0,5486,10.1,12430,22.9,27735,51.2,8566,15.8,28642,52.8,1645,3.0,3058,5.6,17317,31.9,6622,12.2,25575,47.2,3841,7.1,9372,17.3,10418,19.2,1944,3.6
"Carmarthenshire",80680,100.0,6932,8.6,17204,21.3,44798,55.5,11746,14.6,41938,52.0,2248,2.8,4486,5.6,26279,32.6,8925,11.1,38742,48.0,4684,5.8,12718,15.8,18519,23.0,2821,3.5
"Swansea",102793,100.0,10618,10.3,23454,22.8,58644,57.1,10077,9.8,53508,52.1,3734,3.6,6504,6.3,35336,34.4,7934,7.7,49285,47.9,6884,6.7,16950,16.5,23308,22.7,2143,2.1
"Neath Port Talbot",58980,100.0,4688,7.9,12659,21.5,36034,61.1,5599,9.5,31033,52.6,1445,2.4,2736,4.6,22351,37.9,4501,7.6,27947,47.4,3243,5.5,9923,16.8,13683,23.2,1098,1.9
"Bridgend",61259,100.0,5029,8.2,12918,21.1,36822,60.1,6490,10.6,32157,52.5,1532,2.5,3031,4.9,22406,36.6,5188,8.5,29102,47.5,3497,5.7,9887,16.1,14416,23.5,1302,2.1
"The Vale of Glamorgan",58978,100.0,5358,9.1,12312,20.9,33652,57.1,7656,13.0,30655,52.0,1687,2.9,2976,5.0,19965,33.9,6027,10.2,28323,48.0,3671,6.2,9336,15.8,13687,23.2,1629,2.8
"Cardiff",159614,100.0,16612,10.4,31279,19.6,94722,59.3,17001,10.7,82702,51.8,6068,3.8,9336,5.8,54706,34.3,12592,7.9,76912,48.2,10544,6.6,21943,13.7,40016,25.1,4409,2.8
"Rhondda, Cynon, Taff",99327,100.0,8196,8.3,20736,20.9,61047,61.5,9348,9.4,51755,52.1,2520,2.5,4730,4.8,36955,37.2,7550,7.6,47572,47.9,5676,5.7,16006,16.1,24092,24.3,1798,1.8
"Merthyr Tydfil",25099,100.0,1921,7.7,5198,20.7,15662,62.4,2318,9.2,13036,51.9,632,2.5,1274,5.1,9269,36.9,1861,7.4,12063,48.1,1289,5.1,3924,15.6,6393,25.5,457,1.8
"Caerphilly",77488,100.0,5815,7.5,15097,19.5,49005,63.2,7571,9.8,40618,52.4,1752,2.3,3503,4.5,29320,37.8,6043,7.8,36870,47.6,4063,5.2,11594,15.0,19685,25.4,1528,2.0
"Blaenau Gwent",28291,100.0,2134,7.5,5849,20.7,17820,63.0,2488,8.8,14866,52.5,695,2.5,1412,5.0,10715,37.9,2044,7.2,13425,47.5,1439,5.1,4437,15.7,7105,25.1,444,1.6
"Torfaen",40261,100.0,3264,8.1,8280,20.6,24940,61.9,3777,9.4,20858,51.8,993,2.5,1853,4.6,15001,37.3,3011,7.5,19403,48.2,2271,5.6,6427,16.0,9939,24.7,766,1.9
"Monmouthshire",42817,100.0,4240,9.9,8459,19.8,23344,54.5,6774,15.8,22640,52.9,1291,3.0,2014,4.7,14096,32.9,5239,12.2,20177,47.1,2949,6.9,6445,15.1,9248,21.6,1535,3.6
"Newport",64408,100.0,5681,8.8,14150,22.0,37808,58.7,6769,10.5,33633,52.2,1870,2.9,3647,5.7,22755,35.3,5361,8.3,30775,47.8,3811,5.9,10503,16.3,15053,23.4,1408,2.2
