"district","total","%","A Agriculture, forestry and fishing","%","B Mining and quarrying","%","C Manufacturing","%","D Electricity, gas, steam and air conditioning supply","%","E Water supply; sewerage, waste management and remediation activities","%","F Construction","%","G Wholesale and retail trade; repair of motor vehicles and motor cycles","%","H Transport and storage","%","I Accommodation and food service activities","%","J Information and communication","%","K Financial and insurance activities","%","L Real estate activities","%","M Professional, scientific and technical activities","%","N Administrative and support service activities","%","O Public administration and defence; compulsory social security","%","P Education","%","Q Human health and social work activities","%","R, S, T, U Other","%"

"Darlington",49014,100.0,303,0.6,117,0.2,4900,10.0,185,0.4,295,0.6,3743,7.6,8107,16.5,2525,5.2,2698,5.5,2165,4.4,1880,3.8,500,1.0,2225,4.5,2086,4.3,3808,7.8,4211,8.6,7259,14.8,2007,4.1
"County Durham",227894,100.0,2124,0.9,922,0.4,29983,13.2,2417,1.1,2197,1.0,18824,8.3,33261,14.6,10272,4.5,12257,5.4,4564,2.0,5063,2.2,2699,1.2,8789,3.9,9165,4.0,19738,8.7,23836,10.5,31923,14.0,9860,4.3
"Hartlepool",37767,100.0,139,0.4,267,0.7,4410,11.7,666,1.8,539,1.4,3764,10.0,5657,15.0,1575,4.2,1938,5.1,645,1.7,789,2.1,588,1.6,1511,4.0,1603,4.2,2552,6.8,3641,9.6,5829,15.4,1654,4.4
"Middlesbrough",54547,100.0,82,0.2,387,0.7,4430,8.1,490,0.9,380,0.7,4620,8.5,9124,16.7,3002,5.5,3705,6.8,1266,2.3,1358,2.5,702,1.3,2253,4.1,2628,4.8,3197,5.9,5362,9.8,9116,16.7,2445,4.5
"Northumberland",146901,100.0,3739,2.5,770,0.5,13569,9.2,858,0.6,1060,0.7,11629,7.9,21477,14.6,6210,4.2,8794,6.0,3657,2.5,3480,2.4,2164,1.5,7616,5.2,5642,3.8,13421,9.1,13081,8.9,22591,15.4,7143,4.9
"Redcar and Cleveland",56354,100.0,285,0.5,1126,2.0,5815,10.3,693,1.2,444,0.8,4976,8.8,8830,15.7,2651,4.7,3027,5.4,963,1.7,1103,2.0,898,1.6,2635,4.7,2441,4.3,3624,6.4,5545,9.8,8787,15.6,2511,4.5
"Stockton-on-Tees",87122,100.0,221,0.3,617,0.7,8672,10.0,1085,1.2,651,0.7,7200,8.3,14458,16.6,4022,4.6,4379,5.0,2086,2.4,2713,3.1,1125,1.3,4854,5.6,3900,4.5,5958,6.8,8721,10.0,12928,14.8,3532,4.1
"Gateshead",91877,100.0,153,0.2,160,0.2,9547,10.4,773,0.8,555,0.6,7204,7.8,15415,16.8,4735,5.2,4993,5.4,2926,3.2,2759,3.0,1305,1.4,4319,4.7,4355,4.7,7352,8.0,8338,9.1,12984,14.1,4004,4.4
"Newcastle upon Tyne",119335,100.0,153,0.1,231,0.2,7315,6.1,691,0.6,537,0.4,7613,6.4,17779,14.9,5520,4.6,10314,8.6,4470,3.7,3817,3.2,1704,1.4,7307,6.1,5732,4.8,8517,7.1,12662,10.6,18794,15.7,6179,5.2
"North Tyneside",96026,100.0,127,0.1,393,0.4,7883,8.2,671,0.7,553,0.6,7054,7.3,13861,14.4,4270,4.4,4992,5.2,3917,4.1,3196,3.3,1267,1.3,4986,5.2,4125,4.3,10539,11.0,9789,10.2,14087,14.7,4316,4.5
"South Tyneside",64622,100.0,65,0.1,516,0.8,7406,11.5,520,0.8,438,0.7,5328,8.2,9634,14.9,3613,5.6,3385,5.2,1620,2.5,1763,2.7,882,1.4,2542,3.9,3009,4.7,5705,8.8,5738,8.9,9616,14.9,2842,4.4
"Sunderland",121511,100.0,132,0.1,441,0.4,14065,11.6,2138,1.8,983,0.8,9345,7.7,19613,16.1,6325,5.2,6813,5.6,2825,2.3,4684,3.9,2028,1.7,3841,3.2,6028,5.0,9471,7.8,10845,8.9,16641,13.7,5293,4.4
"Blackburn with Darwen",60523,100.0,139,0.2,26,0.0,9741,16.1,194,0.3,417,0.7,3871,6.4,10759,17.8,2692,4.4,2961,4.9,1721,2.8,1179,1.9,755,1.2,2491,4.1,2754,4.6,3385,5.6,6195,10.2,8936,14.8,2307,3.8
"Blackpool",61419,100.0,73,0.1,42,0.1,4895,8.0,242,0.4,315,0.5,4434,7.2,9967,16.2,2929,4.8,7438,12.1,1266,2.1,1706,2.8,634,1.0,1950,3.2,2796,4.6,5750,9.4,4089,6.7,9171,14.9,3722,6.1
"Cheshire East",181136,100.0,2611,1.4,364,0.2,22226,12.3,711,0.4,1125,0.6,10925,6.0,29530,16.3,9329,5.2,9152,5.1,7359,4.1,7579,4.2,2799,1.5,14487,8.0,8691,4.8,6629,3.7,16972,9.4,22343,12.3,8304,4.6
"Cheshire West and Chester",160138,100.0,1978,1.2,459,0.3,18485,11.5,845,0.5,1475,0.9,10220,6.4,27313,17.1,6779,4.2,9483,5.9,4993,3.1,7914,4.9,2127,1.3,11390,7.1,7504,4.7,7860,4.9,15373,9.6,18915,11.8,7025,4.4
"Halton",57577,100.0,88,0.2,94,0.2,7218,12.5,469,0.8,918,1.6,4255,7.4,10757,18.7,3985,6.9,2670,4.6,2237,3.9,1359,2.4,672,1.2,2589,4.5,3065,5.3,3723,6.5,4413,7.7,6881,12.0,2184,3.8
"Warrington",100856,100.0,248,0.2,85,0.1,8815,8.7,918,0.9,1856,1.8,7262,7.2,17648,17.5,6163,6.1,4744,4.7,5124,5.1,3332,3.3,1215,1.2,6825,6.8,5235,5.2,5691,5.6,8663,8.6,12627,12.5,4405,4.4
"Allerdale",46076,100.0,1569,3.4,116,0.3,6862,14.9,541,1.2,701,1.5,4348,9.4,6945,15.1,1822,4.0,3908,8.5,602,1.3,507,1.1,552,1.2,1927,4.2,1543,3.3,2794,6.1,3837,8.3,5477,11.9,2025,4.4
"Barrow-in-Furness",31257,100.0,122,0.4,165,0.5,6570,21.0,441,1.4,264,0.8,2387,7.6,4728,15.1,1296,4.1,1962,6.3,496,1.6,492,1.6,221,0.7,1000,3.2,1055,3.4,1913,6.1,2381,7.6,4539,14.5,1225,3.9
"Carlisle",53874,100.0,1363,2.5,75,0.1,5817,10.8,223,0.4,474,0.9,4424,8.2,10333,19.2,3567,6.6,3633,6.7,916,1.7,1010,1.9,710,1.3,2237,4.2,2190,4.1,3471,6.4,4108,7.6,6899,12.8,2424,4.5
"Copeland",32891,100.0,691,2.1,99,0.3,6578,20.0,1293,3.9,1026,3.1,3030,9.2,3746,11.4,963,2.9,2103,6.4,431,1.3,299,0.9,286,0.9,1477,4.5,1337,4.1,1804,5.5,2444,7.4,4043,12.3,1241,3.8
"Eden",27461,100.0,2235,8.1,120,0.4,1820,6.6,74,0.3,210,0.8,2754,10.0,4455,16.2,1358,4.9,3096,11.3,370,1.3,376,1.4,368,1.3,1323,4.8,1006,3.7,1440,5.2,2456,8.9,2715,9.9,1285,4.7
"South Lakeland",51672,100.0,1479,2.9,214,0.4,4631,9.0,313,0.6,270,0.5,4386,8.5,8921,17.3,1589,3.1,6155,11.9,966,1.9,885,1.7,694,1.3,2702,5.2,1911,3.7,2056,4.0,5651,10.9,5944,11.5,2905,5.6
"Bolton",123367,100.0,198,0.2,66,0.1,13184,10.7,1027,0.8,1200,1.0,10397,8.4,23310,18.9,6334,5.1,5959,4.8,3193,2.6,4336,3.5,1738,1.4,6422,5.2,6065,4.9,6931,5.6,11581,9.4,16144,13.1,5282,4.3
"Bury",88036,100.0,121,0.1,49,0.1,8021,9.1,393,0.4,658,0.7,6262,7.1,15322,17.4,4358,5.0,4035,4.6,3159,3.6,3836,4.4,1370,1.6,5436,6.2,4124,4.7,5288,6.0,9487,10.8,12325,14.0,3792,4.3
"Manchester",213705,100.0,138,0.1,66,0.0,11132,5.2,838,0.4,938,0.4,9962,4.7,33550,15.7,11444,5.4,19694,9.2,8843,4.1,9028,4.2,3343,1.6,15942,7.5,14362,6.7,8452,4.0,24250,11.3,30461,14.3,11262,5.3
"Oldham",96300,100.0,127,0.1,26,0.0,10913,11.3,427,0.4,748,0.8,8029,8.3,18287,19.0,5586,5.8,5659,5.9,2196,2.3,3145,3.3,1450,1.5,4332,4.5,4615,4.8,5077,5.3,9185,9.5,12638,13.1,3860,4.0
"Rochdale",90753,100.0,119,0.1,41,0.0,10334,11.4,301,0.3,765,0.8,7630,8.4,16713,18.4,5530,6.1,4413,4.9,2162,2.4,2830,3.1,1385,1.5,3881,4.3,4385,4.8,4898,5.4,8711,9.6,12990,14.3,3665,4.0
"Salford",106904,100.0,107,0.1,55,0.1,8110,7.6,682,0.6,957,0.9,7735,7.2,19032,17.8,5544,5.2,7051,6.6,3645,3.4,4743,4.4,1719,1.6,6456,6.0,6643,6.2,5490,5.1,9334,8.7,14597,13.7,5004,4.7
"Stockport",137130,100.0,163,0.1,91,0.1,11700,8.5,918,0.7,681,0.5,10030,7.3,22003,16.0,7254,5.3,5910,4.3,5419,4.0,6758,4.9,2074,1.5,10588,7.7,6940,5.1,6791,5.0,14538,10.6,19039,13.9,6233,4.5
"Tameside",101892,100.0,110,0.1,44,0.0,13449,13.2,830,0.8,863,0.8,8690,8.5,18057,17.7,5431,5.3,4629,4.5,2431,2.4,4164,4.1,1711,1.7,5074,5.0,4870,4.8,5932,5.8,8489,8.3,12669,12.4,4449,4.4
"Trafford",110912,100.0,136,0.1,101,0.1,8163,7.4,657,0.6,677,0.6,7212,6.5,17093,15.4,5340,4.8,5098,4.6,5315,4.8,5791,5.2,1837,1.7,10177,9.2,6187,5.6,5333,4.8,11557,10.4,15137,13.6,5101,4.6
"Wigan",149908,100.0,274,0.2,129,0.1,17662,11.8,841,0.6,1561,1.0,15106,10.1,26920,18.0,8344,5.6,6855,4.6,3566,2.4,4210,2.8,1850,1.2,6351,4.2,8018,5.3,9278,6.2,12716,8.5,19334,12.9,6893,4.6
"Burnley",38133,100.0,92,0.2,15,0.0,6821,17.9,112,0.3,268,0.7,2826,7.4,6386,16.7,1445,3.8,1842,4.8,767,2.0,1035,2.7,456,1.2,1310,3.4,1759,4.6,2043,5.4,3252,8.5,6000,15.7,1704,4.5
"Chorley",53702,100.0,478,0.9,44,0.1,5875,10.9,232,0.4,474,0.9,4488,8.4,8899,16.6,2126,4.0,2457,4.6,1515,2.8,1382,2.6,765,1.4,3058,5.7,2458,4.6,4053,7.5,5482,10.2,7561,14.1,2355,4.4
"Fylde",34510,100.0,337,1.0,22,0.1,4300,12.5,109,0.3,159,0.5,2172,6.3,4607,13.3,1067,3.1,2549,7.4,1271,3.7,1500,4.3,520,1.5,2022,5.9,1294,3.7,3364,9.7,3238,9.4,4354,12.6,1625,4.7
"Hyndburn",35993,100.0,103,0.3,24,0.1,6079,16.9,126,0.4,256,0.7,2883,8.0,6633,18.4,1771,4.9,1701,4.7,716,2.0,661,1.8,369,1.0,1273,3.5,1442,4.0,1942,5.4,3558,9.9,5004,13.9,1452,4.0
"Lancaster",62832,100.0,984,1.6,189,0.3,3788,6.0,1636,2.6,558,0.9,4501,7.2,9569,15.2,2981,4.7,4615,7.3,1420,2.3,1260,2.0,578,0.9,2489,4.0,2555,4.1,3316,5.3,9173,14.6,10112,16.1,3108,4.9
"Pendle",39324,100.0,260,0.7,18,0.0,8277,21.0,56,0.1,214,0.5,2842,7.2,6885,17.5,1684,4.3,1879,4.8,763,1.9,990,2.5,500,1.3,1490,3.8,1732,4.4,1749,4.4,3599,9.2,4902,12.5,1484,3.8
"Preston",64180,100.0,456,0.7,32,0.0,7054,11.0,244,0.4,463,0.7,4265,6.6,11733,18.3,2967,4.6,4074,6.3,1887,2.9,1530,2.4,764,1.2,2867,4.5,3142,4.9,5023,7.8,6057,9.4,9108,14.2,2514,3.9
"Ribble Valley",28713,100.0,835,2.9,37,0.1,3760,13.1,78,0.3,190,0.7,2259,7.9,4328,15.1,745,2.6,1781,6.2,642,2.2,682,2.4,405,1.4,1754,6.1,902,3.1,1579,5.5,3559,12.4,3899,13.6,1278,4.5
"Rossendale",32808,100.0,107,0.3,23,0.1,4507,13.7,94,0.3,252,0.8,2878,8.8,5337,16.3,1369,4.2,1270,3.9,817,2.5,809,2.5,471,1.4,1618,4.9,1455,4.4,1948,5.9,3564,10.9,4889,14.9,1400,4.3
"South Ribble",55761,100.0,391,0.7,24,0.0,6800,12.2,246,0.4,571,1.0,4540,8.1,9170,16.4,2458,4.4,2168,3.9,1516,2.7,1374,2.5,847,1.5,2842,5.1,2378,4.3,5670,10.2,5413,9.7,7082,12.7,2271,4.1
"West Lancashire",51694,100.0,1394,2.7,49,0.1,5450,10.5,123,0.2,449,0.9,3801,7.4,8782,17.0,2672,5.2,2538,4.9,1174,2.3,1885,3.6,548,1.1,2549,4.9,2148,4.2,2843,5.5,5923,11.5,7118,13.8,2248,4.3
"Wyre",48558,100.0,883,1.8,102,0.2,4315,8.9,230,0.5,380,0.8,4313,8.9,7636,15.7,1987,4.1,3119,6.4,1135,2.3,1252,2.6,497,1.0,2286,4.7,1626,3.3,5252,10.8,4802,9.9,6495,13.4,2248,4.6
"Knowsley",61691,100.0,93,0.2,57,0.1,5977,9.7,256,0.4,576,0.9,5490,8.9,10059,16.3,4079,6.6,2922,4.7,1334,2.2,2237,3.6,918,1.5,2203,3.6,3202,5.2,4134,6.7,5136,8.3,10085,16.3,2933,4.8
"Liverpool",196630,100.0,159,0.1,120,0.1,12330,6.3,581,0.3,1171,0.6,12708,6.5,30032,15.3,10918,5.6,14598,7.4,5447,2.8,7178,3.7,3219,1.6,9635,4.9,10013,5.1,13872,7.1,21362,10.9,32804,16.7,10483,5.3
"Sefton",121919,100.0,488,0.4,132,0.1,7924,6.5,391,0.3,853,0.7,9076,7.4,20109,16.5,6255,5.1,6297,5.2,3070,2.5,5485,4.5,1773,1.5,6217,5.1,5256,4.3,11196,9.2,12486,10.2,18882,15.5,6029,4.9
"St. Helens",78580,100.0,202,0.3,70,0.1,8324,10.6,454,0.6,1087,1.4,6532,8.3,13761,17.5,4655,5.9,3522,4.5,1933,2.5,1977,2.5,1151,1.5,3310,4.2,3886,4.9,4835,6.2,7214,9.2,12267,15.6,3400,4.3
"Wirral",139929,100.0,204,0.1,187,0.1,14043,10.0,642,0.5,1151,0.8,9701,6.9,20296,14.5,6228,4.5,6780,4.8,3411,2.4,4948,3.5,2312,1.7,8798,6.3,6289,4.5,10779,7.7,14484,10.4,22874,16.3,6802,4.9
"East Riding of Yorkshire",158757,100.0,4582,2.9,500,0.3,17707,11.2,1448,0.9,912,0.6,13219,8.3,25124,15.8,7417,4.7,8252,5.2,3464,2.2,3113,2.0,1781,1.1,7920,5.0,5579,3.5,12241,7.7,16998,10.7,21525,13.6,6975,4.4
"Kingston upon Hull, City of",110903,100.0,426,0.4,231,0.2,16851,15.2,879,0.8,707,0.6,9306,8.4,20353,18.4,5900,5.3,6959,6.3,2007,1.8,1148,1.0,1019,0.9,3540,3.2,6394,5.8,6328,5.7,9240,8.3,14899,13.4,4716,4.3
"North East Lincolnshire",70776,100.0,362,0.5,240,0.3,11045,15.6,519,0.7,387,0.5,5848,8.3,13435,19.0,5532,7.8,3808,5.4,748,1.1,942,1.3,669,0.9,2430,3.4,3044,4.3,3431,4.8,6243,8.8,9309,13.2,2784,3.9
"North Lincolnshire",78101,100.0,1198,1.5,276,0.4,15166,19.4,553,0.7,614,0.8,6201,7.9,13119,16.8,5086,6.5,3906,5.0,975,1.2,1418,1.8,741,0.9,2611,3.3,3090,4.0,3876,5.0,6577,8.4,9857,12.6,2837,3.6
"York",98721,100.0,498,0.5,64,0.1,6571,6.7,310,0.3,467,0.5,6750,6.8,16026,16.2,4619,4.7,7805,7.9,3170,3.2,4730,4.8,1075,1.1,6164,6.2,4136,4.2,6089,6.2,12027,12.2,13113,13.3,5107,5.2
"Craven",27600,100.0,1103,4.0,114,0.4,2726,9.9,61,0.2,148,0.5,2474,9.0,4061,14.7,966,3.5,2106,7.6,610,2.2,1283,4.6,342,1.2,1647,6.0,1187,4.3,1033,3.7,3277,11.9,3389,12.3,1073,3.9
"Hambleton",45255,100.0,2349,5.2,132,0.3,3703,8.2,177,0.4,253,0.6,3415,7.5,6768,15.0,1600,3.5,2602,5.7,890,2.0,926,2.0,585,1.3,2693,6.0,1557,3.4,5588,12.3,4136,9.1,5731,12.7,2150,4.8
"Harrogate",81402,100.0,1997,2.5,92,0.1,5371,6.6,292,0.4,421,0.5,5744,7.1,13712,16.8,2572,3.2,5364,6.6,2658,3.3,3498,4.3,1065,1.3,6870,8.4,3466,4.3,5381,6.6,7647,9.4,10442,12.8,4810,5.9
"Richmondshire",27795,100.0,1296,4.7,77,0.3,1678,6.0,48,0.2,134,0.5,2025,7.3,3143,11.3,800,2.9,2129,7.7,485,1.7,367,1.3,336,1.2,1042,3.7,1102,4.0,7223,26.0,2013,7.2,2565,9.2,1332,4.8
"Ryedale",25504,100.0,1876,7.4,56,0.2,2955,11.6,60,0.2,157,0.6,2094,8.2,3998,15.7,862,3.4,1902,7.5,389,1.5,458,1.8,423,1.7,1481,5.8,889,3.5,1123,4.4,2347,9.2,2627,10.3,1807,7.1
"Scarborough",48359,100.0,1050,2.2,414,0.9,5026,10.4,178,0.4,246,0.5,3914,8.1,7970,16.5,1713,3.5,5795,12.0,631,1.3,635,1.3,609,1.3,1809,3.7,1700,3.5,2218,4.6,4338,9.0,7487,15.5,2626,5.4
"Selby",43286,100.0,966,2.2,208,0.5,5053,11.7,850,2.0,423,1.0,3661,8.5,6986,16.1,2180,5.0,2063,4.8,1135,2.6,1650,3.8,488,1.1,2590,6.0,1931,4.5,2421,5.6,4000,9.2,4760,11.0,1921,4.4
"Barnsley",103579,100.0,530,0.5,447,0.4,13003,12.6,556,0.5,1047,1.0,11094,10.7,18143,17.5,5220,5.0,4664,4.5,2179,2.1,2352,2.3,1174,1.1,3852,3.7,5480,5.3,5948,5.7,9397,9.1,14209,13.7,4284,4.1
"Doncaster",133815,100.0,712,0.5,762,0.6,14254,10.7,977,0.7,1282,1.0,13018,9.7,26026,19.4,9277,6.9,6686,5.0,2874,2.1,3253,2.4,1099,0.8,4422,3.3,6512,4.9,7818,5.8,11407,8.5,17837,13.3,5599,4.2
"Rotherham",114871,100.0,365,0.3,422,0.4,15383,13.4,715,0.6,1212,1.1,10978,9.6,20101,17.5,6194,5.4,5212,4.5,2682,2.3,3485,3.0,1009,0.9,4264,3.7,5883,5.1,6317,5.5,10818,9.4,15291,13.3,4540,4.0
"Sheffield",244318,100.0,420,0.2,175,0.1,22721,9.3,688,0.3,1684,0.7,18544,7.6,37244,15.2,10214,4.2,14624,6.0,7927,3.2,8706,3.6,3476,1.4,13167,5.4,9932,4.1,13309,5.4,29847,12.2,39820,16.3,11820,4.8
"Bradford",218937,100.0,621,0.3,123,0.1,24761,11.3,764,0.3,1798,0.8,14553,6.6,38656,17.7,11917,5.4,12328,5.6,5619,2.6,11161,5.1,2934,1.3,10412,4.8,11010,5.0,11033,5.0,24284,11.1,28243,12.9,8720,4.0
"Calderdale",96645,100.0,335,0.3,102,0.1,12897,13.3,268,0.3,849,0.9,7597,7.9,14100,14.6,3784,3.9,4263,4.4,2588,2.7,7678,7.9,1266,1.3,4766,4.9,3889,4.0,5137,5.3,10492,10.9,12615,13.1,4019,4.2
"Kirklees",192397,100.0,676,0.4,187,0.1,28916,15.0,734,0.4,1593,0.8,14814,7.7,33594,17.5,9426,4.9,9242,4.8,4653,2.4,7205,3.7,2160,1.1,9828,5.1,7934,4.1,9884,5.1,20326,10.6,23558,12.2,7667,4.0
"Leeds",355225,100.0,740,0.2,246,0.1,29611,8.3,2867,0.8,2286,0.6,25313,7.1,56612,15.9,15389,4.3,21623,6.1,12815,3.6,20741,5.8,4605,1.3,24366,6.9,18683,5.3,17527,4.9,37153,10.5,47811,13.5,16837,4.7
"Wakefield",151828,100.0,540,0.4,690,0.5,17348,11.4,1462,1.0,1301,0.9,13083,8.6,30557,20.1,9138,6.0,7234,4.8,3147,2.1,5190,3.4,2072,1.4,5939,3.9,7297,4.8,9214,6.1,12584,8.3,19139,12.6,5893,3.9
"Derby",112422,100.0,191,0.2,104,0.1,17788,15.8,725,0.6,1042,0.9,7190,6.4,18075,16.1,6550,5.8,6715,6.0,3018,2.7,2568,2.3,1335,1.2,5287,4.7,5205,4.6,4832,4.3,10795,9.6,16376,14.6,4626,4.1
"Leicester",137494,100.0,162,0.1,101,0.1,20584,15.0,2024,1.5,676,0.5,7082,5.2,26042,18.9,7502,5.5,8258,6.0,3064,2.2,4000,2.9,1369,1.0,5043,3.7,7479,5.4,6289,4.6,13919,10.1,18488,13.4,5412,3.9
"Nottingham",123218,100.0,197,0.2,90,0.1,10266,8.3,1619,1.3,720,0.6,7602,6.2,21831,17.7,6591,5.3,9725,7.9,4110,3.3,2801,2.3,1786,1.4,5646,4.6,7392,6.0,5636,4.6,13033,10.6,18098,14.7,6075,4.9
"Rutland",18037,100.0,413,2.3,18,0.1,2003,11.1,45,0.2,131,0.7,1158,6.4,2812,15.6,538,3.0,949,5.3,518,2.9,387,2.1,216,1.2,1198,6.6,693,3.8,2177,12.1,2386,13.2,1585,8.8,810,4.5
"Amber Valley",59381,100.0,395,0.7,129,0.2,11234,18.9,391,0.7,478,0.8,5468,9.2,9475,16.0,2765,4.7,2571,4.3,1314,2.2,961,1.6,716,1.2,2862,4.8,2274,3.8,3088,5.2,5590,9.4,7079,11.9,2591,4.4
"Bolsover",34511,100.0,224,0.6,294,0.9,5251,15.2,185,0.5,360,1.0,3042,8.8,6680,19.4,1943,5.6,1690,4.9,641,1.9,592,1.7,317,0.9,1142,3.3,1468,4.3,1730,5.0,2634,7.6,4846,14.0,1472,4.3
"Chesterfield",47901,100.0,112,0.2,173,0.4,5465,11.4,212,0.4,359,0.7,3674,7.7,8693,18.1,2680,5.6,2451,5.1,1511,3.2,994,2.1,462,1.0,2071,4.3,2014,4.2,2639,5.5,4443,9.3,7810,16.3,2138,4.5
"Derbyshire Dales",35005,100.0,1224,3.5,397,1.1,3957,11.3,117,0.3,358,1.0,2966,8.5,4830,13.8,1384,4.0,2591,7.4,904,2.6,553,1.6,555,1.6,2272,6.5,1270,3.6,1790,5.1,3892,11.1,3971,11.3,1974,5.6
"Erewash",54851,100.0,152,0.3,63,0.1,8968,16.3,526,1.0,406,0.7,4761,8.7,9778,17.8,3331,6.1,2523,4.6,1481,2.7,1185,2.2,654,1.2,2647,4.8,2233,4.1,2662,4.9,5237,9.5,6102,11.1,2142,3.9
"High Peak",45618,100.0,436,1.0,466,1.0,6084,13.3,198,0.4,261,0.6,3478,7.6,6558,14.4,2148,4.7,2423,5.3,1241,2.7,1342,2.9,595,1.3,2961,6.5,1784,3.9,2195,4.8,5273,11.6,6027,13.2,2148,4.7
"North East Derbyshire",46858,100.0,429,0.9,163,0.3,6262,13.4,194,0.4,393,0.8,4513,9.6,8115,17.3,2053,4.4,2148,4.6,1178,2.5,1308,2.8,662,1.4,2322,5.0,1789,3.8,2596,5.5,4393,9.4,6224,13.3,2116,4.5
"South Derbyshire",47886,100.0,570,1.2,162,0.3,8204,17.1,366,0.8,390,0.8,3748,7.8,7752,16.2,3012,6.3,2101,4.4,1230,2.6,915,1.9,459,1.0,2645,5.5,2010,4.2,1883,3.9,4572,9.5,5791,12.1,2076,4.3
"Blaby",48276,100.0,217,0.4,93,0.2,5516,11.4,769,1.6,281,0.6,4650,9.6,9286,19.2,2109,4.4,1903,3.9,1224,2.5,1871,3.9,469,1.0,2443,5.1,1856,3.8,2942,6.1,4905,10.2,5756,11.9,1986,4.1
"Charnwood",79572,100.0,445,0.6,255,0.3,10657,13.4,672,0.8,567,0.7,6152,7.7,13694,17.2,3287,4.1,4041,5.1,2003,2.5,1935,2.4,862,1.1,4706,5.9,3129,3.9,3899,4.9,10943,13.8,8444,10.6,3881,4.9
"Harborough",44079,100.0,862,2.0,60,0.1,4548,10.3,286,0.6,232,0.5,3571,8.1,8035,18.2,1853,4.2,1893,4.3,1377,3.1,1500,3.4,595,1.3,3087,7.0,2096,4.8,2256,5.1,5119,11.6,4734,10.7,1975,4.5
"Hinckley and Bosworth",53774,100.0,529,1.0,144,0.3,7390,13.7,1217,2.3,410,0.8,4465,8.3,10032,18.7,2991,5.6,2281,4.2,1390,2.6,1568,2.9,523,1.0,2906,5.4,2128,4.0,2561,4.8,5294,9.8,5730,10.7,2215,4.1
"Melton",26184,100.0,660,2.5,48,0.2,4390,16.8,129,0.5,210,0.8,1970,7.5,3998,15.3,1098,4.2,1302,5.0,598,2.3,605,2.3,266,1.0,1622,6.2,1053,4.0,1539,5.9,2584,9.9,2619,10.0,1493,5.7
"North West Leicestershire",46291,100.0,429,0.9,439,0.9,6757,14.6,401,0.9,326,0.7,4118,8.9,8032,17.4,3599,7.8,2163,4.7,1162,2.5,897,1.9,463,1.0,2480,5.4,2062,4.5,1969,4.3,4576,9.9,4481,9.7,1937,4.2
"Oadby and Wigston",26399,100.0,50,0.2,21,0.1,2970,11.3,351,1.3,139,0.5,1858,7.0,5045,19.1,1027,3.9,1086,4.1,647,2.5,1064,4.0,304,1.2,1360,5.2,1021,3.9,1617,6.1,3336,12.6,3489,13.2,1014,3.8
"Boston",30807,100.0,1653,5.4,18,0.1,5523,17.9,93,0.3,261,0.8,1842,6.0,6179,20.1,1617,5.2,1279,4.2,310,1.0,335,1.1,348,1.1,816,2.6,1987,6.4,1049,3.4,2000,6.5,4489,14.6,1008,3.3
"East Lindsey",56311,100.0,2532,4.5,137,0.2,5248,9.3,223,0.4,561,1.0,4435,7.9,9851,17.5,2404,4.3,5039,8.9,701,1.2,607,1.1,708,1.3,2152,3.8,2052,3.6,3687,6.5,5410,9.6,7436,13.2,3128,5.6
"Lincoln",44599,100.0,333,0.7,56,0.1,4835,10.8,231,0.5,592,1.3,3447,7.7,8567,19.2,1826,4.1,3197,7.2,1101,2.5,547,1.2,430,1.0,1623,3.6,2109,4.7,3344,7.5,3969,8.9,6362,14.3,2030,4.6
"North Kesteven",52428,100.0,1427,2.7,97,0.2,5001,9.5,252,0.5,582,1.1,4237,8.1,8170,15.6,2102,4.0,2341,4.5,1130,2.2,794,1.5,485,0.9,2278,4.3,1789,3.4,7916,15.1,4779,9.1,6888,13.1,2160,4.1
"South Holland",41490,100.0,2582,6.2,19,0.0,6552,15.8,153,0.4,303,0.7,3251,7.8,8615,20.8,2758,6.6,1497,3.6,615,1.5,851,2.1,366,0.9,1764,4.3,2504,6.0,1486,3.6,2787,6.7,3894,9.4,1493,3.6
"South Kesteven",66532,100.0,1229,1.8,97,0.1,8571,12.9,318,0.5,601,0.9,5145,7.7,11595,17.4,2770,4.2,3303,5.0,1949,2.9,2017,3.0,783,1.2,3432,5.2,3054,4.6,4357,6.5,6427,9.7,7708,11.6,3176,4.8
"West Lindsey",41968,100.0,1724,4.1,126,0.3,4686,11.2,452,1.1,472,1.1,3555,8.5,6608,15.7,1932,4.6,1735,4.1,673,1.6,647,1.5,479,1.1,2000,4.8,1493,3.6,3186,7.6,4531,10.8,5916,14.1,1753,4.2
"Corby",30688,100.0,63,0.2,17,0.1,7260,23.7,90,0.3,202,0.7,1746,5.7,7197,23.5,2460,8.0,1155,3.8,592,1.9,379,1.2,179,0.6,821,2.7,1692,5.5,1139,3.7,2038,6.6,2639,8.6,1019,3.3
"Daventry",39536,100.0,661,1.7,23,0.1,4900,12.4,156,0.4,328,0.8,2847,7.2,7084,17.9,2527,6.4,1882,4.8,1360,3.4,1334,3.4,573,1.4,2672,6.8,1859,4.7,1810,4.6,3845,9.7,3833,9.7,1842,4.7
"East Northamptonshire",43417,100.0,555,1.3,22,0.1,5238,12.1,137,0.3,409,0.9,3799,8.8,8093,18.6,2560,5.9,1527,3.5,1294,3.0,1267,2.9,598,1.4,2537,5.8,2059,4.7,2230,5.1,4438,10.2,4645,10.7,2009,4.6
"Kettering",46918,100.0,228,0.5,15,0.0,6412,13.7,186,0.4,367,0.8,3798,8.1,9100,19.4,2573,5.5,1855,4.0,1309,2.8,1177,2.5,489,1.0,2423,5.2,2161,4.6,2094,4.5,4351,9.3,6499,13.9,1881,4.0
"Northampton",106792,100.0,126,0.1,31,0.0,10258,9.6,664,0.6,595,0.6,7838,7.3,20187,18.9,8265,7.7,4982,4.7,3442,3.2,6142,5.8,923,0.9,4994,4.7,5581,5.2,5112,4.8,9161,8.6,13809,12.9,4682,4.4
"South Northamptonshire",45740,100.0,887,1.9,31,0.1,4893,10.7,158,0.3,276,0.6,3601,7.9,7720,16.9,1959,4.3,1808,4.0,2068,4.5,1781,3.9,586,1.3,3468,7.6,2341,5.1,2300,5.0,4898,10.7,4309,9.4,2656,5.8
"Wellingborough",36363,100.0,193,0.5,26,0.1,5078,14.0,122,0.3,267,0.7,2862,7.9,7453,20.5,2593,7.1,1366,3.8,1100,3.0,1299,3.6,364,1.0,1707,4.7,1824,5.0,1807,5.0,3362,9.2,3558,9.8,1382,3.8
"Ashfield",55336,100.0,139,0.3,207,0.4,9108,16.5,603,1.1,373,0.7,5351,9.7,10527,19.0,3188,5.8,2417,4.4,996,1.8,902,1.6,557,1.0,2020,3.7,2304,4.2,2867,5.2,4225,7.6,7474,13.5,2078,3.8
"Bassetlaw",52814,100.0,880,1.7,455,0.9,6921,13.1,668,1.3,437,0.8,4515,8.5,9852,18.7,2896,5.5,2650,5.0,921,1.7,957,1.8,587,1.1,1874,3.5,1776,3.4,2783,5.3,4448,8.4,7921,15.0,2273,4.3
"Broxtowe",53185,100.0,99,0.2,54,0.1,6241,11.7,627,1.2,273,0.5,4108,7.7,9227,17.3,2349,4.4,2163,4.1,1863,3.5,1251,2.4,597,1.1,3041,5.7,2112,4.0,3390,6.4,6941,13.1,6622,12.5,2227,4.2
"Gedling",55598,100.0,209,0.4,75,0.1,5059,9.1,699,1.3,360,0.6,5109,9.2,9765,17.6,2419,4.4,2387,4.3,1653,3.0,1430,2.6,919,1.7,2988,5.4,2206,4.0,4030,7.2,6000,10.8,7726,13.9,2564,4.6
"Mansfield",48361,100.0,186,0.4,491,1.0,5958,12.3,395,0.8,372,0.8,4707,9.7,9191,19.0,2431,5.0,2862,5.9,773,1.6,897,1.9,495,1.0,1582,3.3,2099,4.3,2999,6.2,3925,8.1,6898,14.3,2100,4.3
"Newark and Sherwood",54555,100.0,1044,1.9,343,0.6,6404,11.7,459,0.8,572,1.0,4660,8.5,9166,16.8,2521,4.6,3367,6.2,1630,3.0,934,1.7,632,1.2,2663,4.9,2168,4.0,3579,6.6,5032,9.2,6769,12.4,2612,4.8
"Rushcliffe",55346,100.0,564,1.0,97,0.2,4466,8.1,536,1.0,287,0.5,3648,6.6,8336,15.1,1664,3.0,2265,4.1,2573,4.6,1790,3.2,807,1.5,5049,9.1,2065,3.7,3942,7.1,7884,14.2,6548,11.8,2825,5.1
"Herefordshire, County of",90237,100.0,4893,5.4,124,0.1,11373,12.6,253,0.3,636,0.7,7865,8.7,15054,16.7,2781,3.1,4734,5.2,1935,2.1,1565,1.7,1446,1.6,4559,5.1,3995,4.4,4899,5.4,8323,9.2,11624,12.9,4178,4.6
"Shropshire",150748,100.0,5807,3.9,245,0.2,15942,10.6,547,0.4,1419,0.9,12527,8.3,24248,16.1,5864,3.9,8283,5.5,4021,2.7,2946,2.0,2027,1.3,7832,5.2,5932,3.9,10279,6.8,15144,10.0,20642,13.7,7043,4.7
"Stoke-on-Trent",108109,100.0,140,0.1,173,0.2,14704,13.6,1020,0.9,696,0.6,8619,8.0,21274,19.7,7059,6.5,5852,5.4,2238,2.1,2890,2.7,1087,1.0,3164,2.9,5262,4.9,4282,4.0,8300,7.7,15734,14.6,5615,5.2
"Telford and Wrekin",78372,100.0,713,0.9,82,0.1,13240,16.9,408,0.5,823,1.1,4970,6.3,13099,16.7,3109,4.0,3768,4.8,3368,4.3,2091,2.7,977,1.2,2767,3.5,3568,4.6,6444,8.2,7292,9.3,8535,10.9,3118,4.0
"Cannock Chase",47476,100.0,131,0.3,68,0.1,6812,14.3,356,0.7,673,1.4,5519,11.6,8955,18.9,2731,5.8,2265,4.8,829,1.7,971,2.0,464,1.0,1681,3.5,2057,4.3,2770,5.8,3647,7.7,5621,11.8,1926,4.1
"East Staffordshire",54921,100.0,777,1.4,98,0.2,9036,16.5,320,0.6,436,0.8,4300,7.8,9551,17.4,3479,6.3,2953,5.4,1275,2.3,870,1.6,501,0.9,2419,4.4,2443,4.4,2207,4.0,4928,9.0,6844,12.5,2484,4.5
"Lichfield",49016,100.0,550,1.1,51,0.1,5694,11.6,251,0.5,429,0.9,4319,8.8,8364,17.1,2312,4.7,2349,4.8,1432,2.9,1537,3.1,688,1.4,3150,6.4,2089,4.3,2819,5.8,5063,10.3,5576,11.4,2343,4.8
"Newcastle-under-Lyme",57366,100.0,364,0.6,84,0.1,7162,12.5,304,0.5,400,0.7,4649,8.1,10867,18.9,2808,4.9,2762,4.8,1590,2.8,1499,2.6,700,1.2,2458,4.3,2380,4.1,2486,4.3,6191,10.8,8028,14.0,2634,4.6
"South Staffordshire",53328,100.0,571,1.1,46,0.1,6473,12.1,332,0.6,523,1.0,5267,9.9,8986,16.9,2050,3.8,2298,4.3,1305,2.4,1999,3.7,860,1.6,2704,5.1,2145,4.0,3543,6.6,5598,10.5,6201,11.6,2427,4.6
"Stafford",64494,100.0,1131,1.8,48,0.1,6312,9.8,629,1.0,462,0.7,4500,7.0,10347,16.0,2854,4.4,3174,4.9,1938,3.0,1385,2.1,779,1.2,3238,5.0,2663,4.1,6054,9.4,6530,10.1,9364,14.5,3086,4.8
"Staffordshire Moorlands",47591,100.0,1134,2.4,152,0.3,6965,14.6,245,0.5,376,0.8,4156,8.7,7149,15.0,2076,4.4,2195,4.6,868,1.8,2009,4.2,616,1.3,2258,4.7,1854,3.9,2145,4.5,4452,9.4,6274,13.2,2667,5.6
"Tamworth",38281,100.0,74,0.2,79,0.2,5250,13.7,190,0.5,291,0.8,3136,8.2,8169,21.3,3367,8.8,1913,5.0,967,2.5,1280,3.3,295,0.8,1486,3.9,2063,5.4,1557,4.1,2991,7.8,3445,9.0,1728,4.5
"North Warwickshire",31258,100.0,352,1.1,175,0.6,3979,12.7,211,0.7,312,1.0,2814,9.0,5447,17.4,2806,9.0,1566,5.0,806,2.6,809,2.6,370,1.2,1367,4.4,1544,4.9,1415,4.5,2795,8.9,3142,10.1,1348,4.3
"Nuneaton and Bedworth",60205,100.0,118,0.2,157,0.3,8641,14.4,397,0.7,486,0.8,3836,6.4,11698,19.4,4748,7.9,2662,4.4,1482,2.5,1747,2.9,540,0.9,2353,3.9,2717,4.5,3103,5.2,5278,8.8,7659,12.7,2583,4.3
"Rugby",50485,100.0,445,0.9,40,0.1,5991,11.9,411,0.8,313,0.6,3403,6.7,9127,18.1,4283,8.5,2384,4.7,1751,3.5,1257,2.5,530,1.0,2944,5.8,2246,4.4,2795,5.5,5067,10.0,5332,10.6,2166,4.3
"Stratford-on-Avon",60765,100.0,1408,2.3,34,0.1,5830,9.6,399,0.7,493,0.8,4367,7.2,9936,16.4,2100,3.5,3894,6.4,2641,4.3,2433,4.0,998,1.6,5226,8.6,3295,5.4,2444,4.0,6009,9.9,5761,9.5,3497,5.8
"Warwick",69608,100.0,339,0.5,31,0.0,7205,10.4,1057,1.5,445,0.6,3762,5.4,10306,14.8,2211,3.2,3743,5.4,3896,5.6,1999,2.9,923,1.3,6705,9.6,3005,4.3,3407,4.9,8639,12.4,8339,12.0,3596,5.2
"Birmingham",423691,100.0,419,0.1,81,0.0,39056,9.2,1962,0.5,2709,0.6,25686,6.1,66500,15.7,23981,5.7,26715,6.3,12873,3.0,16916,4.0,6275,1.5,23868,5.6,22365,5.3,20528,4.8,51328,12.1,62912,14.8,19517,4.6
"Coventry",137560,100.0,259,0.2,69,0.1,15880,11.5,1045,0.8,1114,0.8,7444,5.4,24019,17.5,8959,6.5,7793,5.7,4486,3.3,5181,3.8,1734,1.3,6226,4.5,7161,5.2,6330,4.6,16370,11.9,17195,12.5,6295,4.6
"Dudley",141998,100.0,137,0.1,63,0.0,19978,14.1,1563,1.1,1260,0.9,12996,9.2,25433,17.9,6283,4.4,5930,4.2,3387,2.4,4348,3.1,1716,1.2,6354,4.5,6094,4.3,8696,6.1,14033,9.9,17966,12.7,5761,4.1
"Sandwell",128630,100.0,132,0.1,30,0.0,18741,14.6,1201,0.9,1414,1.1,9761,7.6,23348,18.2,8499,6.6,6475,5.0,2417,1.9,4009,3.1,1803,1.4,4564,3.5,6795,5.3,6076,4.7,11140,8.7,16806,13.1,5419,4.2
"Solihull",97941,100.0,200,0.2,32,0.0,9837,10.0,1435,1.5,795,0.8,7621,7.8,15257,15.6,4435,4.5,4749,4.8,4261,4.4,4997,5.1,1520,1.6,6969,7.1,5230,5.3,4764,4.9,10211,10.4,11448,11.7,4180,4.3
"Walsall",112270,100.0,126,0.1,61,0.1,16284,14.5,554,0.5,1275,1.1,9783,8.7,21624,19.3,6714,6.0,5228,4.7,1941,1.7,3457,3.1,1633,1.5,3997,3.6,5060,4.5,5292,4.7,10827,9.6,13980,12.5,4434,3.9
"Wolverhampton",104284,100.0,193,0.2,39,0.0,14013,13.4,609,0.6,1020,1.0,7586,7.3,18153,17.4,6322,6.1,5367,5.1,2239,2.1,3483,3.3,1509,1.4,3673,3.5,4932,4.7,5674,5.4,10168,9.8,14942,14.3,4362,4.2
"Bromsgrove",46251,100.0,307,0.7,15,0.0,4981,10.8,299,0.6,341,0.7,3801,8.2,6708,14.5,1370,3.0,2075,4.5,1733,3.7,1810,3.9,776,1.7,3383,7.3,2084,4.5,2479,5.4,5415,11.7,6507,14.1,2167,4.7
"Malvern Hills",34361,100.0,977,2.8,31,0.1,3714,10.8,171,0.5,247,0.7,2736,8.0,5109,14.9,953,2.8,1676,4.9,1226,3.6,773,2.2,571,1.7,2806,8.2,1481,4.3,1887,5.5,3980,11.6,4316,12.6,1707,5.0
"Redditch",42922,100.0,178,0.4,6,0.0,8192,19.1,220,0.5,304,0.7,3109,7.2,8015,18.7,1972,4.6,1805,4.2,1410,3.3,1051,2.4,405,0.9,2039,4.8,2276,5.3,2072,4.8,3277,7.6,5085,11.8,1506,3.5
"Worcester",50101,100.0,122,0.2,34,0.1,5929,11.8,421,0.8,371,0.7,3110,6.2,8762,17.5,2347,4.7,2819,5.6,1664,3.3,1023,2.0,919,1.8,2672,5.3,2190,4.4,3459,6.9,5394,10.8,6542,13.1,2323,4.6
"Wychavon",58268,100.0,1491,2.6,58,0.1,7300,12.5,347,0.6,457,0.8,4583,7.9,10199,17.5,2313,4.0,2896,5.0,1803,3.1,1630,2.8,920,1.6,3951,6.8,2852,4.9,3271,5.6,5237,9.0,6278,10.8,2682,4.6
"Wyre Forest",46339,100.0,337,0.7,26,0.1,7072,15.3,212,0.5,482,1.0,3653,7.9,8565,18.5,2217,4.8,2209,4.8,1131,2.4,955,2.1,815,1.8,2198,4.7,2055,4.4,2207,4.8,4155,9.0,5754,12.4,2296,5.0
"Bedford",75810,100.0,554,0.7,38,0.1,6440,8.5,516,0.7,609,0.8,5721,7.5,12949,17.1,4293,5.7,3412,4.5,2951,3.9,2080,2.7,997,1.3,5017,6.6,3729,4.9,4899,6.5,8827,11.6,9398,12.4,3380,4.5
"Central Bedfordshire",132061,100.0,883,0.7,101,0.1,13253,10.0,367,0.3,872,0.7,12766,9.7,22555,17.1,7075,5.4,5088,3.9,6015,4.6,4366,3.3,2032,1.5,8863,6.7,6161,4.7,8293,6.3,13821,10.5,12666,9.6,6884,5.2
"Luton",89201,100.0,98,0.1,14,0.0,8241,9.2,193,0.2,511,0.6,7231,8.1,15850,17.8,8987,10.1,5477,6.1,2933,3.3,2348,2.6,1297,1.5,4194,4.7,5625,6.3,3895,4.4,8915,10.0,9608,10.8,3784,4.2
"Peterborough",88044,100.0,727,0.8,47,0.1,10400,11.8,238,0.3,667,0.8,5257,6.0,16112,18.3,5482,6.2,4252,4.8,3227,3.7,4432,5.0,1086,1.2,3887,4.4,6553,7.4,5541,6.3,7056,8.0,9551,10.8,3529,4.0
"Southend-on-Sea",81339,100.0,130,0.2,26,0.0,5542,6.8,203,0.2,499,0.6,6558,8.1,11469,14.1,3957,4.9,3860,4.7,2590,3.2,9046,11.1,1321,1.6,4695,5.8,3925,4.8,4777,5.9,8157,10.0,10391,12.8,4193,5.2
"Thurrock",77420,100.0,136,0.2,63,0.1,5677,7.3,506,0.7,922,1.2,7507,9.7,15458,20.0,7686,9.9,3256,4.2,2189,2.8,4873,6.3,999,1.3,3676,4.7,4077,5.3,3825,4.9,6122,7.9,7516,9.7,2932,3.8
"Cambridge",59437,100.0,115,0.2,34,0.1,2848,4.8,89,0.1,206,0.3,2127,3.6,6280,10.6,1431,2.4,3748,6.3,4661,7.8,961,1.6,551,0.9,8581,14.4,2303,3.9,1627,2.7,13596,22.9,7306,12.3,2973,5.0
"East Cambridgeshire",43919,100.0,1465,3.3,33,0.1,4609,10.5,117,0.3,386,0.9,4055,9.2,6478,14.7,1956,4.5,1487,3.4,1945,4.4,939,2.1,581,1.3,3848,8.8,1675,3.8,1862,4.2,4957,11.3,4681,10.7,2845,6.5
"Fenland",44514,100.0,1466,3.3,29,0.1,6941,15.6,133,0.3,409,0.9,4318,9.7,7662,17.2,2552,5.7,1518,3.4,853,1.9,976,2.2,518,1.2,1830,4.1,2745,6.2,2804,6.3,3274,7.4,4797,10.8,1689,3.8
"Huntingdonshire",88991,100.0,1027,1.2,83,0.1,10891,12.2,270,0.3,905,1.0,6789,7.6,13947,15.7,3493,3.9,3792,4.3,3864,4.3,2518,2.8,1339,1.5,6306,7.1,4143,4.7,7087,8.0,7876,8.9,10006,11.2,4655,5.2
"South Cambridgeshire",79139,100.0,979,1.2,67,0.1,6888,8.7,130,0.2,484,0.6,5309,6.7,10223,12.9,2280,2.9,2912,3.7,5042,6.4,1789,2.3,1112,1.4,9539,12.1,3169,4.0,3749,4.7,12093,15.3,9789,12.4,3585,4.5
"Basildon",83006,100.0,147,0.2,28,0.0,6909,8.3,308,0.4,770,0.9,9082,10.9,13619,16.4,5072,6.1,3327,4.0,2704,3.3,7876,9.5,1120,1.3,4688,5.6,4062,4.9,3866,4.7,6564,7.9,9183,11.1,3681,4.4
"Braintree",74200,100.0,755,1.0,46,0.1,7442,10.0,185,0.2,600,0.8,7828,10.5,12125,16.3,4422,6.0,2896,3.9,2268,3.1,4263,5.7,1102,1.5,4625,6.2,3457,4.7,4181,5.6,6581,8.9,8076,10.9,3348,4.5
"Brentwood",36251,100.0,174,0.5,12,0.0,2033,5.6,117,0.3,192,0.5,3330,9.2,4370,12.1,1465,4.0,1393,3.8,1655,4.6,4786,13.2,555,1.5,3124,8.6,1617,4.5,1802,5.0,3947,10.9,4004,11.0,1675,4.6
"Castle Point",41443,100.0,59,0.1,22,0.1,3562,8.6,213,0.5,442,1.1,5173,12.5,6770,16.3,2505,6.0,1451,3.5,1093,2.6,3929,9.5,561,1.4,2248,5.4,1810,4.4,1998,4.8,3551,8.6,4167,10.1,1889,4.6
"Chelmsford",86451,100.0,501,0.6,43,0.0,6041,7.0,243,0.3,580,0.7,7583,8.8,12840,14.9,3891,4.5,3539,4.1,3252,3.8,8172,9.5,1333,1.5,6433,7.4,3689,4.3,5761,6.7,8812,10.2,9632,11.1,4106,4.7
"Colchester",85587,100.0,542,0.6,89,0.1,5636,6.6,233,0.3,535,0.6,7077,8.3,13718,16.0,3721,4.3,4036,4.7,3019,3.5,4870,5.7,1247,1.5,4918,5.7,3818,4.5,6796,7.9,9735,11.4,11517,13.5,4080,4.8
"Epping Forest",61609,100.0,356,0.6,31,0.1,3378,5.5,159,0.3,417,0.7,6751,11.0,9096,14.8,3223,5.2,2228,3.6,2504,4.1,5236,8.5,1403,2.3,5049,8.2,3239,5.3,3154,5.1,5848,9.5,6044,9.8,3493,5.7
"Harlow",40401,100.0,67,0.2,6,0.0,3841,9.5,118,0.3,318,0.8,3873,9.6,8244,20.4,2724,6.7,1797,4.4,1369,3.4,1173,2.9,420,1.0,1811,4.5,2199,5.4,1876,4.6,3246,8.0,5610,13.9,1709,4.2
"Maldon",30292,100.0,436,1.4,32,0.1,3296,10.9,213,0.7,386,1.3,3507,11.6,4752,15.7,1379,4.6,1149,3.8,734,2.4,1765,5.8,430,1.4,2037,6.7,1376,4.5,1442,4.8,2759,9.1,3109,10.3,1490,4.9
"Rochford",40662,100.0,207,0.5,12,0.0,3393,8.3,173,0.4,271,0.7,4280,10.5,5754,14.2,1951,4.8,1363,3.4,1265,3.1,4894,12.0,615,1.5,2649,6.5,1676,4.1,2533,6.2,3609,8.9,4159,10.2,1858,4.6
"Tendring",54857,100.0,676,1.2,28,0.1,3929,7.2,232,0.4,477,0.9,5353,9.8,9886,18.0,3981,7.3,2927,5.3,1241,2.3,1813,3.3,757,1.4,2271,4.1,2493,4.5,2690,4.9,5275,9.6,7976,14.5,2852,5.2
"Uttlesford",40772,100.0,660,1.6,19,0.0,3513,8.6,80,0.2,224,0.5,3738,9.2,6118,15.0,2371,5.8,1554,3.8,1607,3.9,2340,5.7,645,1.6,3794,9.3,2060,5.1,2184,5.4,4277,10.5,3727,9.1,1861,4.6
"Broxbourne",46222,100.0,151,0.3,12,0.0,3054,6.6,199,0.4,389,0.8,5557,12.0,9007,19.5,3040,6.6,1972,4.3,1678,3.6,2566,5.6,870,1.9,2796,6.0,2540,5.5,2366,5.1,4028,8.7,3727,8.1,2270,4.9
"Dacorum",73437,100.0,271,0.4,65,0.1,4821,6.6,220,0.3,393,0.5,6218,8.5,12673,17.3,3836,5.2,3273,4.5,5042,6.9,2963,4.0,1013,1.4,6329,8.6,4051,5.5,3725,5.1,7255,9.9,7229,9.8,4060,5.5
"East Hertfordshire",72225,100.0,459,0.6,49,0.1,6161,8.5,153,0.2,413,0.6,6355,8.8,11268,15.6,3553,4.9,3058,4.2,3438,4.8,4288,5.9,1231,1.7,6970,9.7,3702,5.1,4121,5.7,7559,10.5,6241,8.6,3206,4.4
"Hertsmere",49428,100.0,95,0.2,30,0.1,2221,4.5,165,0.3,221,0.4,3849,7.8,8195,16.6,2316,4.7,2097,4.2,2811,5.7,2850,5.8,1344,2.7,4591,9.3,2697,5.5,2236,4.5,5126,10.4,5517,11.2,3067,6.2
"North Hertfordshire",64990,100.0,417,0.6,39,0.1,6538,10.1,156,0.2,405,0.6,4895,7.5,10445,16.1,2471,3.8,2372,3.6,3612,5.6,2831,4.4,1144,1.8,6032,9.3,2979,4.6,3614,5.6,6761,10.4,6965,10.7,3314,5.1
"St Albans",71378,100.0,198,0.3,84,0.1,3503,4.9,179,0.3,306,0.4,4421,6.2,10141,14.2,2450,3.4,2657,3.7,5390,7.6,5029,7.0,1169,1.6,9533,13.4,3137,4.4,3218,4.5,8669,12.1,7427,10.4,3867,5.4
"Stevenage",42738,100.0,45,0.1,12,0.0,3997,9.4,157,0.4,243,0.6,4031,9.4,8054,18.8,2250,5.3,2112,4.9,2122,5.0,1497,3.5,527,1.2,2439,5.7,2163,5.1,2348,5.5,3322,7.8,5370,12.6,2049,4.8
"Three Rivers",43999,100.0,75,0.2,46,0.1,2241,5.1,136,0.3,301,0.7,3938,9.0,6658,15.1,2175,4.9,1681,3.8,2820,6.4,2416,5.5,799,1.8,4080,9.3,2300,5.2,2455,5.6,4482,10.2,4846,11.0,2550,5.8
"Watford",47634,100.0,36,0.1,25,0.1,2607,5.5,132,0.3,292,0.6,3626,7.6,8208,17.2,2930,6.2,2397,5.0,3034,6.4,2196,4.6,694,1.5,3485,7.3,2722,5.7,2350,4.9,4391,9.2,5870,12.3,2639,5.5
"Welwyn Hatfield",52981,100.0,131,0.2,43,0.1,3552,6.7,145,0.3,459,0.9,3857,7.3,10935,20.6,2431,4.6,2454,4.6,2835,5.4,2233,4.2,750,1.4,4033,7.6,2824,5.3,2537,4.8,5173,9.8,5899,11.1,2690,5.1
"Breckland",61301,100.0,2556,4.2,75,0.1,8195,13.4,163,0.3,561,0.9,5199,8.5,10341,16.9,3094,5.0,3110,5.1,963,1.6,1601,2.6,781,1.3,2585,4.2,2705,4.4,4152,6.8,5070,8.3,7022,11.5,3128,5.1
"Broadland",61541,100.0,881,1.4,175,0.3,5416,8.8,290,0.5,408,0.7,5945,9.7,10830,17.6,2435,4.0,2977,4.8,1571,2.6,3943,6.4,876,1.4,3210,5.2,2512,4.1,3571,5.8,5459,8.9,8202,13.3,2840,4.6
"Great Yarmouth",41264,100.0,455,1.1,671,1.6,3899,9.4,253,0.6,309,0.7,3363,8.1,7422,18.0,2026,4.9,3911,9.5,515,1.2,812,2.0,385,0.9,1997,4.8,1928,4.7,1836,4.4,3167,7.7,6081,14.7,2234,5.4
"King`s Lynn and West Norfolk",67268,100.0,2240,3.3,127,0.2,8613,12.8,226,0.3,577,0.9,6267,9.3,11699,17.4,2690,4.0,3898,5.8,881,1.3,1387,2.1,841,1.3,2530,3.8,2897,4.3,4682,7.0,5571,8.3,8879,13.2,3263,4.9
"North Norfolk",43183,100.0,1585,3.7,151,0.3,3996,9.3,201,0.5,301,0.7,3934,9.1,7568,17.5,1588,3.7,3427,7.9,703,1.6,1014,2.3,617,1.4,2111,4.9,2002,4.6,1823,4.2,3974,9.2,5670,13.1,2518,5.8
"Norwich",62424,100.0,198,0.3,92,0.1,4290,6.9,128,0.2,371,0.6,3933,6.3,10767,17.2,2229,3.6,4653,7.5,2096,3.4,3984,6.4,809,1.3,3711,5.9,2965,4.7,2924,4.7,7164,11.5,8697,13.9,3413,5.5
"South Norfolk",60333,100.0,1782,3.0,140,0.2,5587,9.3,199,0.3,366,0.6,5284,8.8,9740,16.1,2282,3.8,2591,4.3,1489,2.5,3161,5.2,986,1.6,3926,6.5,2324,3.9,3249,5.4,6416,10.6,8101,13.4,2710,4.5
"Babergh",42250,100.0,825,2.0,27,0.1,5033,11.9,205,0.5,309,0.7,4001,9.5,6554,15.5,1881,4.5,2118,5.0,1245,2.9,1898,4.5,603,1.4,2586,6.1,1885,4.5,2409,5.7,4103,9.7,4657,11.0,1911,4.5
"Forest Heath",31540,100.0,759,2.4,12,0.0,3163,10.0,65,0.2,238,0.8,2475,7.8,4301,13.6,1521,4.8,1716,5.4,660,2.1,551,1.7,350,1.1,1702,5.4,1411,4.5,2208,7.0,1874,5.9,2692,8.5,5842,18.5
"Ipswich",65479,100.0,251,0.4,31,0.0,5183,7.9,639,1.0,423,0.6,5269,8.0,11560,17.7,4917,7.5,3671,5.6,2670,4.1,4004,6.1,670,1.0,2449,3.7,3367,5.1,3517,5.4,5148,7.9,9005,13.8,2705,4.1
"Mid Suffolk",48570,100.0,1661,3.4,41,0.1,4823,9.9,355,0.7,321,0.7,4717,9.7,7904,16.3,2618,5.4,1826,3.8,1471,3.0,1658,3.4,619,1.3,2925,6.0,2035,4.2,3505,7.2,4480,9.2,5454,11.2,2157,4.4
"St Edmundsbury",56483,100.0,919,1.6,30,0.1,7399,13.1,275,0.5,325,0.6,4277,7.6,9381,16.6,2543,4.5,2728,4.8,1451,2.6,1317,2.3,751,1.3,3210,5.7,2556,4.5,4101,7.3,4756,8.4,7566,13.4,2898,5.1
"Suffolk Coastal",58257,100.0,1271,2.2,53,0.1,3299,5.7,947,1.6,360,0.6,4109,7.1,8188,14.1,5649,9.7,3254,5.6,3050,5.2,2083,3.6,798,1.4,2948,5.1,2391,4.1,3954,6.8,5660,9.7,7107,12.2,3136,5.4
"Waveney",49181,100.0,777,1.6,518,1.1,5698,11.6,562,1.1,529,1.1,4551,9.3,8573,17.4,1992,4.1,3510,7.1,664,1.4,989,2.0,609,1.2,2494,5.1,2208,4.5,2381,4.8,4443,9.0,6320,12.9,2363,4.8
"Camden",108966,100.0,62,0.1,190,0.2,1959,1.8,228,0.2,162,0.1,3143,2.9,10524,9.7,2843,2.6,6644,6.1,10690,9.8,10862,10.0,2232,2.0,19806,18.2,4426,4.1,3739,3.4,10941,10.0,11069,10.2,9446,8.7
"City of London",4747,100.0,2,0.0,9,0.2,69,1.5,5,0.1,6,0.1,78,1.6,228,4.8,78,1.6,214,4.5,379,8.0,1067,22.5,65,1.4,1265,26.6,176,3.7,196,4.1,326,6.9,248,5.2,336,7.1
"Hackney",118556,100.0,53,0.0,68,0.1,3014,2.5,151,0.1,288,0.2,4458,3.8,13654,11.5,3828,3.2,7983,6.7,11247,9.5,5790,4.9,2459,2.1,17752,15.0,6893,5.8,4768,4.0,13475,11.4,12444,10.5,10231,8.6
"Hammersmith and Fulham",99618,100.0,80,0.1,252,0.3,2338,2.3,244,0.2,191,0.2,3991,4.0,10590,10.6,3207,3.2,6813,6.8,9586,9.6,9840,9.9,2901,2.9,16072,16.1,5403,5.4,3025,3.0,8188,8.2,9346,9.4,7551,7.6
"Haringey",124296,100.0,53,0.0,65,0.1,3084,2.5,177,0.1,327,0.3,7783,6.3,14608,11.8,4551,3.7,10585,8.5,10208,8.2,5185,4.2,2445,2.0,14132,11.4,7807,6.3,5273,4.2,14246,11.5,13600,10.9,10167,8.2
"Islington",106765,100.0,45,0.0,119,0.1,2175,2.0,206,0.2,259,0.2,3768,3.5,10146,9.5,3163,3.0,5996,5.6,10793,10.1,9644,9.0,1893,1.8,20470,19.2,4744,4.4,4499,4.2,10356,9.7,10319,9.7,8170,7.7
"Kensington and Chelsea",81387,100.0,123,0.2,291,0.4,1878,2.3,196,0.2,122,0.1,2393,2.9,7804,9.6,2037,2.5,4097,5.0,6076,7.5,17494,21.5,2762,3.4,13599,16.7,3469,4.3,1865,2.3,4894,6.0,5476,6.7,6811,8.4
"Lambeth",166494,100.0,66,0.0,214,0.1,3213,1.9,348,0.2,343,0.2,7299,4.4,16900,10.2,5660,3.4,12610,7.6,14489,8.7,11770,7.1,3326,2.0,23314,14.0,12403,7.4,9214,5.5,14825,8.9,17746,10.7,12754,7.7
"Lewisham",136057,100.0,42,0.0,100,0.1,2906,2.1,328,0.2,440,0.3,7484,5.5,15527,11.4,5618,4.1,9818,7.2,8883,6.5,8564,6.3,2562,1.9,12784,9.4,8259,6.1,8599,6.3,15733,11.6,17374,12.8,11036,8.1
"Newham",132454,100.0,94,0.1,34,0.0,3961,3.0,260,0.2,601,0.5,11223,8.5,22662,17.1,7987,6.0,15665,11.8,5525,4.2,6776,5.1,2215,1.7,7109,5.4,11612,8.8,5509,4.2,11320,8.5,13685,10.3,6216,4.7
"Southwark",147388,100.0,75,0.1,164,0.1,2771,1.9,262,0.2,370,0.3,5988,4.1,14602,9.9,5561,3.8,12005,8.1,10646,7.2,12717,8.6,2293,1.6,18863,12.8,10712,7.3,7481,5.1,13692,9.3,18357,12.5,10829,7.3
"Tower Hamlets",120873,100.0,35,0.0,112,0.1,2711,2.2,203,0.2,267,0.2,3731,3.1,12937,10.7,4468,3.7,11826,9.8,9784,8.1,18096,15.0,2044,1.7,16285,13.5,5882,4.9,4529,3.7,10961,9.1,9809,8.1,7193,6.0
"Wandsworth",178582,100.0,77,0.0,497,0.3,4131,2.3,533,0.3,319,0.2,7443,4.2,18182,10.2,5402,3.0,9854,5.5,16301,9.1,19244,10.8,4428,2.5,30051,16.8,10225,5.7,7782,4.4,14792,8.3,17344,9.7,11977,6.7
"Westminster",111179,100.0,77,0.1,466,0.4,2440,2.2,343,0.3,206,0.2,3210,2.9,10977,9.9,2875,2.6,7269,6.5,8995,8.1,18921,17.0,3322,3.0,18640,16.8,4801,4.3,4498,4.0,7007,6.3,8053,7.2,9079,8.2
"Barking and Dagenham",75217,100.0,44,0.1,33,0.0,3419,4.5,175,0.2,682,0.9,7844,10.4,11465,15.2,6292,8.4,4272,5.7,2387,3.2,3643,4.8,1185,1.6,3344,4.4,5647,7.5,3979,5.3,6678,8.9,10582,14.1,3546,4.7
"Barnet",170658,100.0,72,0.0,146,0.1,4908,2.9,364,0.2,513,0.3,12047,7.1,24830,14.5,6584,3.9,9751,5.7,10438,6.1,10262,6.0,4774,2.8,19438,11.4,8707,5.1,6618,3.9,19418,11.4,19776,11.6,12012,7.0
"Bexley",110159,100.0,81,0.1,77,0.1,5080,4.6,655,0.6,797,0.7,11877,10.8,15997,14.5,6898,6.3,4208,3.8,4470,4.1,8376,7.6,2012,1.8,7829,7.1,5456,5.0,8480,7.7,10596,9.6,11909,10.8,5361,4.9
"Brent",147461,100.0,66,0.0,111,0.1,6724,4.6,285,0.2,452,0.3,13062,8.9,25104,17.0,8346,5.7,11648,7.9,9262,6.3,6426,4.4,2664,1.8,12321,8.4,9785,6.6,5241,3.6,11987,8.1,15118,10.3,8859,6.0
"Bromley",151368,100.0,160,0.1,170,0.1,5147,3.4,490,0.3,536,0.4,12577,8.3,18913,12.5,6075,4.0,5444,3.6,8729,5.8,15449,10.2,3058,2.0,15179,10.0,7586,5.0,10344,6.8,15743,10.4,16888,11.2,8880,5.9
"Croydon",172987,100.0,76,0.0,160,0.1,5491,3.2,442,0.3,701,0.4,13275,7.7,25177,14.6,9768,5.6,8275,4.8,9257,5.4,12402,7.2,3191,1.8,13384,7.7,9786,5.7,13611,7.9,16850,9.7,22278,12.9,8863,5.1
"Ealing",164820,100.0,70,0.0,276,0.2,7753,4.7,357,0.2,667,0.4,13053,7.9,23686,14.4,12046,7.3,11110,6.7,13812,8.4,6724,4.1,2921,1.8,14572,8.8,11178,6.8,6238,3.8,14891,9.0,16071,9.8,9395,5.7
"Enfield",137622,100.0,128,0.1,65,0.0,5338,3.9,380,0.3,636,0.5,10559,7.7,22131,16.1,7388,5.4,8310,6.0,6392,4.6,7225,5.2,3302,2.4,10207,7.4,7651,5.6,7592,5.5,15343,11.1,16931,12.3,8044,5.8
"Greenwich",117821,100.0,110,0.1,104,0.1,3518,3.0,371,0.3,575,0.5,8771,7.4,14359,12.2,5839,5.0,7942,6.7,5924,5.0,9028,7.7,2151,1.8,9599,8.1,8116,6.9,7712,6.5,12018,10.2,14104,12.0,7580,6.4
"Harrow",113900,100.0,35,0.0,123,0.1,4923,4.3,307,0.3,395,0.3,9356,8.2,19927,17.5,6279,5.5,4967,4.4,7212,6.3,7137,6.3,2033,1.8,11262,9.9,5807,5.1,5322,4.7,10882,9.6,12431,10.9,5502,4.8
"Havering",112846,100.0,97,0.1,63,0.1,6095,5.4,437,0.4,842,0.7,12972,11.5,16473,14.6,7536,6.7,3777,3.3,3924,3.5,11209,9.9,1686,1.5,7428,6.6,5326,4.7,7086,6.3,10462,9.3,12080,10.7,5353,4.7
"Hillingdon",130290,100.0,109,0.1,150,0.1,6978,5.4,445,0.3,720,0.6,10567,8.1,20635,15.8,14171,10.9,7540,5.8,7311,5.6,4864,3.7,1708,1.3,8266,6.3,7739,5.9,7256,5.6,12350,9.5,13392,10.3,6089,4.7
"Hounslow",127032,100.0,70,0.1,280,0.2,5020,4.0,330,0.3,491,0.4,7396,5.8,18866,14.9,14758,11.6,10612,8.4,10537,8.3,5403,4.3,1928,1.5,9360,7.4,9027,7.1,5457,4.3,9356,7.4,11219,8.8,6922,5.4
"Kingston upon Thames",81957,100.0,63,0.1,195,0.2,3026,3.7,301,0.4,264,0.3,4844,5.9,11922,14.5,3319,4.0,3966,4.8,6464,7.9,5076,6.2,1308,1.6,8805,10.7,4355,5.3,4608,5.6,9114,11.1,9004,11.0,5323,6.5
"Merton",104822,100.0,33,0.0,244,0.2,3212,3.1,292,0.3,348,0.3,7578,7.2,13717,13.1,4583,4.4,5575,5.3,7208,6.9,7909,7.5,1906,1.8,11764,11.2,6540,6.2,5351,5.1,9696,9.2,12278,11.7,6588,6.3
"Redbridge",124692,100.0,56,0.0,80,0.1,4340,3.5,242,0.2,326,0.3,9184,7.4,18770,15.1,7279,5.8,5969,4.8,7078,5.7,10527,8.4,2694,2.2,10387,8.3,6377,5.1,7405,5.9,14081,11.3,14277,11.4,5620,4.5
"Richmond upon Thames",99204,100.0,52,0.1,563,0.6,3528,3.6,423,0.4,236,0.2,4283,4.3,10320,10.4,4036,4.1,3953,4.0,11256,11.3,7260,7.3,2154,2.2,15264,15.4,4743,4.8,4556,4.6,11113,11.2,8394,8.5,7070,7.1
"Sutton",97658,100.0,87,0.1,134,0.1,3539,3.6,334,0.3,503,0.5,9572,9.8,14020,14.4,5214,5.3,3586,3.7,5231,5.4,5825,6.0,1608,1.6,7574,7.8,5368,5.5,7080,7.2,9314,9.5,13318,13.6,5351,5.5
"Waltham Forest",121021,100.0,70,0.1,51,0.0,4216,3.5,244,0.2,622,0.5,11547,9.5,16551,13.7,6647,5.5,9290,7.7,5861,4.8,5728,4.7,2290,1.9,8280,6.8,8185,6.8,6632,5.5,13508,11.2,13666,11.3,7633,6.3
"Bracknell Forest",61914,100.0,135,0.2,107,0.2,4184,6.8,332,0.5,356,0.6,4477,7.2,10044,16.2,3537,5.7,2920,4.7,6180,10.0,1770,2.9,816,1.3,4611,7.4,3791,6.1,3809,6.2,5402,8.7,6152,9.9,3291,5.3
"Brighton and Hove",139823,100.0,151,0.1,64,0.0,5237,3.7,1152,0.8,651,0.5,8594,6.1,19167,13.7,5860,4.2,9143,6.5,8583,6.1,9367,6.7,2490,1.8,10788,7.7,7018,5.0,6213,4.4,17332,12.4,18779,13.4,9234,6.6
"Isle of Wight",59299,100.0,735,1.2,70,0.1,5335,9.0,227,0.4,351,0.6,5034,8.5,9379,15.8,2380,4.0,5393,9.1,1090,1.8,888,1.5,927,1.6,2568,4.3,2266,3.8,4047,6.8,5831,9.8,9277,15.6,3501,5.9
"Medway",126689,100.0,446,0.4,83,0.1,9603,7.6,966,0.8,1523,1.2,13857,10.9,22022,17.4,7672,6.1,5639,4.5,3398,2.7,6336,5.0,1591,1.3,5988,4.7,6408,5.1,9688,7.6,11215,8.9,14754,11.6,5500,4.3
"Milton Keynes",127783,100.0,276,0.2,74,0.1,10225,8.0,272,0.2,611,0.5,7339,5.7,26365,20.6,8348,6.5,5762,4.5,8212,6.4,6704,5.2,1523,1.2,8459,6.6,6933,5.4,5742,4.5,13401,10.5,11945,9.3,5592,4.4
"Portsmouth",96619,100.0,127,0.1,41,0.0,8426,8.7,1303,1.3,656,0.7,8065,8.3,14303,14.8,4664,4.8,6629,6.9,3541,3.7,2614,2.7,1145,1.2,3887,4.0,5547,5.7,9324,9.7,9763,10.1,12147,12.6,4437,4.6
"Reading",79852,100.0,109,0.1,260,0.3,3949,4.9,466,0.6,890,1.1,4955,6.2,12396,15.5,3644,4.6,4719,5.9,8887,11.1,3290,4.1,821,1.0,7243,9.1,4586,5.7,3714,4.7,7763,9.7,8708,10.9,3452,4.3
"Slough",67300,100.0,101,0.2,52,0.1,5437,8.1,358,0.5,469,0.7,4082,6.1,11088,16.5,8469,12.6,4667,6.9,4747,7.1,1751,2.6,556,0.8,3336,5.0,5393,8.0,2434,3.6,4774,7.1,6909,10.3,2677,4.0
"Southampton",112608,100.0,240,0.2,84,0.1,9556,8.5,735,0.7,739,0.7,8900,7.9,19642,17.4,7505,6.7,7242,6.4,3370,3.0,4702,4.2,1303,1.2,6375,5.7,5846,5.2,4677,4.2,11639,10.3,15091,13.4,4962,4.4
"West Berkshire",81679,100.0,762,0.9,136,0.2,6414,7.9,557,0.7,754,0.9,6317,7.7,12911,15.8,3012,3.7,3607,4.4,8668,10.6,2878,3.5,1286,1.6,6774,8.3,4107,5.0,4641,5.7,7889,9.7,6794,8.3,4172,5.1
"Windsor and Maidenhead",73951,100.0,229,0.3,209,0.3,5524,7.5,499,0.7,446,0.6,4166,5.6,10216,13.8,4491,6.1,3796,5.1,7874,10.6,2482,3.4,1300,1.8,7667,10.4,4070,5.5,3606,4.9,7281,9.8,5688,7.7,4407,6.0
"Wokingham",81377,100.0,264,0.3,249,0.3,5348,6.6,638,0.8,559,0.7,5387,6.6,11852,14.6,3044,3.7,2615,3.2,10267,12.6,3491,4.3,1050,1.3,8061,9.9,3766,4.6,4197,5.2,9351,11.5,7170,8.8,4068,5.0
"Aylesbury Vale",90724,100.0,1168,1.3,59,0.1,7229,8.0,211,0.2,740,0.8,6945,7.7,14693,16.2,3884,4.3,3721,4.1,4892,5.4,3640,4.0,1280,1.4,6994,7.7,4514,5.0,6316,7.0,9308,10.3,10550,11.6,4580,5.0
"Chiltern",44785,100.0,220,0.5,89,0.2,3029,6.8,129,0.3,236,0.5,3151,7.0,6488,14.5,1698,3.8,1634,3.6,3442,7.7,2301,5.1,931,2.1,5366,12.0,2174,4.9,1728,3.9,5042,11.3,4571,10.2,2556,5.7
"South Bucks",33117,100.0,113,0.3,116,0.4,2514,7.6,187,0.6,207,0.6,2593,7.8,4819,14.6,2020,6.1,1617,4.9,2774,8.4,1311,4.0,660,2.0,3419,10.3,1665,5.0,1382,4.2,2947,8.9,3054,9.2,1719,5.2
"Wycombe",86350,100.0,332,0.4,100,0.1,7723,8.9,225,0.3,863,1.0,6239,7.2,14830,17.2,3854,4.5,3888,4.5,6634,7.7,2654,3.1,1320,1.5,7779,9.0,4355,5.0,4343,5.0,8437,9.8,8218,9.5,4556,5.3
"Eastbourne",44449,100.0,88,0.2,12,0.0,2390,5.4,140,0.3,291,0.7,3640,8.2,8153,18.3,1929,4.3,3245,7.3,951,2.1,1451,3.3,652,1.5,2005,4.5,1934,4.4,2216,5.0,4793,10.8,8197,18.4,2362,5.3
"Hastings",40671,100.0,142,0.3,27,0.1,2828,7.0,135,0.3,258,0.6,3978,9.8,6747,16.6,1694,4.2,2273,5.6,972,2.4,1345,3.3,563,1.4,1852,4.6,1626,4.0,2830,7.0,3834,9.4,7497,18.4,2070,5.1
"Lewes",45532,100.0,386,0.8,20,0.0,2771,6.1,151,0.3,444,1.0,3947,8.7,6657,14.6,2203,4.8,2267,5.0,1577,3.5,2111,4.6,748,1.6,2957,6.5,2048,4.5,2799,6.1,5359,11.8,6267,13.8,2820,6.2
"Rother",37583,100.0,670,1.8,29,0.1,2135,5.7,162,0.4,266,0.7,3798,10.1,5595,14.9,1422,3.8,2123,5.6,1054,2.8,1743,4.6,637,1.7,2499,6.6,1747,4.6,2051,5.5,3742,10.0,5721,15.2,2189,5.8
"Wealden",71084,100.0,1120,1.6,52,0.1,4403,6.2,246,0.3,452,0.6,7232,10.2,11175,15.7,2668,3.8,3423,4.8,2460,3.5,3637,5.1,1137,1.6,5501,7.7,3467,4.9,3310,4.7,7026,9.9,9538,13.4,4237,6.0
"Basingstoke and Deane",90122,100.0,669,0.7,93,0.1,8637,9.6,946,1.0,553,0.6,6861,7.6,15247,16.9,3713,4.1,3789,4.2,8435,9.4,4553,5.1,1105,1.2,6272,7.0,4813,5.3,4889,5.4,6861,7.6,8648,9.6,4038,4.5
"East Hampshire",58457,100.0,750,1.3,83,0.1,5040,8.6,319,0.5,331,0.6,4800,8.2,8588,14.7,2001,3.4,2496,4.3,3545,6.1,2117,3.6,824,1.4,4958,8.5,3073,5.3,3769,6.4,6156,10.5,6446,11.0,3161,5.4
"Eastleigh",65768,100.0,172,0.3,50,0.1,5851,8.9,355,0.5,381,0.6,5810,8.8,10851,16.5,3764,5.7,2773,4.2,3008,4.6,3281,5.0,856,1.3,4294,6.5,3042,4.6,4139,6.3,6292,9.6,7781,11.8,3068,4.7
"Fareham",56445,100.0,149,0.3,35,0.1,5581,9.9,403,0.7,366,0.6,4506,8.0,8331,14.8,2886,5.1,2357,4.2,2513,4.5,2368,4.2,697,1.2,3487,6.2,2571,4.6,5887,10.4,5587,9.9,6329,11.2,2392,4.2
"Gosport",40063,100.0,40,0.1,21,0.1,4219,10.5,281,0.7,282,0.7,3056,7.6,5856,14.6,2008,5.0,2099,5.2,1021,2.5,1053,2.6,421,1.1,1452,3.6,2198,5.5,6076,15.2,3297,8.2,4960,12.4,1723,4.3
"Hart",48047,100.0,188,0.4,115,0.2,3350,7.0,188,0.4,278,0.6,3280,6.8,6818,14.2,2098,4.4,2120,4.4,4975,10.4,2212,4.6,611,1.3,4358,9.1,2496,5.2,4011,8.3,4537,9.4,4104,8.5,2308,4.8
"Havant",55555,100.0,128,0.2,27,0.0,6457,11.6,873,1.6,546,1.0,5851,10.5,9228,16.6,2392,4.3,2718,4.9,2111,3.8,1413,2.5,670,1.2,2488,4.5,2980,5.4,3576,6.4,5008,9.0,6592,11.9,2497,4.5
"New Forest",82993,100.0,863,1.0,130,0.2,7424,8.9,524,0.6,627,0.8,7409,8.9,12666,15.3,3990,4.8,5243,6.3,2613,3.1,3015,3.6,1402,1.7,5688,6.9,3871,4.7,4437,5.3,7760,9.4,10870,13.1,4461,5.4
"Rushmoor",51087,100.0,51,0.1,44,0.1,3572,7.0,213,0.4,366,0.7,3785,7.4,8072,15.8,2550,5.0,2751,5.4,3189,6.2,1907,3.7,519,1.0,3062,6.0,3457,6.8,5903,11.6,3712,7.3,5637,11.0,2297,4.5
"Test Valley",59611,100.0,897,1.5,42,0.1,5812,9.7,210,0.4,357,0.6,4436,7.4,9541,16.0,2439,4.1,2466,4.1,3007,5.0,3495,5.9,957,1.6,4063,6.8,2677,4.5,4611,7.7,5595,9.4,6245,10.5,2761,4.6
"Winchester",57318,100.0,922,1.6,60,0.1,3482,6.1,220,0.4,322,0.6,3812,6.7,7444,13.0,2004,3.5,3047,5.3,3703,6.5,2159,3.8,965,1.7,5290,9.2,2535,4.4,4545,7.9,6817,11.9,7160,12.5,2831,4.9
"Ashford",57546,100.0,951,1.7,47,0.1,4986,8.7,382,0.7,432,0.8,5930,10.3,9845,17.1,3070,5.3,2955,5.1,1710,3.0,1935,3.4,650,1.1,3519,6.1,3155,5.5,2891,5.0,5002,8.7,7255,12.6,2831,4.9
"Canterbury",65620,100.0,545,0.8,28,0.0,3341,5.1,209,0.3,350,0.5,5415,8.3,11063,16.9,2546,3.9,4282,6.5,1734,2.6,1725,2.6,778,1.2,3810,5.8,2569,3.9,3725,5.7,10669,16.3,9546,14.5,3285,5.0
"Dartford",49611,100.0,106,0.2,44,0.1,3202,6.5,252,0.5,518,1.0,5337,10.8,8721,17.6,3285,6.6,2084,4.2,1747,3.5,2922,5.9,733,1.5,3005,6.1,2515,5.1,3041,6.1,4041,8.1,5852,11.8,2206,4.4
"Dover",50396,100.0,641,1.3,42,0.1,2951,5.9,211,0.4,328,0.7,4241,8.4,7241,14.4,5014,9.9,2718,5.4,826,1.6,1209,2.4,504,1.0,2714,5.4,2565,5.1,4444,8.8,5202,10.3,7179,14.2,2366,4.7
"Gravesham",47639,100.0,392,0.8,52,0.1,3568,7.5,301,0.6,389,0.8,5689,11.9,8840,18.6,3147,6.6,2229,4.7,1316,2.8,2237,4.7,675,1.4,2468,5.2,2586,5.4,2647,5.6,4253,8.9,4773,10.0,2077,4.4
"Maidstone",78090,100.0,1066,1.4,61,0.1,5163,6.6,456,0.6,688,0.9,8308,10.6,12733,16.3,3798,4.9,3600,4.6,2579,3.3,3775,4.8,1073,1.4,4890,6.3,4178,5.4,6204,7.9,6951,8.9,9039,11.6,3528,4.5
"Sevenoaks",56015,100.0,435,0.8,93,0.2,3160,5.6,214,0.4,316,0.6,5261,9.4,8203,14.6,2343,4.2,2111,3.8,2617,4.7,4899,8.7,1116,2.0,5597,10.0,2868,5.1,2889,5.2,5523,9.9,5371,9.6,2999,5.4
"Shepway",48280,100.0,496,1.0,39,0.1,2497,5.2,857,1.8,429,0.9,4671,9.7,7431,15.4,3102,6.4,2886,6.0,964,2.0,2357,4.9,529,1.1,2134,4.4,2946,6.1,3674,7.6,4311,8.9,6818,14.1,2139,4.4
"Swale",62810,100.0,932,1.5,45,0.1,6495,10.3,305,0.5,666,1.1,6677,10.6,10356,16.5,3939,6.3,2795,4.4,1409,2.2,2220,3.5,873,1.4,3094,4.9,3063,4.9,4468,7.1,5960,9.5,6826,10.9,2687,4.3
"Thanet",55200,100.0,469,0.8,19,0.0,4120,7.5,343,0.6,356,0.6,5210,9.4,8950,16.2,2738,5.0,3200,5.8,1050,1.9,1537,2.8,731,1.3,2734,5.0,2517,4.6,2870,5.2,6533,11.8,9059,16.4,2764,5.0
"Tonbridge and Malling",59993,100.0,402,0.7,77,0.1,4070,6.8,247,0.4,635,1.1,5685,9.5,9643,16.1,2850,4.8,2408,4.0,2367,3.9,4286,7.1,871,1.5,4581,7.6,3137,5.2,3384,5.6,6153,10.3,6288,10.5,2909,4.8
"Tunbridge Wells",57234,100.0,716,1.3,63,0.1,2796,4.9,189,0.3,250,0.4,4452,7.8,8934,15.6,2002,3.5,2644,4.6,2953,5.2,5345,9.3,922,1.6,5460,9.5,2882,5.0,2146,3.7,5765,10.1,6790,11.9,2925,5.1
"Cherwell",74829,100.0,867,1.2,34,0.0,8621,11.5,262,0.4,473,0.6,5519,7.4,13217,17.7,3380,4.5,3253,4.3,3655,4.9,1827,2.4,808,1.1,4971,6.6,3401,4.5,5022,6.7,7836,10.5,7864,10.5,3819,5.1
"Oxford",69807,100.0,108,0.2,22,0.0,3534,5.1,321,0.5,206,0.3,2826,4.0,7722,11.1,2241,3.2,4767,6.8,4595,6.6,872,1.2,643,0.9,6544,9.4,2450,3.5,2222,3.2,16452,23.6,10536,15.1,3746,5.4
"South Oxfordshire",70087,100.0,723,1.0,119,0.2,5044,7.2,484,0.7,700,1.0,5271,7.5,10157,14.5,2544,3.6,3101,4.4,5025,7.2,1961,2.8,985,1.4,7916,11.3,3289,4.7,4458,6.4,7580,10.8,7103,10.1,3627,5.2
"Vale of White Horse",63181,100.0,601,1.0,111,0.2,4803,7.6,457,0.7,484,0.8,4923,7.8,8635,13.7,1974,3.1,2520,4.0,4016,6.4,1356,2.1,878,1.4,6973,11.0,2628,4.2,4834,7.7,8667,13.7,6178,9.8,3143,5.0
"West Oxfordshire",56515,100.0,750,1.3,89,0.2,5130,9.1,199,0.4,369,0.7,4565,8.1,8493,15.0,1825,3.2,2559,4.5,2970,5.3,1263,2.2,893,1.6,4497,8.0,2308,4.1,5186,9.2,6644,11.8,5689,10.1,3086,5.5
"Elmbridge",64730,100.0,137,0.2,324,0.5,3256,5.0,255,0.4,242,0.4,3825,5.9,8248,12.7,2750,4.2,2437,3.8,5541,8.6,4975,7.7,1391,2.1,8770,13.5,3650,5.6,2775,4.3,6292,9.7,5712,8.8,4150,6.4
"Epsom and Ewell",38005,100.0,39,0.1,93,0.2,1423,3.7,135,0.4,174,0.5,3168,8.3,5154,13.6,1641,4.3,1381,3.6,2259,5.9,2684,7.1,661,1.7,3931,10.3,1883,5.0,2295,6.0,3836,10.1,5042,13.3,2206,5.8
"Guildford",70021,100.0,219,0.3,220,0.3,3820,5.5,243,0.3,373,0.5,4901,7.0,9818,14.0,2521,3.6,3432,4.9,5341,7.6,3560,5.1,1078,1.5,7526,10.7,3414,4.9,4179,6.0,7964,11.4,7404,10.6,4008,5.7
"Mole Valley",42422,100.0,322,0.8,177,0.4,2102,5.0,134,0.3,204,0.5,3493,8.2,5379,12.7,1611,3.8,1806,4.3,2565,6.0,2801,6.6,909,2.1,4935,11.6,2497,5.9,2049,4.8,4463,10.5,4380,10.3,2595,6.1
"Reigate and Banstead",71236,100.0,173,0.2,135,0.2,3270,4.6,345,0.5,399,0.6,5915,8.3,9487,13.3,4481,6.3,3031,4.3,3771,5.3,6325,8.9,1209,1.7,6282,8.8,4209,5.9,3792,5.3,6325,8.9,8743,12.3,3344,4.7
"Runnymede",40651,100.0,109,0.3,160,0.4,2426,6.0,259,0.6,199,0.5,2915,7.2,6344,15.6,3518,8.7,2135,5.3,2765,6.8,1358,3.3,586,1.4,3313,8.1,2223,5.5,1905,4.7,3788,9.3,4182,10.3,2466,6.1
"Spelthorne",50161,100.0,52,0.1,181,0.4,2661,5.3,383,0.8,351,0.7,3730,7.4,7347,14.6,7520,15.0,2193,4.4,3414,6.8,1806,3.6,718,1.4,3167,6.3,2924,5.8,2843,5.7,3967,7.9,4291,8.6,2613,5.2
"Surrey Heath",44968,100.0,76,0.2,125,0.3,3056,6.8,190,0.4,282,0.6,3225,7.2,6561,14.6,2734,6.1,1960,4.4,3817,8.5,1893,4.2,706,1.6,3792,8.4,2524,5.6,3013,6.7,3766,8.4,4856,10.8,2392,5.3
"Tandridge",41813,100.0,257,0.6,43,0.1,1912,4.6,149,0.4,256,0.6,4043,9.7,5602,13.4,1965,4.7,1488,3.6,2085,5.0,3477,8.3,744,1.8,3974,9.5,2251,5.4,2459,5.9,4166,10.0,4676,11.2,2266,5.4
"Waverley",59178,100.0,340,0.6,141,0.2,3072,5.2,206,0.3,222,0.4,4376,7.4,8105,13.7,1917,3.2,2508,4.2,4438,7.5,3241,5.5,1008,1.7,6998,11.8,3131,5.3,2639,4.5,7212,12.2,6058,10.2,3566,6.0
"Woking",51341,100.0,90,0.2,191,0.4,3038,5.9,180,0.4,272,0.5,3275,6.4,7593,14.8,2787,5.4,2089,4.1,4217,8.2,2970,5.8,688,1.3,5509,10.7,2937,5.7,2714,5.3,4222,8.2,5321,10.4,3248,6.3
"Adur",29356,100.0,70,0.2,23,0.1,2417,8.2,447,1.5,292,1.0,2877,9.8,4966,16.9,1509,5.1,1186,4.0,891,3.0,1613,5.5,461,1.6,1562,5.3,1332,4.5,1393,4.7,2687,9.2,4171,14.2,1459,5.0
"Arun",67443,100.0,1241,1.8,55,0.1,5896,8.7,292,0.4,692,1.0,5806,8.6,11500,17.1,3005,4.5,4339,6.4,1899,2.8,2174,3.2,1052,1.6,3339,5.0,3509,5.2,3618,5.4,5604,8.3,9711,14.4,3711,5.5
"Chichester",53285,100.0,1141,2.1,49,0.1,3830,7.2,148,0.3,248,0.5,4189,7.9,8098,15.2,1774,3.3,3424,6.4,2098,3.9,1633,3.1,1085,2.0,3869,7.3,2738,5.1,3262,6.1,5452,10.2,7101,13.3,3146,5.9
"Crawley",55466,100.0,50,0.1,92,0.2,3625,6.5,507,0.9,271,0.5,3452,6.2,9421,17.0,8601,15.5,4453,8.0,2099,3.8,2803,5.1,459,0.8,2471,4.5,4344,7.8,2438,4.4,3337,6.0,4996,9.0,2047,3.7
"Horsham",66299,100.0,799,1.2,94,0.1,5031,7.6,314,0.5,394,0.6,5081,7.7,10195,15.4,4047,6.1,2762,4.2,3222,4.9,4074,6.1,1194,1.8,5506,8.3,3738,5.6,2948,4.4,6390,9.6,6742,10.2,3768,5.7
"Mid Sussex",72229,100.0,459,0.6,85,0.1,4124,5.7,390,0.5,377,0.5,5509,7.6,9702,13.4,4673,6.5,3173,4.4,3593,5.0,5583,7.7,1012,1.4,5588,7.7,4108,5.7,3222,4.5,7269,10.1,9393,13.0,3969,5.5
"Worthing",50611,100.0,165,0.3,26,0.1,4266,8.4,611,1.2,741,1.5,3699,7.3,7972,15.8,2100,4.1,2238,4.4,1840,3.6,2831,5.6,747,1.5,2807,5.5,2387,4.7,3115,6.2,4086,8.1,8468,16.7,2512,5.0
"Bath and North East Somerset",84858,100.0,558,0.7,112,0.1,6024,7.1,334,0.4,792,0.9,6210,7.3,12476,14.7,2684,3.2,5620,6.6,4399,5.2,2868,3.4,1270,1.5,6627,7.8,3315,3.9,5555,6.5,10783,12.7,10928,12.9,4303,5.1
"Bournemouth",89186,100.0,138,0.2,72,0.1,6151,6.9,211,0.2,415,0.5,6530,7.3,15229,17.1,3763,4.2,7285,8.2,3190,3.6,7813,8.8,1603,1.8,4513,5.1,3936,4.4,3359,3.8,7914,8.9,12271,13.8,4793,5.4
"Bristol, City of",209995,100.0,208,0.1,142,0.1,13609,6.5,808,0.4,1409,0.7,13864,6.6,30464,14.5,9077,4.3,12308,5.9,11087,5.3,12658,6.0,2691,1.3,17623,8.4,10993,5.2,11427,5.4,22801,10.9,29324,14.0,9502,4.5
"Cornwall",244527,100.0,7351,3.0,1598,0.7,19279,7.9,868,0.4,1862,0.8,21957,9.0,41126,16.8,9146,3.7,22376,9.2,4244,1.7,3728,1.5,3462,1.4,11558,4.7,10635,4.3,15518,6.3,23774,9.7,33071,13.5,12974,5.3
"Isles of Scilly",1311,100.0,75,5.7,5,0.4,40,3.1,6,0.5,11,0.8,95,7.2,134,10.2,131,10.0,313,23.9,7,0.5,13,1.0,28,2.1,22,1.7,78,5.9,78,5.9,107,8.2,105,8.0,63,4.8
"North Somerset",97563,100.0,890,0.9,164,0.2,7998,8.2,432,0.4,1049,1.1,7585,7.8,16703,17.1,4686,4.8,4857,5.0,3585,3.7,5085,5.2,1562,1.6,6443,6.6,4340,4.4,6126,6.3,8663,8.9,12883,13.2,4512,4.6
"Plymouth",117466,100.0,222,0.2,188,0.2,11493,9.8,877,0.7,642,0.5,8733,7.4,18796,16.0,6354,5.4,7066,6.0,2756,2.3,2342,2.0,1604,1.4,4561,3.9,4947,4.2,12772,10.9,11951,10.2,16819,14.3,5343,4.5
"Poole",71709,100.0,128,0.2,105,0.1,8056,11.2,242,0.3,578,0.8,6105,8.5,12080,16.8,2901,4.0,3579,5.0,2175,3.0,4653,6.5,1276,1.8,3647,5.1,3151,4.4,3758,5.2,5983,8.3,9708,13.5,3584,5.0
"South Gloucestershire",136531,100.0,759,0.6,225,0.2,13336,9.8,912,0.7,983,0.7,11797,8.6,22296,16.3,6642,4.9,5591,4.1,5819,4.3,8753,6.4,1632,1.2,7876,5.8,5972,4.4,10383,7.6,11461,8.4,16784,12.3,5310,3.9
"Swindon",109499,100.0,272,0.2,79,0.1,12360,11.3,961,0.9,1250,1.1,8117,7.4,19787,18.1,7119,6.5,5344,4.9,5357,4.9,8231,7.5,1029,0.9,5848,5.3,6379,5.8,5001,4.6,8007,7.3,9872,9.0,4486,4.1
"Torbay",56912,100.0,331,0.6,61,0.1,3764,6.6,261,0.5,405,0.7,5116,9.0,10135,17.8,2216,3.9,5837,10.3,964,1.7,1133,2.0,954,1.7,2390,4.2,2257,4.0,3034,5.3,5024,8.8,9874,17.3,3156,5.5
"Wiltshire",239216,100.0,4105,1.7,245,0.1,21693,9.1,951,0.4,1685,0.7,17274,7.2,35563,14.9,8512,3.6,12266,5.1,10236,4.3,7601,3.2,3401,1.4,16091,6.7,10678,4.5,29723,12.4,22352,9.3,25598,10.7,11242,4.7
"East Devon",59908,100.0,1836,3.1,73,0.1,3799,6.3,508,0.8,514,0.9,5107,8.5,9766,16.3,2362,3.9,4342,7.2,1470,2.5,1410,2.4,876,1.5,3712,6.2,2527,4.2,4523,7.5,5613,9.4,8228,13.7,3242,5.4
"Exeter",57139,100.0,189,0.3,48,0.1,2761,4.8,844,1.5,625,1.1,3961,6.9,9590,16.8,2725,4.8,4031,7.1,1699,3.0,1434,2.5,859,1.5,3772,6.6,2488,4.4,3783,6.6,6847,12.0,8671,15.2,2812,4.9
"Mid Devon",38508,100.0,2338,6.1,48,0.1,3957,10.3,269,0.7,320,0.8,3451,9.0,6445,16.7,1814,4.7,1631,4.2,772,2.0,740,1.9,520,1.4,2365,6.1,1492,3.9,2012,5.2,3768,9.8,4748,12.3,1818,4.7
"North Devon",44754,100.0,1939,4.3,50,0.1,4863,10.9,160,0.4,316,0.7,3813,8.5,7669,17.1,1290,2.9,4375,9.8,644,1.4,623,1.4,585,1.3,1935,4.3,1983,4.4,2510,5.6,4032,9.0,5850,13.1,2117,4.7
"South Hams",39999,100.0,1395,3.5,117,0.3,2904,7.3,155,0.4,214,0.5,3469,8.7,5876,14.7,1310,3.3,3051,7.6,1028,2.6,679,1.7,754,1.9,2582,6.5,1698,4.2,2734,6.8,4587,11.5,5317,13.3,2129,5.3
"Teignbridge",58962,100.0,1017,1.7,275,0.5,3987,6.8,368,0.6,506,0.9,5379,9.1,10246,17.4,2303,3.9,3930,6.7,1351,2.3,1265,2.1,966,1.6,3624,6.1,2463,4.2,3624,6.1,5860,9.9,8802,14.9,2996,5.1
"Torridge",29402,100.0,2190,7.4,43,0.1,3363,11.4,88,0.3,198,0.7,2927,10.0,4896,16.7,1042,3.5,1924,6.5,418,1.4,396,1.3,381,1.3,1390,4.7,1109,3.8,1126,3.8,2630,8.9,3912,13.3,1369,4.7
"West Devon",25241,100.0,1462,5.8,68,0.3,2102,8.3,99,0.4,227,0.9,2053,8.1,3684,14.6,938,3.7,1979,7.8,577,2.3,406,1.6,380,1.5,1432,5.7,925,3.7,1557,6.2,2649,10.5,3463,13.7,1240,4.9
"Christchurch",20301,100.0,94,0.5,14,0.1,1618,8.0,50,0.2,118,0.6,1866,9.2,3469,17.1,865,4.3,1316,6.5,693,3.4,1125,5.5,463,2.3,1142,5.6,793,3.9,920,4.5,1938,9.5,2762,13.6,1055,5.2
"East Dorset",40050,100.0,504,1.3,41,0.1,3820,9.5,145,0.4,275,0.7,3818,9.5,6763,16.9,1436,3.6,1717,4.3,1323,3.3,2205,5.5,759,1.9,2532,6.3,1760,4.4,2096,5.2,3971,9.9,4766,11.9,2119,5.3
"North Dorset",33432,100.0,1280,3.8,47,0.1,3504,10.5,87,0.3,245,0.7,3172,9.5,4942,14.8,1082,3.2,1379,4.1,750,2.2,664,2.0,555,1.7,1740,5.2,1330,4.0,3383,10.1,3974,11.9,3378,10.1,1920,5.7
"Purbeck",21419,100.0,423,2.0,139,0.6,1904,8.9,112,0.5,205,1.0,1838,8.6,2929,13.7,718,3.4,1780,8.3,523,2.4,643,3.0,339,1.6,1098,5.1,886,4.1,2027,9.5,1936,9.0,2583,12.1,1336,6.2
"West Dorset",45714,100.0,1863,4.1,82,0.2,3999,8.7,101,0.2,329,0.7,3810,8.3,6792,14.9,1228,2.7,3148,6.9,982,2.1,708,1.5,786,1.7,2565,5.6,1934,4.2,3680,8.1,4632,10.1,6652,14.6,2423,5.3
"Weymouth and Portland",29987,100.0,147,0.5,84,0.3,2621,8.7,80,0.3,262,0.9,2459,8.2,4653,15.5,1224,4.1,2708,9.0,540,1.8,385,1.3,444,1.5,1246,4.2,1091,3.6,3669,12.2,2632,8.8,4255,14.2,1487,5.0
"Cheltenham",59183,100.0,132,0.2,102,0.2,5674,9.6,482,0.8,222,0.4,3510,5.9,8908,15.1,1434,2.4,3643,6.2,2908,4.9,3255,5.5,716,1.2,4136,7.0,2828,4.8,4958,8.4,6562,11.1,7082,12.0,2631,4.4
"Cotswold",41529,100.0,1316,3.2,142,0.3,3445,8.3,281,0.7,271,0.7,3335,8.0,6550,15.8,1272,3.1,3028,7.3,1836,4.4,1462,3.5,807,1.9,3531,8.5,1968,4.7,1854,4.5,4024,9.7,3850,9.3,2557,6.2
"Forest of Dean",39068,100.0,986,2.5,70,0.2,5275,13.5,241,0.6,364,0.9,3721,9.5,6008,15.4,1578,4.0,1740,4.5,1069,2.7,1151,2.9,514,1.3,2031,5.2,1763,4.5,2289,5.9,3640,9.3,4808,12.3,1820,4.7
"Gloucester",61374,100.0,143,0.2,69,0.1,6894,11.2,826,1.3,422,0.7,4796,7.8,10513,17.1,2877,4.7,2924,4.8,1771,2.9,3437,5.6,654,1.1,2623,4.3,2752,4.5,4390,7.2,4915,8.0,9021,14.7,2347,3.8
"Stroud",57342,100.0,768,1.3,137,0.2,7227,12.6,880,1.5,594,1.0,4903,8.6,8076,14.1,1793,3.1,2597,4.5,2304,4.0,1884,3.3,727,1.3,4290,7.5,2397,4.2,2930,5.1,6111,10.7,7046,12.3,2678,4.7
"Tewkesbury",41544,100.0,611,1.5,56,0.1,5132,12.4,385,0.9,280,0.7,2988,7.2,6117,14.7,1333,3.2,2132,5.1,1465,3.5,2113,5.1,522,1.3,2656,6.4,1827,4.4,3640,8.8,3866,9.3,4582,11.0,1839,4.4
"Mendip",53845,100.0,1444,2.7,428,0.8,5511,10.2,116,0.2,445,0.8,4734,8.8,9297,17.3,2089,3.9,3372,6.3,1876,3.5,1068,2.0,702,1.3,3147,5.8,2183,4.1,2559,4.8,6214,11.5,5871,10.9,2789,5.2
"Sedgemoor",54540,100.0,1053,1.9,87,0.2,6058,11.1,824,1.5,660,1.2,5010,9.2,10502,19.3,2407,4.4,3370,6.2,1109,2.0,1100,2.0,585,1.1,2695,4.9,2250,4.1,2788,5.1,5135,9.4,6538,12.0,2369,4.3
"South Somerset",78771,100.0,2114,2.7,77,0.1,12543,15.9,210,0.3,467,0.6,6460,8.2,13607,17.3,2725,3.5,3760,4.8,1762,2.2,1128,1.4,961,1.2,3758,4.8,3118,4.0,5739,7.3,7038,8.9,9565,12.1,3739,4.7
"Taunton Deane",54244,100.0,947,1.7,37,0.1,4046,7.5,367,0.7,515,0.9,4012,7.4,9313,17.2,1770,3.3,2556,4.7,1224,2.3,1233,2.3,636,1.2,3232,6.0,2264,4.2,4762,8.8,5401,10.0,9520,17.6,2409,4.4
"West Somerset",15355,100.0,862,5.6,17,0.1,966,6.3,164,1.1,126,0.8,1146,7.5,2349,15.3,455,3.0,2223,14.5,256,1.7,229,1.5,243,1.6,663,4.3,723,4.7,624,4.1,1371,8.9,1989,13.0,949,6.2
"Anglesey",30431,100.0,932,3.1,62,0.2,2335,7.7,896,2.9,278,0.9,2687,8.8,4380,14.4,1597,5.2,2086,6.9,467,1.5,336,1.1,333,1.1,1091,3.6,978,3.2,2754,9.0,3401,11.2,4553,15.0,1265,4.2
"Gwynedd",53961,100.0,1868,3.5,250,0.5,3150,5.8,581,1.1,584,1.1,5185,9.6,7812,14.5,1833,3.4,5300,9.8,1063,2.0,612,1.1,623,1.2,1977,3.7,1882,3.5,3465,6.4,6818,12.6,7922,14.7,3036,5.6
"Conwy",50093,100.0,1041,2.1,132,0.3,2453,4.9,297,0.6,380,0.8,4105,8.2,8505,17.0,1849,3.7,4945,9.9,949,1.9,928,1.9,729,1.5,2315,4.6,1866,3.7,3560,7.1,5132,10.2,8368,16.7,2539,5.1
"Denbighshire",41156,100.0,962,2.3,69,0.2,3737,9.1,239,0.6,288,0.7,3482,8.5,5936,14.4,1592,3.9,2849,6.9,714,1.7,751,1.8,580,1.4,1694,4.1,1520,3.7,2733,6.6,4104,10.0,7850,19.1,2056,5.0
"Flintshire",74049,100.0,685,0.9,177,0.2,14013,18.9,496,0.7,775,1.0,5675,7.7,12053,16.3,3015,4.1,3849,5.2,1424,1.9,2949,4.0,669,0.9,3368,4.5,3258,4.4,4235,5.7,6374,8.6,8206,11.1,2828,3.8
"Wrexham",63614,100.0,829,1.3,67,0.1,11643,18.3,543,0.9,586,0.9,4379,6.9,9647,15.2,2725,4.3,3108,4.9,1163,1.8,1779,2.8,543,0.9,2475,3.9,2802,4.4,3843,6.0,5637,8.9,9264,14.6,2581,4.1
"Powys",63653,100.0,5517,8.7,265,0.4,5814,9.1,271,0.4,575,0.9,5942,9.3,9593,15.1,2203,3.5,4088,6.4,1132,1.8,911,1.4,753,1.2,2825,4.4,2300,3.6,4305,6.8,5871,9.2,8266,13.0,3022,4.7
"Ceredigion",32446,100.0,2316,7.1,56,0.2,1695,5.2,135,0.4,229,0.7,2761,8.5,4795,14.8,996,3.1,2690,8.3,550,1.7,379,1.2,370,1.1,1440,4.4,968,3.0,1831,5.6,4998,15.4,4315,13.3,1922,5.9
"Pembrokeshire",54217,100.0,2535,4.7,248,0.5,4116,7.6,406,0.7,389,0.7,5805,10.7,8513,15.7,2194,4.0,4702,8.7,666,1.2,685,1.3,634,1.2,2235,4.1,1959,3.6,4010,7.4,5037,9.3,7289,13.4,2794,5.2
"Carmarthenshire",80680,100.0,3338,4.1,218,0.3,7021,8.7,373,0.5,691,0.9,7223,9.0,13411,16.6,3096,3.8,4304,5.3,1357,1.7,1567,1.9,888,1.1,2915,3.6,2646,3.3,7311,9.1,8447,10.5,12524,15.5,3350,4.2
"Swansea",102793,100.0,401,0.4,142,0.1,7389,7.2,404,0.4,785,0.8,7360,7.2,17486,17.0,4158,4.0,6873,6.7,3045,3.0,3539,3.4,1370,1.3,4269,4.2,4142,4.0,9736,9.5,11338,11.0,15621,15.2,4735,4.6
"Neath Port Talbot",58980,100.0,207,0.4,420,0.7,8534,14.5,332,0.6,589,1.0,5088,8.6,8652,14.7,2435,4.1,2783,4.7,1074,1.8,1825,3.1,706,1.2,1872,3.2,2378,4.0,5768,9.8,5098,8.6,8672,14.7,2547,4.3
"Bridgend",61259,100.0,250,0.4,158,0.3,8176,13.3,386,0.6,698,1.1,5138,8.4,9833,16.1,2359,3.9,3382,5.5,1317,2.1,1924,3.1,629,1.0,2155,3.5,2463,4.0,5463,8.9,5466,8.9,8900,14.5,2562,4.2
"The Vale of Glamorgan",58978,100.0,402,0.7,80,0.1,4145,7.0,676,1.1,296,0.5,4424,7.5,8630,14.6,2811,4.8,3058,5.2,1575,2.7,2528,4.3,829,1.4,3477,5.9,2487,4.2,5747,9.7,6442,10.9,8567,14.5,2804,4.8
"Cardiff",159614,100.0,132,0.1,75,0.0,8651,5.4,1997,1.3,1122,0.7,9274,5.8,23982,15.0,5419,3.4,11512,7.2,6470,4.1,8471,5.3,2301,1.4,10270,6.4,6766,4.2,12508,7.8,18969,11.9,22816,14.3,8879,5.6
"Rhondda, Cynon, Taff",99327,100.0,223,0.2,335,0.3,12477,12.6,856,0.9,1096,1.1,10317,10.4,14910,15.0,3877,3.9,4968,5.0,1750,1.8,2957,3.0,1114,1.1,3313,3.3,4058,4.1,7613,7.7,10040,10.1,15261,15.4,4162,4.2
"Merthyr Tydfil",25099,100.0,38,0.2,94,0.4,3435,13.7,149,0.6,311,1.2,2314,9.2,3966,15.8,882,3.5,1221,4.9,567,2.3,523,2.1,304,1.2,715,2.8,1176,4.7,2163,8.6,2083,8.3,4211,16.8,947,3.8
"Caerphilly",77488,100.0,199,0.3,140,0.2,12546,16.2,659,0.9,1028,1.3,6636,8.6,11699,15.1,3024,3.9,3399,4.4,1476,1.9,2716,3.5,837,1.1,2928,3.8,3474,4.5,7086,9.1,7073,9.1,9629,12.4,2939,3.8
"Blaenau Gwent",28291,100.0,84,0.3,76,0.3,5675,20.1,165,0.6,421,1.5,2243,7.9,4290,15.2,1090,3.9,1301,4.6,294,1.0,470,1.7,325,1.1,567,2.0,1106,3.9,1992,7.0,2231,7.9,4904,17.3,1057,3.7
"Torfaen",40261,100.0,115,0.3,30,0.1,5840,14.5,299,0.7,355,0.9,3536,8.8,6388,15.9,1631,4.1,1842,4.6,743,1.8,1203,3.0,855,2.1,1271,3.2,1617,4.0,3923,9.7,3571,8.9,5446,13.5,1596,4.0
"Monmouthshire",42817,100.0,1216,2.8,40,0.1,4041,9.4,241,0.6,343,0.8,3249,7.6,6916,16.2,1512,3.5,2410,5.6,1356,3.2,1359,3.2,664,1.6,2695,6.3,1615,3.8,3138,7.3,4409,10.3,5636,13.2,1977,4.6
"Newport",64408,100.0,207,0.3,42,0.1,6865,10.7,502,0.8,583,0.9,4470,6.9,11157,17.3,2924,4.5,4237,6.6,1852,2.9,3218,5.0,984,1.5,2749,4.3,2905,4.5,4980,7.7,5325,8.3,9006,14.0,2402,3.7
