district,total,%,No qualifications,%,Highest level of qualification: Level 1 qualifications,%,Highest level of qualification: Level 2 qualifications,%,Highest level of qualification: Apprenticeship,%,Highest level of qualification: Level 3 qualifications,%,Highest level of qualification: Level 4 qualifications and above,%,Highest level of qualification: Other qualifications,%,Schoolchildren and full-time students: Age 16 to 17,%,Schoolchildren and full-time students: Age 18 and over,%,Full-time students: Age 18 to 74: Economically active: In employment,%,Full-time students: Age 18 to 74: Economically active: Unemployed,%,Full-time students: Age 18 to 74: Economically inactive,%
,,,,,,,,,,,,,,,,,,,,,,,,,,
Darlington,85357,100,21179,24.8,11445,13.4,13568,15.9,4350,5.1,10883,12.7,20244,23.7,3688,4.3,2337,2.7,2247,2.6,992,1.2,181,0.2,1065,1.2
County Durham,425258,100,116948,27.5,57032,13.4,67905,16,17694,4.2,57957,13.6,91249,21.5,16473,3.9,10456,2.5,23152,5.4,6408,1.5,1249,0.3,15413,3.6
Hartlepool,74228,100,22758,30.7,10057,13.5,11992,16.2,4076,5.5,9276,12.5,13063,17.6,3006,4,2342,3.2,2376,3.2,864,1.2,289,0.4,1209,1.6
Middlesbrough,110409,100,33002,29.9,15053,13.6,16891,15.3,4874,4.4,14542,13.2,20472,18.5,5575,5,3246,2.9,8375,7.6,2528,2.3,1044,0.9,4784,4.3
Northumberland,262162,100,62584,23.9,35791,13.7,43363,16.5,11823,4.5,31650,12.1,67024,25.6,9927,3.8,6585,2.5,6371,2.4,2749,1,492,0.2,3081,1.2
Redcar and Cleveland,111011,100,31550,28.4,14947,13.5,18225,16.4,6366,5.7,14572,13.1,21013,18.9,4338,3.9,3097,2.8,3324,3,1305,1.2,328,0.3,1678,1.5
Stockton-on-Tees,154503,100,36728,23.8,21465,13.9,26049,16.9,8085,5.2,20952,13.6,35250,22.8,5974,3.9,4488,2.9,6752,4.4,2379,1.5,592,0.4,3762,2.4
Gateshead,164716,100,46192,28,23592,14.3,25601,15.5,8563,5.2,18611,11.3,35409,21.5,6748,4.1,4176,2.5,6373,3.9,2340,1.4,489,0.3,3505,2.1
Newcastle upon Tyne,232203,100,54885,23.6,26240,11.3,29055,12.5,7928,3.4,39659,17.1,63073,27.2,11363,4.9,5360,2.3,37730,16.2,9736,4.2,3358,1.4,24572,10.6
North Tyneside,165088,100,39157,23.7,23183,14,26536,16.1,8685,5.3,19623,11.9,41734,25.3,6170,3.7,4028,2.4,5196,3.1,2409,1.5,419,0.3,2345,1.4
South Tyneside,122200,100,34189,28,17799,14.6,19806,16.2,7473,6.1,14679,12,23514,19.2,4740,3.9,3172,2.6,4501,3.7,1878,1.5,486,0.4,2119,1.7
Sunderland,227314,100,66036,29.1,35248,15.5,36935,16.2,11411,5,27289,12,41337,18.2,9058,4,5704,2.5,11658,5.1,4087,1.8,1316,0.6,6232,2.7
Blackburn with Darwen,113122,100,32485,28.7,16211,14.3,17221,15.2,4428,3.9,12923,11.4,22416,19.8,7438,6.6,3834,3.4,5306,4.7,1874,1.7,588,0.5,2822,2.5
Blackpool,116699,100,36559,31.3,18129,15.5,19993,17.1,4886,4.2,13546,11.6,18098,15.5,5488,4.7,2942,2.5,3903,3.3,1733,1.5,429,0.4,1723,1.5
Cheshire East,304374,100,59806,19.6,36823,12.1,48576,16,12395,4.1,37854,12.4,97248,32,11672,3.8,8284,2.7,10298,3.4,4154,1.4,769,0.3,5332,1.8
Cheshire West and Chester,271473,100,56940,21,36010,13.3,42655,15.7,10727,4,35042,12.9,79712,29.4,10387,3.8,7048,2.6,11532,4.2,4697,1.7,943,0.3,5853,2.2
Halton,100819,100,27126,26.9,16975,16.8,18702,18.6,3839,3.8,12618,12.5,17792,17.6,3767,3.7,2920,2.9,3327,3.3,1351,1.3,330,0.3,1624,1.6
Warrington,163477,100,33815,20.7,23846,14.6,27000,16.5,6699,4.1,20593,12.6,44870,27.4,6654,4.1,4638,2.8,5194,3.2,2447,1.5,424,0.3,2294,1.4
Allerdale,80155,100,21636,27,10960,13.7,12969,16.2,4020,5,9236,11.5,18254,22.8,3080,3.8,2088,2.6,1496,1.9,689,0.9,117,0.1,677,0.8
Barrow-in-Furness,56796,100,14422,25.4,7710,13.6,8912,15.7,5229,9.2,7791,13.7,10785,19,1947,3.4,1543,2.7,1191,2.1,532,0.9,122,0.2,533,0.9
Carlisle,89042,100,22164,24.9,13199,14.8,14560,16.4,4103,4.6,11177,12.6,19766,22.2,4073,4.6,2020,2.3,3284,3.7,1498,1.7,306,0.3,1472,1.7
Copeland,58613,100,15800,27,8335,14.2,9178,15.7,3439,5.9,7289,12.4,12307,21,2265,3.9,1444,2.5,1022,1.7,410,0.7,81,0.1,517,0.9
Eden,43976,100,9968,22.7,5914,13.4,7253,16.5,1637,3.7,5286,12,12059,27.4,1859,4.2,998,2.3,1105,2.5,559,1.3,78,0.2,465,1.1
South Lakeland,87777,100,16583,18.9,10532,12,13516,15.4,4049,4.6,10377,11.8,29277,33.4,3443,3.9,2312,2.6,1807,2.1,905,1,79,0.1,813,0.9
Bolton,219710,100,57888,26.3,31152,14.2,34731,15.8,9396,4.3,26408,12,48688,22.2,11447,5.2,6647,3,9413,4.3,3533,1.6,982,0.4,4863,2.2
Bury,147935,100,33377,22.6,20823,14.1,25408,17.2,5235,3.5,18217,12.3,37989,25.7,6886,4.7,4293,2.9,5173,3.5,2006,1.4,441,0.3,2697,1.8
Manchester,405709,100,93765,23.1,44981,11.1,48749,12,6902,1.7,65100,16,117243,28.9,28969,7.1,9517,2.3,70168,17.3,18735,4.6,6556,1.6,44795,11
Oldham,174438,100,51620,29.6,25521,14.6,27578,15.8,7325,4.2,20422,11.7,32458,18.6,9514,5.5,5436,3.1,7072,4.1,2468,1.4,868,0.5,3714,2.1
Rochdale,166916,100,47906,28.7,24521,14.7,27351,16.4,6122,3.7,19597,11.7,32371,19.4,9048,5.4,5266,3.2,6594,4,2213,1.3,728,0.4,3627,2.2
Salford,188780,100,51175,27.1,26189,13.9,29161,15.4,6337,3.4,23870,12.6,42103,22.3,9945,5.3,4792,2.5,13014,6.9,5070,2.7,1616,0.9,6295,3.3
Stockport,229822,100,47430,20.6,30962,13.5,36785,16,9276,4,27896,12.1,68506,29.8,8967,3.9,6321,2.8,7642,3.3,3162,1.4,543,0.2,3901,1.7
Tameside,176616,100,49547,28.1,28347,16.1,30600,17.3,7886,4.5,21371,12.1,30994,17.5,7871,4.5,4962,2.8,5650,3.2,2168,1.2,545,0.3,2910,1.6
Trafford,180754,100,33573,18.6,22490,12.4,28590,15.8,6165,3.4,21078,11.7,61051,33.8,7807,4.3,5342,3,6617,3.7,2885,1.6,537,0.3,3174,1.8
Wigan,257825,100,70486,27.3,39403,15.3,44174,17.1,12135,4.7,31368,12.2,50374,19.5,9885,3.8,6751,2.6,7487,2.9,3480,1.3,675,0.3,3293,1.3
Burnley,69915,100,20512,29.3,10075,14.4,11046,15.8,3251,4.6,8606,12.3,13092,18.7,3333,4.8,1884,2.7,2392,3.4,905,1.3,219,0.3,1261,1.8
Chorley,87532,100,18594,21.2,11760,13.4,14210,16.2,4225,4.8,11052,12.6,24361,27.8,3330,3.8,2204,2.5,2318,2.6,1119,1.3,133,0.2,1056,1.2
Fylde,63757,100,13497,21.2,7638,12,10560,16.6,2678,4.2,7826,12.3,18982,29.8,2576,4,1573,2.5,1630,2.6,823,1.3,118,0.2,679,1.1
Hyndburn,64092,100,17942,28,8868,13.8,10400,16.2,3547,5.5,8043,12.5,12132,18.9,3160,4.9,1880,2.9,2304,3.6,1016,1.6,250,0.4,1030,1.6
Lancaster,115405,100,23804,20.6,13178,11.4,17539,15.2,4231,3.7,20214,17.5,31396,27.2,5043,4.4,2820,2.4,13603,11.8,3738,3.2,840,0.7,9015,7.8
Pendle,71128,100,20031,28.2,9477,13.3,10758,15.1,3404,4.8,8914,12.5,14392,20.2,4152,5.8,1889,2.7,2479,3.5,994,1.4,240,0.3,1236,1.7
Preston,113422,100,26601,23.5,14311,12.6,16410,14.5,4380,3.9,17171,15.1,27930,24.6,6619,5.8,2880,2.5,12055,10.6,4277,3.8,1451,1.3,6307,5.6
Ribble Valley,46552,100,8533,18.3,5175,11.1,7126,15.3,2339,5,5841,12.5,15817,34,1721,3.7,1391,3,1282,2.8,665,1.4,50,0.1,561,1.2
Rossendale,54811,100,13130,24,7504,13.7,9068,16.5,2201,4,7146,13,13776,25.1,1986,3.6,1641,3,1673,3.1,677,1.2,151,0.3,840,1.5
South Ribble,89163,100,18136,20.3,12038,13.5,14825,16.6,5165,5.8,12242,13.7,23537,26.4,3220,3.6,2336,2.6,2583,2.9,1342,1.5,176,0.2,1060,1.2
West Lancashire,90712,100,21296,23.5,12150,13.4,14318,15.8,3600,4,12652,13.9,23000,25.4,3696,4.1,2548,2.8,5539,6.1,2195,2.4,580,0.6,2745,3
Wyre,90467,100,23409,25.9,12155,13.4,15052,16.6,4370,4.8,10898,12,20793,23,3790,4.2,2471,2.7,2870,3.2,1345,1.5,211,0.2,1308,1.4
Knowsley,117225,100,40647,34.7,17774,15.2,18907,16.1,4037,3.4,13788,11.8,18120,15.5,3952,3.4,3607,3.1,4591,3.9,1781,1.5,507,0.4,2279,1.9
Liverpool,388315,100,111532,28.7,48659,12.5,55019,14.2,9866,2.5,59067,15.2,87126,22.4,17046,4.4,9621,2.5,46227,11.9,13255,3.4,4678,1.2,28221,7.3
Sefton,226435,100,56921,25.1,31674,14,37522,16.6,8810,3.9,28214,12.5,54490,24.1,8804,3.9,6321,2.8,8286,3.7,3655,1.6,744,0.3,3840,1.7
St. Helens,143372,100,39950,27.9,20522,14.3,23930,16.7,6251,4.4,17408,12.1,29924,20.9,5387,3.8,3954,2.8,4480,3.1,1812,1.3,441,0.3,2207,1.5
Wirral,260498,100,61014,23.4,35570,13.7,44986,17.3,11048,4.2,32688,12.5,65809,25.3,9383,3.6,7426,2.9,8419,3.2,3204,1.2,766,0.3,4388,1.7
East Riding of Yorkshire,278333,100,65035,23.4,36228,13,45111,16.2,14051,5,33672,12.1,72004,25.9,12232,4.4,7250,2.6,8267,3,3483,1.3,696,0.3,4030,1.4
"Kingston upon Hull, City of",208040,100,65851,31.7,30362,14.6,32099,15.4,8371,4,27284,13.1,31687,15.2,12386,6,5315,2.6,14550,7,4166,2,1344,0.6,9008,4.3
North East Lincolnshire,129377,100,38209,29.5,20816,16.1,23003,17.8,6002,4.6,13998,10.8,20970,16.2,6379,4.9,3557,2.7,4173,3.2,1502,1.2,511,0.4,2143,1.7
North Lincolnshire,136105,100,35633,26.2,21498,15.8,22796,16.7,6636,4.9,15917,11.7,26583,19.5,7042,5.2,3650,2.7,3647,2.7,1428,1,355,0.3,1849,1.4
York,166275,100,29863,18,17636,10.6,23070,13.9,7429,4.5,27590,16.6,53875,32.4,6812,4.1,3667,2.2,19002,11.4,5730,3.4,1346,0.8,11900,7.2
Craven,46161,100,9356,20.3,5418,11.7,7263,15.7,2103,4.6,5655,12.3,14663,31.8,1703,3.7,1236,2.7,1048,2.3,523,1.1,72,0.2,449,1
Hambleton,74039,100,14536,19.6,8869,12,11914,16.1,3015,4.1,9015,12.2,23736,32.1,2954,4,1848,2.5,1476,2,736,1,57,0.1,673,0.9
Harrogate,129036,100,22312,17.3,15280,11.8,21135,16.4,4649,3.6,15220,11.8,44002,34.1,6438,5,3718,2.9,2963,2.3,1489,1.2,117,0.1,1342,1
Richmondshire,42698,100,7925,18.6,6419,15,7681,18,1590,3.7,5269,12.3,11513,27,2301,5.4,950,2.2,684,1.6,338,0.8,39,0.1,304,0.7
Ryedale,43200,100,10369,24,5427,12.6,7033,16.3,1768,4.1,4900,11.3,11793,27.3,1910,4.4,1266,2.9,812,1.9,367,0.8,45,0.1,393,0.9
Scarborough,91402,100,23755,26,11781,12.9,14853,16.3,4862,5.3,11027,12.1,20742,22.7,4382,4.8,2164,2.4,3259,3.6,1250,1.4,327,0.4,1665,1.8
Selby,68135,100,14431,21.2,9535,14,11323,16.6,3402,5,8731,12.8,17786,26.1,2927,4.3,1921,2.8,1486,2.2,750,1.1,111,0.2,619,0.9
Barnsley,188335,100,60890,32.3,26913,14.3,30550,16.2,7716,4.1,21342,11.3,32724,17.4,8200,4.4,4905,2.6,4942,2.6,1986,1.1,462,0.2,2458,1.3
Doncaster,244909,100,74119,30.3,37763,15.4,41607,17,10958,4.5,26126,10.7,41714,17,12622,5.2,6679,2.7,6466,2.6,2390,1,568,0.2,3466,1.4
Rotherham,208018,100,62076,29.8,32284,15.5,35048,16.8,9065,4.4,24001,11.5,36165,17.4,9379,4.5,5829,2.8,5666,2.7,2254,1.1,545,0.3,2830,1.4
Sheffield,452014,100,109841,24.3,55566,12.3,62097,13.7,16192,3.6,71594,15.8,116007,25.7,20717,4.6,10970,2.4,55021,12.2,14727,3.3,5166,1.1,35045,7.8
Bradford,400121,100,110892,27.7,56413,14.1,59350,14.8,15131,3.8,45101,11.3,87397,21.8,25837,6.5,12568,3.1,22342,5.6,7087,1.8,2429,0.6,12761,3.2
Calderdale,163645,100,38943,23.8,22314,13.6,26507,16.2,7989,4.9,20079,12.3,40881,25,6932,4.2,4551,2.8,5247,3.2,2161,1.3,451,0.3,2620,1.6
Kirklees,336309,100,85554,25.4,44435,13.2,50474,15,16232,4.8,42257,12.6,80275,23.9,17082,5.1,9333,2.8,18358,5.5,6442,1.9,1794,0.5,10070,3
Leeds,613992,100,142481,23.2,77294,12.6,86614,14.1,22893,3.7,90497,14.7,165429,26.9,28784,4.7,14928,2.4,59741,9.7,19022,3.1,6305,1,34318,5.6
Wakefield,265797,100,82621,31.1,38778,14.6,42790,16.1,11636,4.4,28205,10.6,48772,18.3,12995,4.9,6985,2.6,6300,2.4,2602,1,527,0.2,3134,1.2
Derby,198076,100,47731,24.1,26294,13.3,28681,14.5,9793,4.9,25838,13,47955,24.2,11784,5.9,5400,2.7,12910,6.5,4526,2.3,1353,0.7,7000,3.5
Leicester,260560,100,74409,28.6,33751,13,32781,12.6,5309,2,33888,13,55223,21.2,25199,9.7,7748,3,32323,12.4,8572,3.3,3138,1.2,20555,7.9
Nottingham,250104,100,63991,25.6,30619,12.2,32333,12.9,5715,2.3,46411,18.6,54875,21.9,16160,6.5,5762,2.3,45921,18.4,9678,3.9,3653,1.5,32541,13
Rutland,30683,100,5453,17.8,3729,12.2,5373,17.5,1114,3.6,3834,12.5,10096,32.9,1084,3.5,1354,4.4,777,2.5,301,1,32,0.1,437,1.4
Amber Valley,100841,100,27220,27,13986,13.9,15627,15.5,4683,4.6,12086,12,23346,23.2,3893,3.9,2685,2.7,2296,2.3,1025,1,157,0.2,1093,1.1
Bolsover,62192,100,20455,32.9,9520,15.3,10195,16.4,2308,3.7,7064,11.4,9853,15.8,2797,4.5,1665,2.7,1488,2.4,621,1,134,0.2,724,1.2
Chesterfield,85595,100,23618,27.6,12252,14.3,14567,17,3441,4,10342,12.1,17994,21,3381,3.9,2327,2.7,2152,2.5,919,1.1,199,0.2,1012,1.2
Derbyshire Dales,59299,100,12773,21.5,7088,12,8870,15,1992,3.4,6572,11.1,19816,33.4,2188,3.7,1536,2.6,1236,2.1,551,0.9,55,0.1,625,1.1
Erewash,91948,100,23808,25.9,14091,15.3,15197,16.5,4851,5.3,11350,12.3,19015,20.7,3636,4,2525,2.7,2343,2.5,1023,1.1,184,0.2,1121,1.2
High Peak,74416,100,15520,20.9,9771,13.1,11931,16,2943,4,9779,13.1,21884,29.4,2588,3.5,2058,2.8,2547,3.4,983,1.3,212,0.3,1341,1.8
North East Derbyshire,82699,100,22277,26.9,11752,14.2,13731,16.6,3632,4.4,9838,11.9,18340,22.2,3129,3.8,2107,2.5,1961,2.4,839,1,135,0.2,977,1.2
South Derbyshire,75910,100,16707,22,10674,14.1,12617,16.6,3663,4.8,9738,12.8,19701,26,2810,3.7,2251,3,2016,2.7,939,1.2,139,0.2,934,1.2
Blaby,76334,100,16964,22.2,11097,14.5,12257,16.1,4360,5.7,9378,12.3,18988,24.9,3290,4.3,2179,2.9,2233,2.9,1059,1.4,199,0.3,962,1.3
Charnwood,137878,100,28265,20.5,16740,12.1,19685,14.3,6586,4.8,23470,17,36916,26.8,6216,4.5,3781,2.7,15776,11.4,3575,2.6,887,0.6,11297,8.2
Harborough,69034,100,12461,18.1,9158,13.3,11275,16.3,3165,4.6,8340,12.1,21982,31.8,2653,3.8,2087,3,1785,2.6,794,1.2,80,0.1,906,1.3
Hinckley and Bosworth,86475,100,21089,24.4,12342,14.3,13895,16.1,4144,4.8,10733,12.4,20803,24.1,3469,4,2265,2.6,2086,2.4,960,1.1,134,0.2,977,1.1
Melton,41237,100,8808,21.4,5793,14,6794,16.5,1994,4.8,5225,12.7,10785,26.2,1838,4.5,1130,2.7,1048,2.5,489,1.2,79,0.2,473,1.1
North West Leicestershire,75791,100,19691,26,9988,13.2,11639,15.4,3426,4.5,9411,12.4,18402,24.3,3234,4.3,2036,2.7,2150,2.8,865,1.1,121,0.2,1151,1.5
Oadby and Wigston,46359,100,10461,22.6,6144,13.3,7008,15.1,1976,4.3,6796,14.7,11476,24.8,2498,5.4,1443,3.1,3608,7.8,904,1.9,285,0.6,2413,5.2
Boston,53275,100,17421,32.7,7705,14.5,8126,15.3,1745,3.3,4954,9.3,8060,15.1,5264,9.9,1277,2.4,1125,2.1,474,0.9,112,0.2,528,1
East Lindsey,115418,100,37648,32.6,16355,14.2,18058,15.6,4922,4.3,12071,10.5,20849,18.1,5515,4.8,2794,2.4,2218,1.9,837,0.7,185,0.2,1178,1
Lincoln,78190,100,17134,21.9,10349,13.2,12587,16.1,2899,3.7,14395,18.4,16644,21.3,4182,5.3,1752,2.2,9441,12.1,3242,4.1,1180,1.5,5010,6.4
North Kesteven,88700,100,19289,21.7,12232,13.8,15306,17.3,3885,4.4,11685,13.2,22559,25.4,3744,4.2,2373,2.7,1930,2.2,935,1.1,143,0.2,836,0.9
South Holland,73354,100,22628,30.8,11195,15.3,12070,16.5,2710,3.7,7354,10,11586,15.8,5811,7.9,1815,2.5,1199,1.6,545,0.7,93,0.1,555,0.8
South Kesteven,109085,100,23608,21.6,15098,13.8,18733,17.2,5007,4.6,13474,12.4,27974,25.6,5191,4.8,3147,2.9,2388,2.2,1173,1.1,201,0.2,1009,0.9
West Lindsey,73753,100,16963,23,10217,13.9,12217,16.6,3796,5.1,8796,11.9,18642,25.3,3122,4.2,2140,2.9,1684,2.3,753,1,140,0.2,787,1.1
Corby,48637,100,13439,27.6,8405,17.3,8330,17.1,2005,4.1,5393,11.1,7254,14.9,3811,7.8,1387,2.9,1340,2.8,645,1.3,101,0.2,587,1.2
Daventry,63031,100,11918,18.9,9337,14.8,10742,17,2762,4.4,7416,11.8,18158,28.8,2698,4.3,1906,3,1534,2.4,731,1.2,108,0.2,685,1.1
East Northamptonshire,69576,100,15506,22.3,10629,15.3,12222,17.6,3085,4.4,8220,11.8,16866,24.2,3048,4.4,2259,3.2,1632,2.3,719,1,111,0.2,795,1.1
Kettering,74809,100,17079,22.8,11565,15.5,12720,17,3244,4.3,8814,11.8,17406,23.3,3981,5.3,1971,2.6,1808,2.4,908,1.2,140,0.2,757,1
Northampton,169056,100,38113,22.5,25243,14.9,26773,15.8,6037,3.6,20905,12.4,40021,23.7,11964,7.1,4489,2.7,9524,5.6,3836,2.3,969,0.6,4697,2.8
South Northamptonshire,68624,100,11955,17.4,9609,14,11442,16.7,3058,4.5,8559,12.5,21308,31.1,2693,3.9,1946,2.8,1494,2.2,809,1.2,87,0.1,592,0.9
Wellingborough,60348,100,15534,25.7,9661,16,9932,16.5,2489,4.1,6544,10.8,12307,20.4,3881,6.4,1627,2.7,1577,2.6,744,1.2,147,0.2,678,1.1
Ashfield,96698,100,30345,31.4,15846,16.4,15901,16.4,4174,4.3,11626,12,14595,15.1,4211,4.4,2464,2.5,2277,2.4,936,1,221,0.2,1100,1.1
Bassetlaw,92702,100,26393,28.5,13513,14.6,15245,16.4,3847,4.1,10453,11.3,18761,20.2,4490,4.8,2624,2.8,2189,2.4,968,1,192,0.2,1018,1.1
Broxtowe,90938,100,21031,23.1,11721,12.9,13547,14.9,4079,4.5,11046,12.1,25678,28.2,3836,4.2,2393,2.6,4412,4.9,1362,1.5,252,0.3,2781,3.1
Gedling,93186,100,21980,23.6,12775,13.7,14737,15.8,4240,4.6,11999,12.9,23601,25.3,3854,4.1,2512,2.7,2621,2.8,1214,1.3,237,0.3,1152,1.2
Mansfield,85448,100,25944,30.4,13414,15.7,14087,16.5,3143,3.7,10376,12.1,13978,16.4,4506,5.3,2316,2.7,2133,2.5,945,1.1,204,0.2,970,1.1
Newark and Sherwood,93957,100,23550,25.1,13423,14.3,15088,16.1,3795,4,11169,11.9,22698,24.2,4234,4.5,2516,2.7,2625,2.8,1102,1.2,202,0.2,1314,1.4
Rushcliffe,90551,100,14835,16.4,9411,10.4,13032,14.4,3061,3.4,11861,13.1,35307,39,3044,3.4,2455,2.7,4563,5,1617,1.8,282,0.3,2658,2.9
"Herefordshire, County of",151962,100,34845,22.9,19396,12.8,24322,16,5410,3.6,18235,12,41779,27.5,7975,5.2,3938,2.6,3853,2.5,1605,1.1,255,0.2,1969,1.3
Shropshire,252979,100,56943,22.5,33158,13.1,42594,16.8,9289,3.7,30749,12.2,69558,27.5,10688,4.2,7183,2.8,6516,2.6,2629,1,343,0.1,3513,1.4
Stoke-on-Trent,200642,100,67773,33.8,28825,14.4,31875,15.9,7066,3.5,23961,11.9,31041,15.5,10101,5,5378,2.7,11173,5.6,4006,2,1318,0.7,5809,2.9
Telford and Wrekin,132440,100,32612,24.6,20055,15.1,23731,17.9,4413,3.3,17199,13,27713,20.9,6717,5.1,4018,3,5412,4.1,1840,1.4,336,0.3,3217,2.4
Cannock Chase,79027,100,22278,28.2,12884,16.3,14034,17.8,2861,3.6,10021,12.7,13606,17.2,3343,4.2,2249,2.8,2123,2.7,960,1.2,232,0.3,926,1.2
East Staffordshire,91821,100,22671,24.7,13019,14.2,14802,16.1,3849,4.2,10752,11.7,21466,23.4,5262,5.7,2691,2.9,2518,2.7,1169,1.3,218,0.2,1119,1.2
Lichfield,83057,100,18622,22.4,11388,13.7,13304,16,2939,3.5,9779,11.8,23604,28.4,3421,4.1,2269,2.7,2196,2.6,992,1.2,151,0.2,1046,1.3
Newcastle-under-Lyme,102813,100,27529,26.8,13094,12.7,16098,15.7,3976,3.9,14874,14.5,23121,22.5,4121,4,2553,2.5,7961,7.7,2273,2.2,569,0.6,5095,5
South Staffordshire,90506,100,21699,24,12597,13.9,14973,16.5,3631,4,11356,12.5,22707,25.1,3543,3.9,2550,2.8,2571,2.8,1164,1.3,179,0.2,1217,1.3
Stafford,108626,100,22150,20.4,13804,12.7,17192,15.8,3751,3.5,14057,12.9,32887,30.3,4785,4.4,2861,2.6,5225,4.8,1885,1.7,453,0.4,2875,2.6
Staffordshire Moorlands,81106,100,21560,26.6,10406,12.8,13005,16,3369,4.2,9943,12.3,19255,23.7,3568,4.4,2064,2.5,2062,2.5,977,1.2,167,0.2,906,1.1
Tamworth,61467,100,16467,26.8,10713,17.4,10954,17.8,2283,3.7,7682,12.5,10706,17.4,2662,4.3,1786,2.9,1660,2.7,802,1.3,148,0.2,702,1.1
North Warwickshire,51049,100,14253,27.9,7800,15.3,8551,16.8,2091,4.1,6079,11.9,10096,19.8,2179,4.3,1346,2.6,1224,2.4,537,1.1,93,0.2,581,1.1
Nuneaton and Bedworth,101244,100,28384,28,15829,15.6,16561,16.4,4825,4.8,11760,11.6,18801,18.6,5084,5,2884,2.8,2799,2.8,1324,1.3,259,0.3,1198,1.2
Rugby,80689,100,15778,19.6,10707,13.3,12896,16,4238,5.3,9455,11.7,22735,28.2,4880,6,2434,3,2131,2.6,918,1.1,158,0.2,1046,1.3
Stratford-on-Avon,100042,100,19345,19.3,11971,12,15619,15.6,3619,3.6,11712,11.7,33396,33.4,4380,4.4,2641,2.6,2466,2.5,1057,1.1,122,0.1,1266,1.3
Warwick,114051,100,18691,16.4,11539,10.1,14527,12.7,3770,3.3,16392,14.4,43836,38.4,5296,4.6,2690,2.4,9998,8.8,2284,2,369,0.3,7325,6.4
Birmingham,828363,100,233835,28.2,110158,13.3,113967,13.8,17654,2.1,107913,13,190335,23,54501,6.6,26194,3.2,78440,9.5,20673,2.5,7983,1,49603,6
Coventry,254106,100,60799,23.9,33782,13.3,35777,14.1,10256,4,36184,14.2,58566,23,18742,7.4,6705,2.6,29330,11.5,7572,3,2928,1.2,18775,7.4
Dudley,253421,100,75980,30,36286,14.3,42371,16.7,8888,3.5,30056,11.9,48584,19.2,11256,4.4,7369,2.9,7667,3,3095,1.2,742,0.3,3783,1.5
Sandwell,241829,100,85040,35.2,34723,14.4,35543,14.7,6451,2.7,25245,10.4,37151,15.4,17676,7.3,7177,3,10350,4.3,3522,1.5,1260,0.5,5520,2.3
Solihull,167493,100,38035,22.7,22790,13.6,26933,16.1,5715,3.4,19597,11.7,47783,28.5,6640,4,5263,3.1,5216,3.1,2261,1.3,384,0.2,2533,1.5
Walsall,213123,100,71839,33.7,31117,14.6,32616,15.3,6365,3,23022,10.8,35989,16.9,12175,5.7,6262,2.9,8082,3.8,2863,1.3,933,0.4,4249,2
Wolverhampton,200047,100,62467,31.2,28187,14.1,29790,14.9,5497,2.7,21199,10.6,39021,19.5,13886,6.9,5854,2.9,11178,5.6,3876,1.9,1411,0.7,5864,2.9
Bromsgrove,77107,100,16413,21.3,9875,12.8,12191,15.8,3139,4.1,9056,11.7,23551,30.5,2882,3.7,2264,2.9,2196,2.8,900,1.2,149,0.2,1132,1.5
Malvern Hills,62219,100,12637,20.3,6957,11.2,9636,15.5,2385,3.8,7068,11.4,21113,33.9,2423,3.9,2009,3.2,1693,2.7,632,1,93,0.1,961,1.5
Redditch,67656,100,16996,25.1,10683,15.8,11508,17,2537,3.7,8111,12,14007,20.7,3814,5.6,1927,2.8,2203,3.3,972,1.4,195,0.3,1026,1.5
Worcester,80291,100,17116,21.3,10235,12.7,11928,14.9,3116,3.9,11644,14.5,22211,27.7,4041,5,2012,2.5,5246,6.5,2060,2.6,558,0.7,2616,3.3
Wychavon,97039,100,21458,22.1,12694,13.1,15170,15.6,3912,4,11241,11.6,27870,28.7,4694,4.8,2523,2.6,2348,2.4,1128,1.2,133,0.1,1077,1.1
Wyre Forest,81190,100,22579,27.8,11553,14.2,13076,16.1,3058,3.8,9258,11.4,17916,22.1,3750,4.6,1934,2.4,1986,2.4,851,1,161,0.2,970,1.2
Bedford,125871,100,25645,20.4,17313,13.8,19129,15.2,4939,3.9,14882,11.8,35417,28.1,8546,6.8,3810,3,6286,5,2370,1.9,546,0.4,3346,2.7
Central Bedfordshire,204602,100,39644,19.4,30583,14.9,34714,17,9623,4.7,25869,12.6,55793,27.3,8376,4.1,5869,2.9,6836,3.3,2628,1.3,466,0.2,3713,1.8
Luton,156445,100,36953,23.6,22813,14.6,22720,14.5,5151,3.3,17332,11.1,34814,22.3,16662,10.7,4951,3.2,13411,8.6,4601,2.9,2152,1.4,6622,4.2
Peterborough,144495,100,36158,25,22288,15.4,23338,16.2,5037,3.5,15589,10.8,29245,20.2,12840,8.9,4121,2.9,4323,3,1812,1.3,455,0.3,2034,1.4
Southend-on-Sea,140621,100,34621,24.6,23075,16.4,24619,17.5,4161,3,16055,11.4,30691,21.8,7399,5.3,3825,2.7,4152,3,1764,1.3,393,0.3,1975,1.4
Thurrock,123407,100,32643,26.5,22396,18.1,21639,17.5,4218,3.4,13483,10.9,21519,17.4,7509,6.1,3475,2.8,3468,2.8,1539,1.2,411,0.3,1496,1.2
Cambridge,106007,100,12606,11.9,7294,6.9,9159,8.6,2024,1.9,17943,16.9,50169,47.3,6812,6.4,2226,2.1,24506,23.1,4390,4.1,671,0.6,19427,18.3
East Cambridgeshire,67481,100,14127,20.9,8844,13.1,10556,15.6,2928,4.3,7700,11.4,19583,29,3743,5.5,1780,2.6,1362,2,649,1,103,0.2,596,0.9
Fenland,78482,100,24523,31.2,12253,15.6,13323,17,3173,4,8151,10.4,11677,14.9,5382,6.9,2074,2.6,1508,1.9,661,0.8,133,0.2,704,0.9
Huntingdonshire,137157,100,26361,19.2,20055,14.6,23266,17,5221,3.8,16977,12.4,38301,27.9,6976,5.1,3837,2.8,3314,2.4,1646,1.2,215,0.2,1441,1.1
South Cambridgeshire,119342,100,18248,15.3,13275,11.1,17129,14.4,4643,3.9,13472,11.3,47852,40.1,4723,4,3448,2.9,3636,3,1499,1.3,182,0.2,1932,1.6
Basildon,139198,100,37084,26.6,25629,18.4,24568,17.6,4986,3.6,14961,10.7,25939,18.6,6031,4.3,3887,2.8,3253,2.3,1425,1,323,0.2,1491,1.1
Braintree,118098,100,26958,22.8,19524,16.5,21412,18.1,4604,3.9,14154,12,26212,22.2,5234,4.4,3165,2.7,2538,2.1,1316,1.1,177,0.1,1027,0.9
Brentwood,60115,100,11651,19.4,8543,14.2,10328,17.2,1979,3.3,6867,11.4,18441,30.7,2306,3.8,1872,3.1,1563,2.6,606,1,92,0.2,861,1.4
Castle Point,73142,100,21885,29.9,13177,18,12997,17.8,3393,4.6,7780,10.6,10693,14.6,3217,4.4,1955,2.7,1416,1.9,725,1,122,0.2,562,0.8
Chelmsford,137003,100,25844,18.9,20510,15,23744,17.3,4977,3.6,17085,12.5,39452,28.8,5391,3.9,3903,2.8,4510,3.3,2044,1.5,316,0.2,2131,1.6
Colchester,141427,100,27440,19.4,20294,14.3,23629,16.7,4772,3.4,19572,13.8,38412,27.2,7308,5.2,3590,2.5,10813,7.6,3455,2.4,922,0.7,6415,4.5
Epping Forest,101708,100,24360,24,15839,15.6,16544,16.3,3364,3.3,11261,11.1,25769,25.3,4571,4.5,2778,2.7,3252,3.2,1196,1.2,220,0.2,1821,1.8
Harlow,65061,100,16948,26,12211,18.8,11167,17.2,2328,3.6,7282,11.2,11468,17.6,3657,5.6,1937,3,1872,2.9,949,1.5,170,0.3,744,1.1
Maldon,50804,100,11749,23.1,8153,16,8771,17.3,2355,4.6,5692,11.2,12009,23.6,2075,4.1,1303,2.6,955,1.9,467,0.9,68,0.1,413,0.8
Rochford,68271,100,16134,23.6,12132,17.8,12531,18.4,2956,4.3,8158,11.9,13659,20,2701,4,1889,2.8,1354,2,672,1,98,0.1,576,0.8
Tendring,115495,100,39616,34.3,17499,15.2,18751,16.2,4740,4.1,11002,9.5,18340,15.9,5547,4.8,2889,2.5,2306,2,970,0.8,228,0.2,1084,0.9
Uttlesford,63399,100,11232,17.7,8791,13.9,10919,17.2,2092,3.3,7594,12,20251,31.9,2520,4,2094,3.3,1537,2.4,625,1,68,0.1,838,1.3
Broxbourne,74850,100,19122,25.5,13262,17.7,12871,17.2,2741,3.7,8401,11.2,14394,19.2,4059,5.4,2192,2.9,2471,3.3,1054,1.4,181,0.2,1225,1.6
Dacorum,115983,100,21768,18.8,17067,14.7,18714,16.1,4023,3.5,13410,11.6,35872,30.9,5129,4.4,3418,2.9,3304,2.8,1459,1.3,228,0.2,1601,1.4
East Hertfordshire,110139,100,18959,17.2,14893,13.5,18440,16.7,3481,3.2,13145,11.9,36867,33.5,4354,4,3721,3.4,2941,2.7,1259,1.1,134,0.1,1526,1.4
Hertsmere,79841,100,15502,19.4,11257,14.1,12601,15.8,2290,2.9,8950,11.2,24588,30.8,4653,5.8,2517,3.2,3692,4.6,1192,1.5,191,0.2,2290,2.9
North Hertfordshire,102388,100,18416,18,13480,13.2,15758,15.4,3565,3.5,11632,11.4,35242,34.4,4295,4.2,2954,2.9,2775,2.7,1229,1.2,172,0.2,1362,1.3
St Albans,110590,100,14268,12.9,11061,10,14763,13.3,3076,2.8,11518,10.4,51251,46.3,4653,4.2,3414,3.1,3747,3.4,1562,1.4,211,0.2,1961,1.8
Stevenage,66866,100,14390,21.5,12065,18,11941,17.9,2521,3.8,7889,11.8,14762,22.1,3298,4.9,2022,3,2332,3.5,1185,1.8,196,0.3,941,1.4
Three Rivers,69819,100,12261,17.6,9218,13.2,11045,15.8,2337,3.3,8037,11.5,23675,33.9,3246,4.6,2133,3.1,2239,3.2,876,1.3,132,0.2,1219,1.7
Watford,71693,100,12513,17.5,9501,13.3,10752,15,2104,2.9,8361,11.7,23082,32.2,5380,7.5,1963,2.7,3202,4.5,1449,2,233,0.3,1506,2.1
Welwyn Hatfield,90369,100,15550,17.2,11791,13,13544,15,2866,3.2,14211,15.7,27123,30,5284,5.8,2458,2.7,11812,13.1,3600,4,1139,1.3,7052,7.8
Breckland,107507,100,30057,28,16104,15,18149,16.9,4276,4,11917,11.1,20046,18.6,6958,6.5,2661,2.5,2183,2,1017,0.9,167,0.2,982,0.9
Broadland,103657,100,23744,22.9,15328,14.8,18098,17.5,5651,5.5,12388,12,24026,23.2,4422,4.3,2644,2.6,2146,2.1,1137,1.1,137,0.1,855,0.8
Great Yarmouth,79748,100,26164,32.8,12531,15.7,12846,16.1,3735,4.7,8418,10.6,11336,14.2,4718,5.9,2110,2.6,2025,2.5,794,1,222,0.3,991,1.2
King`s Lynn and West Norfolk,122639,100,35909,29.3,17770,14.5,19850,16.2,4680,3.8,13464,11,23455,19.1,7511,6.1,3027,2.5,2535,2.1,1058,0.9,224,0.2,1228,1
North Norfolk,86830,100,23838,27.5,12236,14.1,14106,16.2,4087,4.7,9137,10.5,19326,22.3,4100,4.7,1869,2.2,1307,1.5,566,0.7,92,0.1,641,0.7
Norwich,110805,100,25073,22.6,14129,12.8,15342,13.8,2858,2.6,16885,15.2,30722,27.7,5796,5.2,2071,1.9,12844,11.6,3709,3.3,1054,1,8050,7.3
South Norfolk,101717,100,22953,22.6,13799,13.6,17362,17.1,4305,4.2,11687,11.5,27501,27,4110,4,2795,2.7,2141,2.1,1018,1,139,0.1,976,1
Babergh,71821,100,16367,22.8,10385,14.5,12560,17.5,2818,3.9,8337,11.6,18539,25.8,2815,3.9,2074,2.9,1417,2,682,0.9,68,0.1,655,0.9
Forest Heath,48684,100,12505,25.7,6597,13.6,6893,14.2,1961,4,5003,10.3,9325,19.2,6400,13.1,1014,2.1,1127,2.3,574,1.2,61,0.1,483,1
Ipswich,107396,100,27723,25.8,17054,15.9,17469,16.3,4098,3.8,12269,11.4,22152,20.6,6631,6.2,2980,2.8,3650,3.4,1636,1.5,370,0.3,1630,1.5
Mid Suffolk,78907,100,17621,22.3,10963,13.9,13279,16.8,3247,4.1,9820,12.4,20864,26.4,3113,3.9,2146,2.7,1553,2,798,1,87,0.1,659,0.8
St Edmundsbury,90683,100,20277,22.4,13260,14.6,15616,17.2,3565,3.9,10868,12,22278,24.6,4819,5.3,2488,2.7,2042,2.3,1043,1.2,128,0.1,858,0.9
Suffolk Coastal,102401,100,21592,21.1,13784,13.5,17078,16.7,4221,4.1,11582,11.3,29678,29,4466,4.4,2812,2.7,2069,2,990,1,141,0.1,922,0.9
Waveney,95369,100,28447,29.8,13550,14.2,15490,16.2,5196,5.4,11128,11.7,17052,17.9,4506,4.7,2493,2.6,2011,2.1,885,0.9,250,0.3,859,0.9
Camden,184873,100,23451,12.7,12556,6.8,14454,7.8,1558,0.8,22340,12.1,93453,50.5,17061,9.2,3276,1.8,25130,13.6,4778,2.6,1452,0.8,18861,10.2
City of London,6755,100,454,6.7,291,4.3,445,6.6,47,0.7,484,7.2,4618,68.4,416,6.2,69,1,422,6.2,103,1.5,30,0.4,289,4.3
Hackney,195145,100,38172,19.6,17500,9,19612,10,1862,1,18106,9.3,81591,41.8,18302,9.4,4943,2.5,17606,9,4958,2.5,1770,0.9,10855,5.6
Hammersmith and Fulham,152863,100,19515,12.8,10725,7,12738,8.3,1768,1.2,16306,10.7,75765,49.6,16046,10.5,2623,1.7,13772,9,3824,2.5,869,0.6,9036,5.9
Haringey,202856,100,36163,17.8,17685,8.7,20563,10.1,1981,1,19456,9.6,82727,40.8,24281,12,5240,2.6,17285,8.5,5121,2.5,1833,0.9,10303,5.1
Islington,173300,100,29448,17,13943,8,14552,8.4,1743,1,16904,9.8,83276,48.1,13434,7.8,3229,1.9,18558,10.7,4250,2.5,1500,0.9,12779,7.4
Kensington and Chelsea,134267,100,13549,10.1,7730,5.8,10583,7.9,952,0.7,13460,10,70731,52.7,17262,12.9,2130,1.6,11118,8.3,2092,1.6,586,0.4,8407,6.3
Lambeth,248300,100,35352,14.2,21169,8.5,24408,9.8,2640,1.1,23988,9.7,115758,46.6,24985,10.1,5190,2.1,19056,7.7,6365,2.6,1990,0.8,10646,4.3
Lewisham,218749,100,38763,17.7,24225,11.1,27248,12.5,3160,1.4,23694,10.8,83127,38,18532,8.5,5742,2.6,18527,8.5,6630,3,2421,1.1,9433,4.3
Newham,238090,100,49087,20.6,27152,11.4,26742,11.2,2425,1,23456,9.9,71771,30.1,37457,15.7,7381,3.1,35441,14.9,13251,5.6,4804,2,17346,7.3
Southwark,234901,100,38384,16.3,22077,9.4,24045,10.2,2623,1.1,24779,10.5,101172,43.1,21821,9.3,5264,2.2,27083,11.5,7758,3.3,2534,1.1,16752,7.1
Tower Hamlets,203953,100,40719,20,18928,9.3,17734,8.7,1821,0.9,20643,10.1,83675,41,20433,10,4599,2.3,24722,12.1,7402,3.6,2544,1.2,14724,7.2
Wandsworth,255989,100,29622,11.6,16903,6.6,21454,8.4,2509,1,25485,10,137142,53.6,22874,8.9,4273,1.7,17479,6.8,5767,2.3,1608,0.6,10055,3.9
Westminster,186812,100,23943,12.8,12308,6.6,14497,7.8,1420,0.8,17113,9.2,93946,50.3,23585,12.6,3174,1.7,18736,10,3506,1.9,1105,0.6,14078,7.5
Barking and Dagenham,137613,100,38396,27.9,20904,15.2,20617,15,2888,2.1,12759,9.3,28715,20.9,13334,9.7,4620,3.4,9882,7.2,3336,2.4,1335,1,5187,3.8
Barnet,282152,100,43833,15.5,27240,9.7,34028,12.1,3778,1.3,28742,10.2,113815,40.3,30716,10.9,8373,3,20589,7.3,6018,2.1,1907,0.7,12612,4.5
Bexley,184431,100,42366,23,31049,16.8,32694,17.7,6951,3.8,21334,11.6,40146,21.8,9891,5.4,5839,3.2,8356,4.5,2955,1.6,801,0.4,4539,2.5
Brent,248458,100,47721,19.2,25718,10.4,26967,10.9,3059,1.2,24163,9.7,82619,33.3,38211,15.4,7203,2.9,22545,9.1,7569,3,2449,1,12467,5
Bromley,248806,100,44572,17.9,33858,13.6,40025,16.1,6773,2.7,28644,11.5,82304,33.1,12630,5.1,7170,2.9,8470,3.4,3103,1.2,643,0.3,4684,1.9
Croydon,284268,100,50081,17.6,39285,13.8,43299,15.2,6018,2.1,32498,11.4,90321,31.8,22766,8,9093,3.2,16784,5.9,6180,2.2,1926,0.7,8619,3
Ealing,269572,100,44366,16.5,26592,9.9,28237,10.5,3905,1.4,25887,9.6,99836,37,40749,15.1,7307,2.7,20423,7.6,6809,2.5,2099,0.8,11472,4.3
Enfield,242465,100,55736,23,31158,12.9,33389,13.8,4715,1.9,25557,10.5,69627,28.7,22283,9.2,7914,3.3,16901,7,5325,2.2,1976,0.8,9556,3.9
Greenwich,199163,100,41082,20.6,23896,12,26189,13.1,3766,1.9,21250,10.7,66120,33.2,16860,8.5,5293,2.7,17560,8.8,6495,3.3,2225,1.1,8813,4.4
Harrow,190998,100,31997,16.8,20852,10.9,24447,12.8,3271,1.7,19870,10.4,70218,36.8,20343,10.7,6297,3.3,12968,6.8,4318,2.3,1137,0.6,7484,3.9
Havering,192844,100,50951,26.4,32241,16.7,33519,17.4,7238,3.8,21797,11.3,37498,19.4,9600,5,5668,2.9,6560,3.4,2436,1.3,586,0.3,3488,1.8
Hillingdon,217043,100,41548,19.1,30336,14,30853,14.2,6316,2.9,27094,12.5,60854,28,20042,9.2,6481,3,19383,8.9,6285,2.9,1963,0.9,11096,5.1
Hounslow,202424,100,35084,17.3,23767,11.7,23364,11.5,3401,1.7,19798,9.8,69955,34.6,27055,13.4,5416,2.7,15015,7.4,5782,2.9,1580,0.8,7623,3.8
Kingston upon Thames,129790,100,17400,13.4,12665,9.8,15792,12.2,2568,2,17482,13.5,53782,41.4,10101,7.8,3155,2.4,13227,10.2,4344,3.3,1280,1,7573,5.8
Merton,160840,100,24378,15.2,15900,9.9,18875,11.7,2689,1.7,15928,9.9,66091,41.1,16979,10.6,4103,2.6,9657,6,3507,2.2,833,0.5,5294,3.3
Redbridge,216112,100,39877,18.5,26437,12.2,28374,13.1,3648,1.7,22208,10.3,73299,33.9,22269,10.3,7095,3.3,16527,7.6,5126,2.4,1980,0.9,9379,4.3
Richmond upon Thames,150052,100,15915,10.6,11075,7.4,15916,10.6,2304,1.5,15920,10.6,79584,53,9338,6.2,3383,2.3,7331,4.9,2563,1.7,558,0.4,4195,2.8
Sutton,152158,100,28330,18.6,21588,14.2,24423,16.1,4374,2.9,18023,11.8,45775,30.1,9645,6.3,4648,3.1,5641,3.7,2374,1.6,469,0.3,2777,1.8
Waltham Forest,203131,100,42262,20.8,24934,12.3,25845,12.7,3494,1.7,20340,10,60914,30,25342,12.5,5676,2.8,16931,8.3,5650,2.8,1878,0.9,9352,4.6
Bracknell Forest,89743,100,14639,16.3,13755,15.3,15191,16.9,3032,3.4,11389,12.7,27197,30.3,4540,5.1,2852,3.2,2392,2.7,1233,1.4,163,0.2,980,1.1
Brighton and Hove,229024,100,36775,16.1,25190,11,28769,12.6,4854,2.1,36599,16,84423,36.9,12414,5.4,5065,2.2,27229,11.9,8230,3.6,2676,1.2,16285,7.1
Isle of Wight,115589,100,28078,24.3,16865,14.6,19395,16.8,5799,5,14128,12.2,26163,22.6,5161,4.5,3106,2.7,2592,2.2,993,0.9,249,0.2,1332,1.2
Medway,210511,100,48226,22.9,35473,16.9,38653,18.4,9857,4.7,26818,12.7,40275,19.1,11209,5.3,6409,3,9800,4.7,3621,1.7,1034,0.5,5114,2.4
Milton Keynes,193429,100,34850,18,30794,15.9,32222,16.7,6579,3.4,22205,11.5,54591,28.2,12188,6.3,5609,2.9,6823,3.5,3001,1.6,681,0.4,3125,1.6
Portsmouth,167256,100,35405,21.2,21980,13.1,25073,15,6545,3.9,30068,18,39630,23.7,8555,5.1,4135,2.5,21322,12.7,5781,3.5,2171,1.3,13336,8
Reading,125582,100,21834,17.4,15328,12.2,15407,12.3,3170,2.5,16875,13.4,43690,34.8,9278,7.4,2845,2.3,12007,9.6,4104,3.3,841,0.7,7046,5.6
Slough,106645,100,21434,20.1,15673,14.7,14256,13.4,2371,2.2,10790,10.1,27560,25.8,14561,13.7,3388,3.2,6146,5.8,2429,2.3,662,0.6,3045,2.9
Southampton,195534,100,40991,21,25287,12.9,27209,13.9,7156,3.7,33882,17.3,48145,24.6,12864,6.6,4088,2.1,28061,14.4,7787,4,2425,1.2,17811,9.1
West Berkshire,122731,100,21065,17.2,17378,14.2,19880,16.2,4778,3.9,14916,12.2,39406,32.1,5308,4.3,3820,3.1,2624,2.1,1313,1.1,147,0.1,1146,0.9
Windsor and Maidenhead,115900,100,18134,15.6,13448,11.6,16685,14.4,3476,3,12933,11.2,44500,38.4,6724,5.8,3581,3.1,3242,2.8,1263,1.1,166,0.1,1790,1.5
Wokingham,123010,100,16226,13.2,14460,11.8,18557,15.1,4158,3.4,15313,12.4,49184,40,5112,4.2,3707,3,3899,3.2,1660,1.3,281,0.2,1941,1.6
Aylesbury Vale,138567,100,24059,17.4,19099,13.8,22857,16.5,5014,3.6,16894,12.2,44291,32,6353,4.6,4192,3,4153,3,1664,1.2,278,0.2,2196,1.6
Chiltern,73679,100,10864,14.7,7858,10.7,11150,15.1,2420,3.3,8143,11.1,30179,41,3065,4.2,2320,3.1,1875,2.5,775,1.1,97,0.1,993,1.3
South Bucks,54201,100,8954,16.5,6395,11.8,7997,14.8,1865,3.4,6034,11.1,19977,36.9,2979,5.5,1593,2.9,1628,3,626,1.2,89,0.2,907,1.7
Wycombe,136787,100,23780,17.4,17123,12.5,20734,15.2,4964,3.6,16905,12.4,45899,33.6,7382,5.4,4115,3,6452,4.7,2614,1.9,611,0.4,3207,2.3
Eastbourne,82691,100,19215,23.2,11408,13.8,13763,16.6,2899,3.5,10418,12.6,20194,24.4,4794,5.8,2246,2.7,3986,4.8,1600,1.9,352,0.4,2022,2.4
Hastings,73488,100,18649,25.4,11600,15.8,12830,17.5,2220,3,8877,12.1,15604,21.2,3708,5,2058,2.8,2370,3.2,1005,1.4,231,0.3,1127,1.5
Lewes,80534,100,17276,21.5,11126,13.8,12662,15.7,2723,3.4,9511,11.8,23690,29.4,3546,4.4,2089,2.6,2163,2.7,971,1.2,137,0.2,1032,1.3
Rother,76359,100,18858,24.7,10542,13.8,12596,16.5,2886,3.8,8551,11.2,19438,25.5,3488,4.6,1988,2.6,1645,2.2,632,0.8,98,0.1,897,1.2
Wealden,122443,100,24347,19.9,16937,13.8,21218,17.3,4516,3.7,14998,12.2,35360,28.9,5067,4.1,3434,2.8,2803,2.3,1325,1.1,157,0.1,1302,1.1
Basingstoke and Deane,133947,100,23226,17.3,19647,14.7,21918,16.4,5152,3.8,16902,12.6,40793,30.5,6309,4.7,3618,2.7,3047,2.3,1638,1.2,246,0.2,1154,0.9
East Hampshire,94019,100,15857,16.9,11719,12.5,15640,16.6,3338,3.6,11986,12.7,31844,33.9,3635,3.9,2944,3.1,2409,2.6,1079,1.1,124,0.1,1189,1.3
Eastleigh,101482,100,17907,17.6,14410,14.2,17461,17.2,5779,5.7,13524,13.3,28326,27.9,4075,4,2776,2.7,2698,2.7,1323,1.3,178,0.2,1181,1.2
Fareham,92153,100,16181,17.6,12058,13.1,15691,17,5058,5.5,12403,13.5,27419,29.8,3343,3.6,2632,2.9,2614,2.8,1348,1.5,176,0.2,1078,1.2
Gosport,66402,100,14347,21.6,10754,16.2,12046,18.1,3292,5,8883,13.4,14265,21.5,2815,4.2,1827,2.8,1825,2.7,831,1.3,172,0.3,813,1.2
Hart,72681,100,9815,13.5,9036,12.4,11746,16.2,2579,3.5,9451,13,27248,37.5,2806,3.9,2126,2.9,1661,2.3,829,1.1,82,0.1,744,1
Havant,98807,100,24746,25,14619,14.8,16913,17.1,4787,4.8,11812,12,22017,22.3,3913,4,2733,2.8,2569,2.6,1228,1.2,237,0.2,1081,1.1
New Forest,147514,100,31178,21.1,19579,13.3,24647,16.7,8013,5.4,17739,12,40184,27.2,6174,4.2,3493,2.4,3015,2,1582,1.1,156,0.1,1255,0.9
Rushmoor,74854,100,13947,18.6,12318,16.5,12838,17.2,2703,3.6,9362,12.5,18493,24.7,5193,6.9,2229,3,2514,3.4,1228,1.6,202,0.3,1076,1.4
Test Valley,94414,100,17330,18.4,12841,13.6,15581,16.5,4223,4.5,11768,12.5,28825,30.5,3846,4.1,2747,2.9,2187,2.3,1030,1.1,120,0.1,1028,1.1
Winchester,95110,100,13828,14.5,9163,9.6,13910,14.6,2944,3.1,13260,13.9,38669,40.7,3336,3.5,3023,3.2,6503,6.8,2480,2.6,549,0.6,3467,3.6
Ashford,93411,100,19777,21.2,14578,15.6,16639,17.8,3602,3.9,11229,12,23007,24.6,4579,4.9,2680,2.9,2544,2.7,1287,1.4,234,0.3,1015,1.1
Canterbury,125971,100,25778,20.5,14824,11.8,18056,14.3,4212,3.3,22117,17.6,34385,27.3,6599,5.2,3282,2.6,18354,14.6,5007,4,1970,1.6,11363,9
Dartford,77342,100,16334,21.1,13410,17.3,14036,18.1,3310,4.3,8930,11.5,17053,22,4269,5.5,2122,2.7,2215,2.9,1101,1.4,213,0.3,895,1.2
Dover,91382,100,22885,25,13376,14.6,15941,17.4,3371,3.7,11049,12.1,20071,22,4689,5.1,2605,2.9,2463,2.7,1021,1.1,194,0.2,1226,1.3
Gravesham,80964,100,19742,24.4,13242,16.4,13780,17,3442,4.3,8952,11.1,16164,20,5642,7,2548,3.1,2462,3,1072,1.3,256,0.3,1121,1.4
Maidstone,125476,100,25915,20.7,18336,14.6,22108,17.6,5112,4.1,15246,12.2,32154,25.6,6605,5.3,3463,2.8,3356,2.7,1542,1.2,236,0.2,1552,1.2
Sevenoaks,92481,100,17753,19.2,12708,13.7,15189,16.4,3158,3.4,10267,11.1,29580,32,3826,4.1,2861,3.1,2197,2.4,913,1,149,0.2,1121,1.2
Shepway,88760,100,21900,24.7,13239,14.9,15510,17.5,3394,3.8,10582,11.9,19324,21.8,4811,5.4,2447,2.8,2569,2.9,1216,1.4,247,0.3,1090,1.2
Swale,108539,100,29703,27.4,17640,16.3,18442,17,4777,4.4,12202,11.2,20535,18.9,5240,4.8,3090,2.8,2649,2.4,1109,1,241,0.2,1290,1.2
Thanet,108556,100,30784,28.4,16100,14.8,17833,16.4,4198,3.9,12245,11.3,21284,19.6,6112,5.6,2975,2.7,3673,3.4,1544,1.4,351,0.3,1758,1.6
Tonbridge and Malling,95821,100,19135,20,14401,15,16945,17.7,3874,4,11646,12.2,25967,27.1,3853,4,3215,3.4,2405,2.5,1155,1.2,154,0.2,1086,1.1
Tunbridge Wells,91483,100,15620,17.1,11311,12.4,15148,16.6,2542,2.8,11054,12.1,31687,34.6,4121,4.5,3046,3.3,2670,2.9,1085,1.2,129,0.1,1443,1.6
Cherwell,113422,100,22331,19.7,17202,15.2,17949,15.8,4671,4.1,13210,11.6,31830,28.1,6229,5.5,3084,2.7,3027,2.7,1387,1.2,161,0.1,1465,1.3
Oxford,126725,100,17287,13.6,10519,8.3,11341,8.9,2338,1.8,22581,17.8,53977,42.6,8682,6.9,2879,2.3,29952,23.6,5841,4.6,1115,0.9,22968,18.1
South Oxfordshire,108232,100,17827,16.5,13133,12.1,16120,14.9,4116,3.8,12936,12,39727,36.7,4373,4,2885,2.7,2531,2.3,1125,1,118,0.1,1272,1.2
Vale of White Horse,97867,100,16328,16.7,11559,11.8,14307,14.6,3968,4.1,11281,11.5,36420,37.2,4004,4.1,2856,2.9,2744,2.8,1206,1.2,148,0.2,1368,1.4
West Oxfordshire,85312,100,15054,17.6,11324,13.3,13461,15.8,3352,3.9,10513,12.3,28076,32.9,3532,4.1,2220,2.6,1820,2.1,888,1,92,0.1,831,1
Elmbridge,103005,100,13628,13.2,10451,10.1,14320,13.9,2280,2.2,11400,11.1,45170,43.9,5756,5.6,3061,3,2993,2.9,1190,1.2,173,0.2,1615,1.6
Epsom and Ewell,60371,100,9559,15.8,7395,12.2,9504,15.7,1723,2.9,7278,12.1,21720,36,3192,5.3,1868,3.1,2759,4.6,1177,1.9,205,0.3,1361,2.3
Guildford,112589,100,15993,14.2,12020,10.7,15254,13.5,3125,2.8,16005,14.2,44496,39.5,5696,5.1,2735,2.4,10727,9.5,3433,3,680,0.6,6601,5.9
Mole Valley,69580,100,11111,16,8129,11.7,11198,16.1,1960,2.8,7896,11.3,26396,37.9,2890,4.2,2083,3,1635,2.3,722,1,82,0.1,814,1.2
Reigate and Banstead,110725,100,18363,16.6,14587,13.2,18345,16.6,3237,2.9,13294,12,37602,34,5297,4.8,3047,2.8,2829,2.6,1294,1.2,195,0.2,1320,1.2
Runnymede,66653,100,12176,18.3,8490,12.7,9616,14.4,2248,3.4,10095,15.1,19945,29.9,4083,6.1,1503,2.3,6771,10.2,1926,2.9,414,0.6,4424,6.6
Spelthorne,78089,100,15947,20.4,12546,16.1,12564,16.1,3056,3.9,8882,11.4,20262,25.9,4832,6.2,1969,2.5,1931,2.5,931,1.2,136,0.2,851,1.1
Surrey Heath,69302,100,10387,15,9356,13.5,11292,16.3,2398,3.5,8478,12.2,23887,34.5,3504,5.1,2055,3,1818,2.6,934,1.3,125,0.2,753,1.1
Tandridge,66922,100,11467,17.1,8936,13.4,11701,17.5,1959,2.9,8206,12.3,22063,33,2590,3.9,2064,3.1,1752,2.6,636,1,90,0.1,1017,1.5
Waverley,97478,100,14790,15.2,10056,10.3,14737,15.1,2845,2.9,11938,12.2,39125,40.1,3987,4.1,3282,3.4,3434,3.5,1331,1.4,227,0.2,1858,1.9
Woking,79185,100,12042,15.2,9471,12,11321,14.3,2067,2.6,8940,11.3,30374,38.4,4970,6.3,2029,2.6,2594,3.3,1224,1.5,221,0.3,1132,1.4
Adur,50579,100,12936,25.6,8063,15.9,8324,16.5,2207,4.4,5655,11.2,11122,22,2272,4.5,1314,2.6,1185,2.3,569,1.1,73,0.1,531,1
Arun,126164,100,31364,24.9,17871,14.2,21159,16.8,5019,4,14610,11.6,28732,22.8,7409,5.9,2755,2.2,3296,2.6,1533,1.2,273,0.2,1464,1.2
Chichester,95161,100,18566,19.5,11035,11.6,15164,15.9,3252,3.4,12149,12.8,30820,32.4,4175,4.4,2110,2.2,4172,4.4,1696,1.8,344,0.4,2116,2.2
Crawley,84549,100,16995,20.1,15257,18,14427,17.1,2887,3.4,9555,11.3,18214,21.5,7214,8.5,2301,2.7,2495,3,1254,1.5,225,0.3,1011,1.2
Horsham,106758,100,17407,16.3,14155,13.3,18954,17.8,3627,3.4,13525,12.7,34814,32.6,4276,4,3231,3,2431,2.3,1187,1.1,126,0.1,1110,1
Mid Sussex,112755,100,16731,14.8,15153,13.4,19560,17.3,3799,3.4,14858,13.2,37917,33.6,4737,4.2,3355,3,2725,2.4,1294,1.1,135,0.1,1282,1.1
Worthing,85971,100,18319,21.3,12320,14.3,14966,17.4,3147,3.7,10774,12.5,22314,26,4131,4.8,1997,2.3,2501,2.9,1283,1.5,215,0.3,988,1.1
Bath and North East Somerset,146439,100,25140,17.2,16175,11,20828,14.2,5472,3.7,24095,16.5,48910,33.4,5819,4,3758,2.6,15932,10.9,4369,3,1030,0.7,10507,7.2
Bournemouth,155224,100,29720,19.1,20105,13,24086,15.5,5852,3.8,24412,15.7,40951,26.4,10098,6.5,3064,2,15079,9.7,4972,3.2,1249,0.8,8829,5.7
"Bristol, City of",349653,100,70478,20.2,41487,11.9,44592,12.8,10260,2.9,51006,14.6,114621,32.8,17209,4.9,7782,2.2,35638,10.2,10609,3,2425,0.7,22545,6.4
Cornwall,442332,100,99237,22.4,59206,13.4,76782,17.4,20102,4.5,57917,13.1,110518,25,18570,4.2,11102,2.5,15880,3.6,5876,1.3,1313,0.3,8609,1.9
Isles of Scilly,1857,100,264,14.2,201,10.8,309,16.6,78,4.2,304,16.4,613,33,88,4.7,6,0.3,14,0.8,4,0.2,2,0.1,8,0.4
North Somerset,165914,100,32539,19.6,22752,13.7,28542,17.2,7247,4.4,21012,12.7,47041,28.4,6781,4.1,4270,2.6,4273,2.6,2048,1.2,304,0.2,1874,1.1
Plymouth,211502,100,47073,22.3,28541,13.5,35452,16.8,11004,5.2,35009,16.6,45379,21.5,9044,4.3,5233,2.5,19376,9.2,5692,2.7,1559,0.7,12093,5.7
Poole,121986,100,26108,21.4,17573,14.4,20298,16.6,5917,4.9,15229,12.5,31143,25.5,5718,4.7,3093,2.5,3920,3.2,1659,1.4,302,0.2,1942,1.6
South Gloucestershire,212837,100,39618,18.6,31661,14.9,35490,16.7,11435,5.4,29111,13.7,56805,26.7,8717,4.1,6089,2.9,8296,3.9,3655,1.7,687,0.3,3910,1.8
Swindon,167774,100,34424,20.5,29257,17.4,29098,17.3,7597,4.5,19526,11.6,38097,22.7,9775,5.8,4505,2.7,4558,2.7,2238,1.3,409,0.2,1879,1.1
Torbay,109290,100,28215,25.8,16398,15,18889,17.3,5110,4.7,12905,11.8,22564,20.6,5209,4.8,2760,2.5,2593,2.4,1182,1.1,275,0.3,1119,1
Wiltshire,380013,100,70782,18.6,53242,14,65411,17.2,14616,3.8,48130,12.7,112067,29.5,15765,4.1,11075,2.9,8294,2.2,4090,1.1,576,0.2,3575,0.9
East Devon,112002,100,23597,21.1,14651,13.1,19009,17,4625,4.1,12708,11.3,32573,29.1,4839,4.3,2751,2.5,1967,1.8,955,0.9,129,0.1,861,0.8
Exeter,99066,100,18156,18.3,12467,12.6,13998,14.1,3165,3.2,18000,18.2,28291,28.6,4989,5,1990,2,14307,14.4,3416,3.4,818,0.8,10061,10.2
Mid Devon,63200,100,14323,22.7,8723,13.8,10796,17.1,2420,3.8,7648,12.1,16716,26.4,2574,4.1,1694,2.7,1211,1.9,541,0.9,76,0.1,588,0.9
North Devon,77378,100,18613,24.1,11157,14.4,13288,17.2,3663,4.7,9616,12.4,17732,22.9,3309,4.3,1962,2.5,1674,2.2,817,1.1,132,0.2,710,0.9
South Hams,69868,100,12047,17.2,8433,12.1,11361,16.3,3044,4.4,8456,12.1,23946,34.3,2581,3.7,1759,2.5,1612,2.3,740,1.1,105,0.2,750,1.1
Teignbridge,103738,100,22353,21.5,14007,13.5,17189,16.6,4632,4.5,12196,11.8,29014,28,4347,4.2,2645,2.5,2210,2.1,1033,1,169,0.2,995,1
Torridge,53321,100,13550,25.4,7599,14.3,9320,17.5,2626,4.9,6434,12.1,11552,21.7,2240,4.2,1332,2.5,921,1.7,397,0.7,70,0.1,449,0.8
West Devon,44652,100,9077,20.3,5767,12.9,7519,16.8,1740,3.9,5306,11.9,13410,30,1833,4.1,1147,2.6,946,2.1,439,1,52,0.1,448,1
Christchurch,40289,100,9421,23.4,5509,13.7,6718,16.7,2110,5.2,4556,11.3,10132,25.1,1843,4.6,933,2.3,872,2.2,367,0.9,46,0.1,455,1.1
East Dorset,73557,100,15830,21.5,9897,13.5,12047,16.4,3884,5.3,8505,11.6,20364,27.7,3030,4.1,1735,2.4,1488,2,817,1.1,77,0.1,577,0.8
North Dorset,56230,100,11219,20,7989,14.2,10020,17.8,2312,4.1,7058,12.6,15137,26.9,2495,4.4,1740,3.1,1053,1.9,405,0.7,61,0.1,575,1
Purbeck,37678,100,8122,21.6,5401,14.3,6328,16.8,1891,5,4559,12.1,9687,25.7,1690,4.5,930,2.5,695,1.8,349,0.9,29,0.1,316,0.8
West Dorset,83536,100,16801,20.1,10494,12.6,13761,16.5,3674,4.4,9875,11.8,25691,30.8,3240,3.9,2338,2.8,1554,1.9,738,0.9,79,0.1,728,0.9
Weymouth and Portland,54306,100,12236,22.5,8094,14.9,9447,17.4,2804,5.2,7102,13.1,12207,22.5,2416,4.4,1355,2.5,1260,2.3,582,1.1,114,0.2,554,1
Cheltenham,96008,100,15904,16.6,10906,11.4,13778,14.4,3021,3.1,13216,13.8,34782,36.2,4401,4.6,2574,2.7,6725,7,2806,2.9,531,0.6,3379,3.5
Cotswold,69138,100,12758,18.5,8865,12.8,10957,15.8,2236,3.2,8225,11.9,23267,33.7,2830,4.1,1766,2.6,2235,3.2,737,1.1,87,0.1,1402,2
Forest of Dean,67947,100,16664,24.5,9750,14.3,11416,16.8,3045,4.5,8128,12,16285,24,2659,3.9,2148,3.2,1997,2.9,769,1.1,165,0.2,1050,1.5
Gloucester,97531,100,21247,21.8,15704,16.1,16831,17.3,4180,4.3,12832,13.2,21651,22.2,5086,5.2,2734,2.8,3797,3.9,1640,1.7,299,0.3,1850,1.9
Stroud,92251,100,16788,18.2,11898,12.9,14372,15.6,4296,4.7,11257,12.2,30324,32.9,3316,3.6,2702,2.9,2169,2.4,995,1.1,128,0.1,1035,1.1
Tewkesbury,67358,100,12667,18.8,9251,13.7,11230,16.7,2932,4.4,8214,12.2,20329,30.2,2735,4.1,1702,2.5,1433,2.1,731,1.1,91,0.1,602,0.9
Mendip,88882,100,19054,21.4,12036,13.5,15180,17.1,3610,4.1,10697,12,24769,27.9,3536,4,3067,3.5,2147,2.4,951,1.1,124,0.1,1062,1.2
Sedgemoor,93922,100,23534,25.1,13815,14.7,16048,17.1,4386,4.7,11103,11.8,20778,22.1,4258,4.5,2681,2.9,2242,2.4,1065,1.1,185,0.2,972,1
South Somerset,132625,100,29089,21.9,18212,13.7,22503,17,6922,5.2,16481,12.4,33228,25.1,6190,4.7,3373,2.5,2618,2,1326,1,143,0.1,1132,0.9
Taunton Deane,90109,100,18510,20.5,11674,13,16101,17.9,3295,3.7,11068,12.3,25348,28.1,4113,4.6,2756,3.1,2584,2.9,1169,1.3,144,0.2,1263,1.4
West Somerset,29844,100,7403,24.8,4066,13.6,4989,16.7,1195,4,3189,10.7,7415,24.8,1587,5.3,616,2.1,549,1.8,201,0.7,34,0.1,306,1
Anglesey,57890,100,13991,24.2,7342,12.7,9406,16.2,2739,4.7,6887,11.9,15098,26.1,2427,4.2,1500,2.6,1941,3.4,732,1.3,107,0.2,1091,1.9
Gwynedd,100923,100,23365,23.2,11889,11.8,16238,16.1,3783,3.7,14638,14.5,26673,26.4,4337,4.3,2462,2.4,8961,8.9,2321,2.3,715,0.7,5903,5.8
Conwy,96102,100,24577,25.6,12553,13.1,15472,16.1,3786,3.9,10841,11.3,24473,25.5,4400,4.6,2546,2.6,2970,3.1,1290,1.3,171,0.2,1479,1.5
Denbighshire,76781,100,19540,25.4,10723,14,12888,16.8,2929,3.8,8762,11.4,18615,24.2,3324,4.3,2260,2.9,2624,3.4,940,1.2,229,0.3,1441,1.9
Flintshire,123862,100,29116,23.5,19076,15.4,21398,17.3,6031,4.9,15098,12.2,27791,22.4,5352,4.3,3616,2.9,3595,2.9,1674,1.4,256,0.2,1650,1.3
Wrexham,109026,100,29094,26.7,15195,13.9,17584,16.1,4292,3.9,12557,11.5,24851,22.8,5453,5,2776,2.5,4685,4.3,1909,1.8,442,0.4,2319,2.1
Powys,110083,100,27273,24.8,13850,12.6,18040,16.4,4223,3.8,12714,11.5,28991,26.3,4992,4.5,3062,2.8,2366,2.1,999,0.9,112,0.1,1244,1.1
Ceredigion,64692,100,12824,19.8,6811,10.5,9676,15,2094,3.2,12451,19.2,18064,27.9,2772,4.3,1425,2.2,9893,15.3,2155,3.3,1087,1.7,6628,10.2
Pembrokeshire,100362,100,24668,24.6,13695,13.6,16858,16.8,4323,4.3,11812,11.8,24849,24.8,4157,4.1,2726,2.7,2407,2.4,1025,1,138,0.1,1228,1.2
Carmarthenshire,150763,100,40334,26.8,19683,13.1,24748,16.4,6514,4.3,16832,11.2,36036,23.9,6616,4.4,4059,2.7,5025,3.3,1930,1.3,336,0.2,2736,1.8
Swansea,197627,100,47316,23.9,24405,12.3,30216,15.3,8472,4.3,27507,13.9,51081,25.8,8630,4.4,4717,2.4,18548,9.4,5463,2.8,1409,0.7,11637,5.9
Neath Port Talbot,115175,100,35607,30.9,16557,14.4,18371,16,5856,5.1,12629,11,21636,18.8,4519,3.9,3091,2.7,3395,2.9,1333,1.2,256,0.2,1791,1.6
Bridgend,113890,100,32282,28.3,15932,14,18198,16,4748,4.2,12328,10.8,25699,22.6,4703,4.1,3060,2.7,3323,2.9,1335,1.2,249,0.2,1723,1.5
The Vale of Glamorgan,102504,100,20964,20.5,13210,12.9,17287,16.9,4287,4.2,12179,11.9,30527,29.8,4050,4,3132,3.1,3237,3.2,1279,1.2,221,0.2,1714,1.7
Cardiff,283115,100,58688,20.7,31039,11,36812,13,7882,2.8,43037,15.2,91522,32.3,14135,5,6723,2.4,36348,12.8,10530,3.7,2942,1,22832,8.1
"Rhondda, Cynon, Taff",190116,100,60403,31.8,26718,14.1,29749,15.6,6711,3.5,21714,11.4,37168,19.6,7653,4,5110,2.7,9863,5.2,3328,1.8,915,0.5,5575,2.9
Merthyr Tydfil,47842,100,16407,34.3,6832,14.3,7221,15.1,1755,3.7,4810,10.1,8493,17.8,2324,4.9,1371,2.9,1709,3.6,612,1.3,149,0.3,938,2
Caerphilly,143825,100,45102,31.4,21459,14.9,23361,16.2,5595,3.9,16154,11.2,26843,18.7,5311,3.7,4142,2.9,4371,3,1592,1.1,352,0.2,2394,1.7
Blaenau Gwent,57321,100,20662,36,9035,15.8,8879,15.5,2032,3.5,5644,9.8,8689,15.2,2380,4.2,1631,2.8,1636,2.9,562,1,169,0.3,894,1.6
Torfaen,73833,100,21329,28.9,11094,15,12052,16.3,3182,4.3,8267,11.2,14976,20.3,2933,4,2160,2.9,2127,2.9,920,1.2,188,0.3,1002,1.4
Monmouthshire,75080,100,15521,20.7,9446,12.6,11531,15.4,2924,3.9,8107,10.8,24839,33.1,2712,3.6,2343,3.1,1877,2.5,756,1,113,0.2,1000,1.3
Newport,116348,100,31454,27,16399,14.1,17834,15.3,4685,4,13203,11.3,27202,23.4,5571,4.8,3308,2.8,5903,5.1,2201,1.9,682,0.6,3001,2.6
