"local authority: district / unitary (prior to April 2015)","All categories: Household composition","%","One person household","%","One person household: Aged 65 and over","%","One person household: Other","%","One family household","%","One family only: All aged 65 and over","%","One family only: Married or same-sex civil partnership couple","%","One family only: Married or same-sex civil partnership couple: No children","%","One family only: Married or same-sex civil partnership couple: Dependent children","%","One family only: Married or same-sex civil partnership couple: All children non-dependent","%","One family only: Cohabiting couple","%","One family only: Cohabiting couple: No children","%","One family only: Cohabiting couple: Dependent children","%","One family only: Cohabiting couple: All children non-dependent","%","One family only: Lone parent","%","One family only: Lone parent: Dependent children","%","One family only: Lone parent: All children non-dependent","%","Other household types","%","Other household types: With dependent children","%","Other household types: All full-time students","%","Other household types: All aged 65 and over","%","Other household types: Other","%"

"Darlington",46670,100.0,15101,32.4,6124,13.1,8977,19.2,29370,62.9,3877,8.3,15096,32.3,6156,13.2,6464,13.9,2476,5.3,4796,10.3,2457,5.3,2132,4.6,207,0.4,5601,12.0,4044,8.7,1557,3.3,2199,4.7,805,1.7,11,0.0,101,0.2,1282,2.7
"County Durham",223803,100.0,70007,31.3,30493,13.6,39514,17.7,142738,63.8,19385,8.7,76252,34.1,31766,14.2,29999,13.4,14487,6.5,22038,9.8,10555,4.7,10240,4.6,1243,0.6,25063,11.2,17145,7.7,7918,3.5,11058,4.9,3714,1.7,1517,0.7,592,0.3,5235,2.3
"Hartlepool",40434,100.0,13392,33.1,5544,13.7,7848,19.4,25251,62.4,3069,7.6,12577,31.1,4902,12.1,5248,13.0,2427,6.0,4210,10.4,1831,4.5,2140,5.3,239,0.6,5395,13.3,3918,9.7,1477,3.7,1791,4.4,785,1.9,14,0.0,113,0.3,879,2.2
"Middlesbrough",57203,100.0,17708,31.0,7290,12.7,10418,18.2,34875,61.0,3928,6.9,16797,29.4,5936,10.4,7382,12.9,3479,6.1,5617,9.8,2456,4.3,2746,4.8,415,0.7,8533,14.9,5960,10.4,2573,4.5,4620,8.1,1744,3.0,684,1.2,198,0.3,1994,3.5
"Northumberland",138534,100.0,41406,29.9,19407,14.0,21999,15.9,91809,66.3,14239,10.3,50890,36.7,22367,16.1,20013,14.4,8510,6.1,13293,9.6,6769,4.9,5878,4.2,646,0.5,13387,9.7,8610,6.2,4777,3.4,5319,3.8,2077,1.5,22,0.0,384,0.3,2836,2.0
"Redcar and Cleveland",59605,100.0,18735,31.4,8791,14.7,9944,16.7,38456,64.5,5655,9.5,19550,32.8,8014,13.4,7604,12.8,3932,6.6,5927,9.9,2537,4.3,3026,5.1,364,0.6,7324,12.3,5141,8.6,2183,3.7,2414,4.0,1036,1.7,11,0.0,126,0.2,1241,2.1
"Stockton-on-Tees",79159,100.0,21986,27.8,9416,11.9,12570,15.9,52784,66.7,6374,8.1,27965,35.3,10439,13.2,12368,15.6,5158,6.5,8690,11.0,4251,5.4,3920,5.0,519,0.7,9755,12.3,6810,8.6,2945,3.7,4389,5.5,1962,2.5,204,0.3,171,0.2,2052,2.6
"Gateshead",89154,100.0,29313,32.9,12138,13.6,17175,19.3,54914,61.6,7170,8.0,27407,30.7,10633,11.9,11286,12.7,5488,6.2,9741,10.9,5119,5.7,4078,4.6,544,0.6,10596,11.9,6981,7.8,3615,4.1,4927,5.5,1722,1.9,88,0.1,234,0.3,2883,3.2
"Newcastle upon Tyne",117153,100.0,40337,34.4,14705,12.6,25632,21.9,62547,53.4,6910,5.9,31273,26.7,11106,9.5,14591,12.5,5576,4.8,11336,9.7,6172,5.3,4553,3.9,611,0.5,13028,11.1,8943,7.6,4085,3.5,14269,12.2,2717,2.3,4706,4.0,294,0.3,6552,5.6
"North Tyneside",91295,100.0,30960,33.9,12641,13.8,18319,20.1,56303,61.7,7245,7.9,29379,32.2,11653,12.8,12503,13.7,5223,5.7,9240,10.1,4968,5.4,3759,4.1,513,0.6,10439,11.4,7233,7.9,3206,3.5,4032,4.4,1477,1.6,27,0.0,207,0.2,2321,2.5
"South Tyneside",67167,100.0,23459,34.9,9973,14.8,13486,20.1,40664,60.5,5132,7.6,20086,29.9,7541,11.2,8124,12.1,4421,6.6,5879,8.8,2740,4.1,2700,4.0,439,0.7,9567,14.2,6428,9.6,3139,4.7,3044,4.5,1232,1.8,86,0.1,191,0.3,1535,2.3
"Sunderland",119758,100.0,38096,31.8,16075,13.4,22021,18.4,75350,62.9,9498,7.9,38788,32.4,14570,12.2,15356,12.8,8862,7.4,11810,9.9,5183,4.3,5784,4.8,843,0.7,15254,12.7,9907,8.3,5347,4.5,6312,5.3,2575,2.2,677,0.6,288,0.2,2772,2.3
"Blackburn with Darwen",57353,100.0,17419,30.4,6229,10.9,11190,19.5,35600,62.1,3507,6.1,19638,34.2,6273,10.9,10062,17.5,3303,5.8,5316,9.3,2300,4.0,2672,4.7,344,0.6,7139,12.4,5043,8.8,2096,3.7,4334,7.6,2279,4.0,29,0.1,141,0.2,1885,3.3
"Blackpool",64367,100.0,24446,38.0,9650,15.0,14796,23.0,35492,55.1,4917,7.6,15720,24.4,6424,10.0,6347,9.9,2949,4.6,6586,10.2,3045,4.7,3136,4.9,405,0.6,8269,12.8,5733,8.9,2536,3.9,4429,6.9,1687,2.6,54,0.1,266,0.4,2422,3.8
"Cheshire East",159441,100.0,47328,29.7,21409,13.4,25919,16.3,105035,65.9,16201,10.2,59384,37.2,23073,14.5,26545,16.6,9766,6.1,15175,9.5,8293,5.2,6128,3.8,754,0.5,14275,9.0,9367,5.9,4908,3.1,7078,4.4,2426,1.5,173,0.1,357,0.2,4122,2.6
"Cheshire West and Chester",141442,100.0,41841,29.6,18652,13.2,23189,16.4,91940,65.0,13452,9.5,51015,36.1,19789,14.0,21976,15.5,9250,6.5,13590,9.6,7262,5.1,5641,4.0,687,0.5,13883,9.8,9071,6.4,4812,3.4,7661,5.4,2387,1.7,618,0.4,364,0.3,4292,3.0
"Halton",53312,100.0,15833,29.7,6192,11.6,9641,18.1,34755,65.2,3543,6.6,17825,33.4,6689,12.5,7264,13.6,3872,7.3,5671,10.6,2463,4.6,2843,5.3,365,0.7,7716,14.5,5377,10.1,2339,4.4,2724,5.1,1175,2.2,8,0.0,125,0.2,1416,2.7
"Warrington",85140,100.0,24534,28.8,9862,11.6,14672,17.2,56642,66.5,7077,8.3,31538,37.0,11456,13.5,14785,17.4,5297,6.2,8904,10.5,4641,5.5,3783,4.4,480,0.6,9123,10.7,6220,7.3,2903,3.4,3964,4.7,1489,1.7,57,0.1,152,0.2,2266,2.7
"Allerdale",42345,100.0,13169,31.1,6186,14.6,6983,16.5,27389,64.7,4334,10.2,15370,36.3,6580,15.5,6075,14.3,2715,6.4,3738,8.8,1813,4.3,1716,4.1,209,0.5,3947,9.3,2527,6.0,1420,3.4,1787,4.2,650,1.5,5,0.0,154,0.4,978,2.3
"Barrow-in-Furness",31224,100.0,10791,34.6,4531,14.5,6260,20.0,19178,61.4,2662,8.5,10045,32.2,4066,13.0,4092,13.1,1887,6.0,3040,9.7,1407,4.5,1484,4.8,149,0.5,3431,11.0,2379,7.6,1052,3.4,1255,4.0,466,1.5,8,0.0,69,0.2,712,2.3
"Carlisle",48342,100.0,16423,34.0,6736,13.9,9687,20.0,29477,61.0,4114,8.5,15905,32.9,6594,13.6,6533,13.5,2778,5.7,4690,9.7,2476,5.1,1983,4.1,231,0.5,4768,9.9,3078,6.4,1690,3.5,2442,5.1,751,1.6,246,0.5,136,0.3,1309,2.7
"Copeland",30536,100.0,9308,30.5,4023,13.2,5285,17.3,19770,64.7,2838,9.3,11183,36.6,4649,15.2,4438,14.5,2096,6.9,2883,9.4,1400,4.6,1316,4.3,167,0.5,2866,9.4,1803,5.9,1063,3.5,1458,4.8,558,1.8,5,0.0,153,0.5,742,2.4
"Eden",23043,100.0,6958,30.2,3322,14.4,3636,15.8,14969,65.0,2633,11.4,8716,37.8,3860,16.8,3444,14.9,1412,6.1,1969,8.5,1102,4.8,800,3.5,67,0.3,1651,7.2,998,4.3,653,2.8,1116,4.8,335,1.5,39,0.2,91,0.4,651,2.8
"South Lakeland",46552,100.0,15091,32.4,7600,16.3,7491,16.1,29315,63.0,5802,12.5,16435,35.3,7749,16.6,6326,13.6,2360,5.1,3989,8.6,2323,5.0,1503,3.2,163,0.4,3089,6.6,1893,4.1,1196,2.6,2146,4.6,608,1.3,20,0.0,187,0.4,1331,2.9
"Bolton",116371,100.0,37091,31.9,14473,12.4,22618,19.4,72189,62.0,8488,7.3,38132,32.8,13519,11.6,17812,15.3,6801,5.8,11638,10.0,5346,4.6,5648,4.9,644,0.6,13931,12.0,9496,8.2,4435,3.8,7091,6.1,3269,2.8,225,0.2,256,0.2,3341,2.9
"Bury",78113,100.0,24263,31.1,9658,12.4,14605,18.7,49797,63.7,5997,7.7,26732,34.2,9576,12.3,12409,15.9,4747,6.1,7962,10.2,3875,5.0,3661,4.7,426,0.5,9106,11.7,6102,7.8,3004,3.8,4053,5.2,1644,2.1,24,0.0,180,0.2,2205,2.8
"Manchester",204969,100.0,72255,35.3,18891,9.2,53364,26.0,100320,48.9,6292,3.1,42986,21.0,13340,6.5,22769,11.1,6877,3.4,22341,10.9,13633,6.7,7747,3.8,961,0.5,28701,14.0,20272,9.9,8429,4.1,32394,15.8,7518,3.7,6532,3.2,484,0.2,17860,8.7
"Oldham",89703,100.0,26790,29.9,11466,12.8,15324,17.1,56511,63.0,6110,6.8,29481,32.9,9959,11.1,14197,15.8,5325,5.9,9158,10.2,3881,4.3,4613,5.1,664,0.7,11762,13.1,8148,9.1,3614,4.0,6402,7.1,3388,3.8,39,0.0,145,0.2,2830,3.2
"Rochdale",87552,100.0,28183,32.2,10773,12.3,17410,19.9,53685,61.3,5671,6.5,27319,31.2,9656,11.0,12808,14.6,4855,5.5,9284,10.6,4106,4.7,4597,5.3,581,0.7,11411,13.0,7931,9.1,3480,4.0,5684,6.5,2896,3.3,25,0.0,161,0.2,2602,3.0
"Salford",103556,100.0,37751,36.5,12569,12.1,25182,24.3,57807,55.8,5879,5.7,26302,25.4,9554,9.2,11828,11.4,4920,4.8,11668,11.3,6417,6.2,4690,4.5,561,0.5,13958,13.5,9935,9.6,4023,3.9,7998,7.7,2277,2.2,636,0.6,253,0.2,4832,4.7
"Stockport",121979,100.0,38535,31.6,16878,13.8,21657,17.8,77407,63.5,10746,8.8,41415,34.0,14452,11.8,19220,15.8,7743,6.3,11496,9.4,5998,4.9,4910,4.0,588,0.5,13750,11.3,9050,7.4,4700,3.9,6037,4.9,2544,2.1,12,0.0,299,0.2,3182,2.6
"Tameside",94953,100.0,31037,32.7,12138,12.8,18899,19.9,58778,61.9,6455,6.8,29232,30.8,10888,11.5,12472,13.1,5872,6.2,10906,11.5,4871,5.1,5360,5.6,675,0.7,12185,12.8,8354,8.8,3831,4.0,5138,5.4,2377,2.5,10,0.0,195,0.2,2556,2.7
"Trafford",94484,100.0,28179,29.8,12081,12.8,16098,17.0,60249,63.8,7419,7.9,33337,35.3,10693,11.3,16977,18.0,5667,6.0,9064,9.6,4926,5.2,3680,3.9,458,0.5,10429,11.0,6791,7.2,3638,3.9,6056,6.4,2298,2.4,38,0.0,247,0.3,3473,3.7
"Wigan",136386,100.0,40053,29.4,15927,11.7,24126,17.7,90171,66.1,11056,8.1,47069,34.5,17502,12.8,19897,14.6,9670,7.1,15558,11.4,6976,5.1,7700,5.6,882,0.6,16488,12.1,10983,8.1,5505,4.0,6162,4.5,2681,2.0,22,0.0,272,0.2,3187,2.3
"Burnley",37550,100.0,12506,33.3,4749,12.6,7757,20.7,22842,60.8,2760,7.4,11508,30.6,4424,11.8,4878,13.0,2206,5.9,3916,10.4,1743,4.6,1883,5.0,290,0.8,4658,12.4,3237,8.6,1421,3.8,2202,5.9,976,2.6,8,0.0,79,0.2,1139,3.0
"Chorley",44919,100.0,12724,28.3,5320,11.8,7404,16.5,30214,67.3,3856,8.6,17026,37.9,6789,15.1,7355,16.4,2882,6.4,4837,10.8,2482,5.5,2124,4.7,231,0.5,4495,10.0,2981,6.6,1514,3.4,1981,4.4,757,1.7,7,0.0,118,0.3,1099,2.4
"Fylde",34885,100.0,12328,35.3,5893,16.9,6435,18.4,21118,60.5,4068,11.7,11382,32.6,4938,14.2,4635,13.3,1809,5.2,2549,7.3,1463,4.2,958,2.7,128,0.4,3119,8.9,2064,5.9,1055,3.0,1439,4.1,509,1.5,3,0.0,128,0.4,799,2.3
"Hyndburn",34341,100.0,11061,32.2,4243,12.4,6818,19.9,21333,62.1,2660,7.7,10724,31.2,4065,11.8,4792,14.0,1867,5.4,3642,10.6,1630,4.7,1797,5.2,215,0.6,4307,12.5,3072,8.9,1235,3.6,1947,5.7,923,2.7,12,0.0,85,0.2,927,2.7
"Lancaster",57822,100.0,18838,32.6,8225,14.2,10613,18.4,34844,60.3,5388,9.3,18035,31.2,7634,13.2,7603,13.1,2798,4.8,5787,10.0,3121,5.4,2370,4.1,296,0.5,5634,9.7,3986,6.9,1648,2.9,4140,7.2,1072,1.9,860,1.5,196,0.3,2012,3.5
"Pendle",37348,100.0,12088,32.4,4762,12.8,7326,19.6,22822,61.1,2918,7.8,12135,32.5,4742,12.7,5378,14.4,2015,5.4,3871,10.4,1847,4.9,1785,4.8,239,0.6,3898,10.4,2707,7.2,1191,3.2,2438,6.5,1247,3.3,3,0.0,73,0.2,1115,3.0
"Preston",57567,100.0,19835,34.5,6590,11.4,13245,23.0,32724,56.8,3593,6.2,17228,29.9,5874,10.2,8272,14.4,3082,5.4,5461,9.5,2786,4.8,2408,4.2,267,0.5,6442,11.2,4461,7.7,1981,3.4,5008,8.7,1658,2.9,885,1.5,125,0.2,2340,4.1
"Ribble Valley",24045,100.0,6948,28.9,3396,14.1,3552,14.8,16179,67.3,2655,11.0,9450,39.3,3624,15.1,4231,17.6,1595,6.6,2054,8.5,1091,4.5,881,3.7,82,0.3,2020,8.4,1323,5.5,697,2.9,918,3.8,364,1.5,3,0.0,44,0.2,507,2.1
"Rossendale",29058,100.0,8988,30.9,3375,11.6,5613,19.3,18554,63.9,2084,7.2,9768,33.6,3963,13.6,4165,14.3,1640,5.6,3491,12.0,1644,5.7,1634,5.6,213,0.7,3211,11.1,2221,7.6,990,3.4,1516,5.2,700,2.4,5,0.0,60,0.2,751,2.6
"South Ribble",46102,100.0,12453,27.0,5722,12.4,6731,14.6,31422,68.2,4391,9.5,17427,37.8,6659,14.4,7440,16.1,3328,7.2,4781,10.4,2423,5.3,2119,4.6,239,0.5,4823,10.5,3149,6.8,1674,3.6,2227,4.8,860,1.9,7,0.0,110,0.2,1250,2.7
"West Lancashire",45381,100.0,12226,26.9,5843,12.9,6383,14.1,30432,67.1,4566,10.1,16849,37.1,6307,13.9,7157,15.8,3385,7.5,3787,8.3,1778,3.9,1773,3.9,236,0.5,5230,11.5,3413,7.5,1817,4.0,2723,6.0,947,2.1,350,0.8,164,0.4,1262,2.8
"Wyre",47281,100.0,14172,30.0,7762,16.4,6410,13.6,30678,64.9,6259,13.2,16029,33.9,6836,14.5,6303,13.3,2890,6.1,4088,8.6,1950,4.1,1841,3.9,297,0.6,4302,9.1,2691,5.7,1611,3.4,2431,5.1,895,1.9,16,0.0,227,0.5,1293,2.7
"Knowsley",61323,100.0,19041,31.1,7932,12.9,11109,18.1,38290,62.4,4009,6.5,17679,28.8,5485,8.9,7523,12.3,4671,7.6,5595,9.1,2277,3.7,2872,4.7,446,0.7,11007,17.9,7327,11.9,3680,6.0,3992,6.5,1888,3.1,1,0.0,231,0.4,1872,3.1
"Liverpool",206515,100.0,80973,39.2,24610,11.9,56363,27.3,106432,51.5,10151,4.9,46704,22.6,14869,7.2,20378,9.9,11457,5.5,17397,8.4,9257,4.5,7128,3.5,1012,0.5,32180,15.6,21164,10.2,11016,5.3,19110,9.3,4980,2.4,3531,1.7,757,0.4,9842,4.8
"Sefton",117930,100.0,37820,32.1,18414,15.6,19406,16.5,73411,62.2,11419,9.7,37453,31.8,12970,11.0,15739,13.3,8744,7.4,9747,8.3,4525,3.8,4573,3.9,649,0.6,14792,12.5,9216,7.8,5576,4.7,6699,5.7,2692,2.3,12,0.0,520,0.4,3475,2.9
"St. Helens",75736,100.0,22694,30.0,9947,13.1,12747,16.8,49493,65.3,6582,8.7,25593,33.8,9533,12.6,10443,13.8,5617,7.4,7547,10.0,3398,4.5,3677,4.9,472,0.6,9771,12.9,6456,8.5,3315,4.4,3549,4.7,1444,1.9,17,0.0,201,0.3,1887,2.5
"Wirral",140583,100.0,47329,33.7,20621,14.7,26708,19.0,85688,61.0,11955,8.5,42805,30.4,15175,10.8,18501,13.2,9129,6.5,11934,8.5,5795,4.1,5406,3.8,733,0.5,18994,13.5,12735,9.1,6259,4.5,7566,5.4,2988,2.1,22,0.0,519,0.4,4037,2.9
"East Riding of Yorkshire",143032,100.0,39276,27.5,19540,13.7,19736,13.8,97661,68.3,17055,11.9,54892,38.4,24013,16.8,21964,15.4,8915,6.2,14054,9.8,7444,5.2,5894,4.1,716,0.5,11660,8.2,7702,5.4,3958,2.8,6095,4.3,2290,1.6,35,0.0,454,0.3,3316,2.3
"Kingston upon Hull, City of",112596,100.0,39788,35.3,13075,11.6,26713,23.7,64810,57.6,6602,5.9,29616,26.3,11605,10.3,12287,10.9,5724,5.1,14069,12.5,6377,5.7,6868,6.1,824,0.7,14523,12.9,10292,9.1,4231,3.8,7998,7.1,2568,2.3,1366,1.2,266,0.2,3798,3.4
"North East Lincolnshire",69707,100.0,21793,31.3,9190,13.2,12603,18.1,43909,63.0,6092,8.7,21522,30.9,9063,13.0,8557,12.3,3902,5.6,7887,11.3,3540,5.1,3836,5.5,511,0.7,8408,12.1,6071,8.7,2337,3.4,4005,5.7,1418,2.0,31,0.0,206,0.3,2350,3.4
"North Lincolnshire",70684,100.0,19420,27.5,8946,12.7,10474,14.8,46795,66.2,6766,9.6,25278,35.8,10823,15.3,10190,14.4,4265,6.0,8047,11.4,3782,5.4,3796,5.4,469,0.7,6704,9.5,4599,6.5,2105,3.0,4469,6.3,1810,2.6,4,0.0,193,0.3,2462,3.5
"York",83552,100.0,25224,30.2,10803,12.9,14421,17.3,50873,60.9,7373,8.8,27039,32.4,11238,13.5,11855,14.2,3946,4.7,9173,11.0,5724,6.9,3104,3.7,345,0.4,7288,8.7,4897,5.9,2391,2.9,7455,8.9,1444,1.7,1833,2.2,205,0.2,3973,4.8
"Craven",24583,100.0,7651,31.1,3931,16.0,3720,15.1,16003,65.1,2870,11.7,9014,36.7,4012,16.3,3663,14.9,1339,5.4,2139,8.7,1239,5.0,787,3.2,113,0.5,1980,8.1,1269,5.2,711,2.9,929,3.8,328,1.3,3,0.0,72,0.3,526,2.1
"Hambleton",38117,100.0,10679,28.0,5581,14.6,5098,13.4,25777,67.6,4639,12.2,15158,39.8,6344,16.6,6472,17.0,2342,6.1,3211,8.4,1780,4.7,1283,3.4,148,0.4,2769,7.3,1758,4.6,1011,2.7,1661,4.4,600,1.6,1,0.0,122,0.3,938,2.5
"Harrogate",67169,100.0,19340,28.8,9261,13.8,10079,15.0,44277,65.9,6936,10.3,25677,38.2,10293,15.3,11924,17.8,3460,5.2,6033,9.0,3600,5.4,2153,3.2,280,0.4,5631,8.4,3737,5.6,1894,2.8,3552,5.3,1082,1.6,8,0.0,206,0.3,2256,3.4
"Richmondshire",20207,100.0,5239,25.9,2505,12.4,2734,13.5,14024,69.4,2074,10.3,8562,42.4,3736,18.5,3703,18.3,1123,5.6,1681,8.3,944,4.7,654,3.2,83,0.4,1707,8.4,1169,5.8,538,2.7,944,4.7,359,1.8,0,0.0,65,0.3,520,2.6
"Ryedale",22524,100.0,6546,29.1,3557,15.8,2989,13.3,14939,66.3,2731,12.1,8553,38.0,3946,17.5,3258,14.5,1349,6.0,2034,9.0,1142,5.1,798,3.5,94,0.4,1621,7.2,1014,4.5,607,2.7,1039,4.6,327,1.5,0,0.0,120,0.5,592,2.6
"Scarborough",49435,100.0,16966,34.3,8163,16.5,8803,17.8,29868,60.4,5542,11.2,15190,30.7,7183,14.5,5507,11.1,2500,5.1,4589,9.3,2365,4.8,1987,4.0,237,0.5,4547,9.2,3037,6.1,1510,3.1,2601,5.3,885,1.8,167,0.3,159,0.3,1390,2.8
"Selby",34559,100.0,8533,24.7,3913,11.3,4620,13.4,24355,70.5,3223,9.3,14640,42.4,6011,17.4,6284,18.2,2345,6.8,3794,11.0,2116,6.1,1495,4.3,183,0.5,2698,7.8,1727,5.0,971,2.8,1671,4.8,662,1.9,0,0.0,67,0.2,942,2.7
"Barnsley",100734,100.0,29734,29.5,13118,13.0,16616,16.5,66621,66.1,8674,8.6,34128,33.9,13945,13.8,13805,13.7,6378,6.3,12383,12.3,5988,5.9,5758,5.7,637,0.6,11436,11.4,7920,7.9,3516,3.5,4379,4.3,1838,1.8,28,0.0,222,0.2,2291,2.3
"Doncaster",126487,100.0,36104,28.5,16179,12.8,19925,15.8,82278,65.0,10980,8.7,42632,33.7,17141,13.6,17450,13.8,8041,6.4,14771,11.7,6606,5.2,7234,5.7,931,0.7,13895,11.0,9477,7.5,4418,3.5,8105,6.4,3332,2.6,24,0.0,364,0.3,4385,3.5
"Rotherham",108293,100.0,30902,28.5,14286,13.2,16616,15.3,72032,66.5,9894,9.1,38373,35.4,15186,14.0,15982,14.8,7205,6.7,12125,11.2,5626,5.2,5769,5.3,730,0.7,11640,10.7,7908,7.3,3732,3.4,5359,4.9,2609,2.4,9,0.0,232,0.2,2509,2.3
"Sheffield",229928,100.0,73315,31.9,28964,12.6,44351,19.3,135651,59.0,17995,7.8,68851,29.9,25780,11.2,31644,13.8,11427,5.0,24828,10.8,13569,5.9,10080,4.4,1179,0.5,23977,10.4,16760,7.3,7217,3.1,20962,9.1,5327,2.3,5666,2.5,499,0.2,9470,4.1
"Bradford",199296,100.0,58934,29.6,22705,11.4,36229,18.2,121708,61.1,13001,6.5,67531,33.9,22360,11.2,34732,17.4,10439,5.2,19085,9.6,9067,4.5,8819,4.4,1199,0.6,22091,11.1,15305,7.7,6786,3.4,18654,9.4,9863,4.9,621,0.3,450,0.2,7720,3.9
"Calderdale",88621,100.0,29023,32.7,11210,12.6,17813,20.1,54740,61.8,6551,7.4,28879,32.6,11525,13.0,12935,14.6,4419,5.0,9968,11.2,5074,5.7,4411,5.0,483,0.5,9342,10.5,6606,7.5,2736,3.1,4858,5.5,2040,2.3,28,0.0,173,0.2,2617,3.0
"Kirklees",173525,100.0,52553,30.3,20412,11.8,32141,18.5,109622,63.2,13326,7.7,60085,34.6,22357,12.9,28063,16.2,9665,5.6,18115,10.4,9319,5.4,7795,4.5,1001,0.6,18096,10.4,12593,7.3,5503,3.2,11350,6.5,5075,2.9,702,0.4,323,0.2,5250,3.0
"Leeds",320596,100.0,106739,33.3,38326,12.0,68413,21.3,186547,58.2,22346,7.0,95361,29.7,36275,11.3,43842,13.7,15244,4.8,33952,10.6,19713,6.1,12804,4.0,1435,0.4,34888,10.9,24499,7.6,10389,3.2,27310,8.5,7242,2.3,4923,1.5,688,0.2,14457,4.5
"Wakefield",140414,100.0,41640,29.7,18205,13.0,23435,16.7,92074,65.6,11883,8.5,48633,34.6,19856,14.1,19831,14.1,8946,6.4,16171,11.5,7967,5.7,7339,5.2,865,0.6,15387,11.0,10605,7.6,4782,3.4,6700,4.8,2759,2.0,12,0.0,274,0.2,3655,2.6
"Derby",102271,100.0,31578,30.9,12432,12.2,19146,18.7,62268,60.9,7763,7.6,31988,31.3,11264,11.0,15470,15.1,5254,5.1,10651,10.4,5489,5.4,4646,4.5,516,0.5,11866,11.6,8337,8.2,3529,3.5,8425,8.2,3092,3.0,859,0.8,221,0.2,4253,4.2
"Leicester",123125,100.0,36951,30.0,12057,9.8,24894,20.2,68723,55.8,5758,4.7,37257,30.3,10555,8.6,19458,15.8,7244,5.9,10477,8.5,5286,4.3,4606,3.7,585,0.5,15231,12.4,10408,8.5,4823,3.9,17451,14.2,6657,5.4,2914,2.4,260,0.2,7620,6.2
"Nottingham",126131,100.0,45617,36.2,13606,10.8,32011,25.4,63857,50.6,6068,4.8,28144,22.3,10215,8.1,13203,10.5,4726,3.7,13181,10.5,7062,5.6,5385,4.3,734,0.6,16464,13.1,11998,9.5,4466,3.5,16657,13.2,3916,3.1,4845,3.8,265,0.2,7631,6.1
"Rutland",15002,100.0,4111,27.4,2142,14.3,1969,13.1,10337,68.9,1962,13.1,5992,39.9,2580,17.2,2608,17.4,804,5.4,1277,8.5,765,5.1,455,3.0,57,0.4,1106,7.4,714,4.8,392,2.6,554,3.7,194,1.3,1,0.0,52,0.3,307,2.0
"Amber Valley",52596,100.0,14658,27.9,6718,12.8,7940,15.1,35481,67.5,5047,9.6,19486,37.0,8122,15.4,8074,15.4,3290,6.3,6133,11.7,3351,6.4,2472,4.7,310,0.6,4815,9.2,3039,5.8,1776,3.4,2457,4.7,870,1.7,0,0.0,136,0.3,1451,2.8
"Bolsover",32801,100.0,9521,29.0,4411,13.4,5110,15.6,21751,66.3,2963,9.0,11513,35.1,4811,14.7,4690,14.3,2012,6.1,3931,12.0,1907,5.8,1811,5.5,213,0.6,3344,10.2,2216,6.8,1128,3.4,1529,4.7,564,1.7,5,0.0,83,0.3,877,2.7
"Chesterfield",46796,100.0,15412,32.9,6318,13.5,9094,19.4,29411,62.8,4208,9.0,15064,32.2,6333,13.5,6247,13.3,2484,5.3,5248,11.2,2740,5.9,2264,4.8,244,0.5,4891,10.5,3295,7.0,1596,3.4,1973,4.2,646,1.4,4,0.0,108,0.2,1215,2.6
"Derbyshire Dales",30744,100.0,8899,28.9,4656,15.1,4243,13.8,20556,66.9,3635,11.8,11902,38.7,5238,17.0,4836,15.7,1828,5.9,2735,8.9,1530,5.0,1056,3.4,149,0.5,2284,7.4,1385,4.5,899,2.9,1289,4.2,385,1.3,4,0.0,103,0.3,797,2.6
"Erewash",48692,100.0,14164,29.1,6084,12.5,8080,16.6,32386,66.5,4456,9.2,16874,34.7,6869,14.1,7074,14.5,2931,6.0,5898,12.1,3029,6.2,2508,5.2,361,0.7,5158,10.6,3433,7.1,1725,3.5,2142,4.4,751,1.5,8,0.0,120,0.2,1263,2.6
"High Peak",38946,100.0,11362,29.2,4962,12.7,6400,16.4,25751,66.1,3356,8.6,14185,36.4,5722,14.7,6061,15.6,2402,6.2,4372,11.2,2223,5.7,1942,5.0,207,0.5,3838,9.9,2501,6.4,1337,3.4,1833,4.7,539,1.4,75,0.2,97,0.2,1122,2.9
"North East Derbyshire",43070,100.0,12158,28.2,6049,14.0,6109,14.2,29243,67.9,4925,11.4,16254,37.7,6776,15.7,6376,14.8,3102,7.2,4324,10.0,2147,5.0,1931,4.5,246,0.6,3740,8.7,2290,5.3,1450,3.4,1669,3.9,615,1.4,4,0.0,138,0.3,912,2.1
"South Derbyshire",38992,100.0,10059,25.8,4072,10.4,5987,15.4,27204,69.8,3346,8.6,15654,40.1,6193,15.9,7050,18.1,2411,6.2,4715,12.1,2531,6.5,1950,5.0,234,0.6,3489,8.9,2398,6.1,1091,2.8,1729,4.4,635,1.6,9,0.0,72,0.2,1013,2.6
"Blaby",38686,100.0,10095,26.1,4741,12.3,5354,13.8,26655,68.9,4042,10.4,15086,39.0,5637,14.6,6823,17.6,2626,6.8,3995,10.3,2047,5.3,1742,4.5,206,0.5,3532,9.1,2324,6.0,1208,3.1,1936,5.0,828,2.1,8,0.0,99,0.3,1001,2.6
"Charnwood",66516,100.0,18658,28.1,7980,12.0,10678,16.1,42933,64.5,6231,9.4,24063,36.2,9000,13.5,10842,16.3,4221,6.3,6700,10.1,3663,5.5,2715,4.1,322,0.5,5939,8.9,3812,5.7,2127,3.2,4925,7.4,1346,2.0,1252,1.9,140,0.2,2187,3.3
"Harborough",34898,100.0,8995,25.8,4368,12.5,4627,13.3,24412,70.0,3766,10.8,14686,42.1,5603,16.1,6921,19.8,2162,6.2,3411,9.8,1880,5.4,1362,3.9,169,0.5,2549,7.3,1642,4.7,907,2.6,1491,4.3,567,1.6,18,0.1,75,0.2,831,2.4
"Hinckley and Bosworth",45377,100.0,12771,28.1,5608,12.4,7163,15.8,30651,67.5,4582,10.1,17272,38.1,7274,16.0,7102,15.7,2896,6.4,4907,10.8,2700,6.0,1977,4.4,230,0.5,3890,8.6,2616,5.8,1274,2.8,1955,4.3,719,1.6,11,0.0,101,0.2,1124,2.5
"Melton",21490,100.0,5902,27.5,2692,12.5,3210,14.9,14615,68.0,2183,10.2,8288,38.6,3512,16.3,3550,16.5,1226,5.7,2300,10.7,1281,6.0,921,4.3,98,0.5,1844,8.6,1222,5.7,622,2.9,973,4.5,341,1.6,5,0.0,35,0.2,592,2.8
"North West Leicestershire",39128,100.0,10587,27.1,4706,12.0,5881,15.0,26650,68.1,3571,9.1,15334,39.2,6081,15.5,6670,17.0,2583,6.6,4311,11.0,2289,5.9,1796,4.6,226,0.6,3434,8.8,2288,5.8,1146,2.9,1891,4.8,721,1.8,81,0.2,107,0.3,982,2.5
"Oadby and Wigston",21339,100.0,5488,25.7,3031,14.2,2457,11.5,14260,66.8,2401,11.3,8052,37.7,2613,12.2,3711,17.4,1728,8.1,1895,8.9,874,4.1,891,4.2,130,0.6,1912,9.0,1099,5.2,813,3.8,1591,7.5,837,3.9,8,0.0,60,0.3,686,3.2
"Boston",27291,100.0,7676,28.1,3794,13.9,3882,14.2,17307,63.4,2907,10.7,9086,33.3,4089,15.0,3550,13.0,1447,5.3,2851,10.4,1402,5.1,1315,4.8,134,0.5,2463,9.0,1714,6.3,749,2.7,2308,8.5,983,3.6,2,0.0,88,0.3,1235,4.5
"East Lindsey",60890,100.0,18179,29.9,9533,15.7,8646,14.2,39738,65.3,8468,13.9,20851,34.2,10602,17.4,7261,11.9,2988,4.9,5666,9.3,3013,4.9,2397,3.9,256,0.4,4753,7.8,3156,5.2,1597,2.6,2973,4.9,1069,1.8,4,0.0,299,0.5,1601,2.6
"Lincoln",39825,100.0,13696,34.4,4779,12.0,8917,22.4,22560,56.6,2567,6.4,10731,26.9,4613,11.6,4479,11.2,1639,4.1,5022,12.6,2900,7.3,1940,4.9,182,0.5,4240,10.6,2968,7.5,1272,3.2,3569,9.0,811,2.0,709,1.8,74,0.2,1975,5.0
"North Kesteven",45972,100.0,12052,26.2,6100,13.3,5952,12.9,31939,69.5,5567,12.1,18481,40.2,8109,17.6,7905,17.2,2467,5.4,4364,9.5,2457,5.3,1728,3.8,179,0.4,3527,7.7,2395,5.2,1132,2.5,1981,4.3,727,1.6,4,0.0,144,0.3,1106,2.4
"South Holland",37264,100.0,9441,25.3,5272,14.1,4169,11.2,25144,67.5,4699,12.6,13481,36.2,6204,16.6,5231,14.0,2046,5.5,4059,10.9,2153,5.8,1698,4.6,208,0.6,2905,7.8,1913,5.1,992,2.7,2679,7.2,999,2.7,6,0.0,137,0.4,1537,4.1
"South Kesteven",57344,100.0,15599,27.2,7333,12.8,8266,14.4,38961,67.9,5939,10.4,21935,38.3,9440,16.5,9349,16.3,3146,5.5,5969,10.4,3270,5.7,2446,4.3,253,0.4,5118,8.9,3603,6.3,1515,2.6,2784,4.9,987,1.7,10,0.0,155,0.3,1632,2.8
"West Lindsey",38385,100.0,10487,27.3,5094,13.3,5393,14.0,26297,68.5,4404,11.5,14927,38.9,6752,17.6,5954,15.5,2221,5.8,3726,9.7,1974,5.1,1570,4.1,182,0.5,3240,8.4,2203,5.7,1037,2.7,1601,4.2,582,1.5,3,0.0,144,0.4,872,2.3
"Corby",25215,100.0,6696,26.6,2581,10.2,4115,16.3,16475,65.3,1707,6.8,8134,32.3,2961,11.7,3698,14.7,1475,5.8,3230,12.8,1528,6.1,1504,6.0,198,0.8,3404,13.5,2334,9.3,1070,4.2,2044,8.1,784,3.1,3,0.0,88,0.3,1169,4.6
"Daventry",31647,100.0,7953,25.1,3505,11.1,4448,14.1,22170,70.1,3070,9.7,13058,41.3,5398,17.1,5797,18.3,1863,5.9,3306,10.4,1835,5.8,1314,4.2,157,0.5,2736,8.6,1857,5.9,879,2.8,1524,4.8,558,1.8,9,0.0,65,0.2,892,2.8
"East Northamptonshire",35662,100.0,9134,25.6,3951,11.1,5183,14.5,24821,69.6,3342,9.4,14167,39.7,5890,16.5,6311,17.7,1966,5.5,4232,11.9,2290,6.4,1752,4.9,190,0.5,3080,8.6,2084,5.8,996,2.8,1707,4.8,623,1.7,2,0.0,81,0.2,1001,2.8
"Kettering",39701,100.0,11503,29.0,4555,11.5,6948,17.5,26172,65.9,3309,8.3,14469,36.4,5717,14.4,6647,16.7,2105,5.3,4504,11.3,2416,6.1,1904,4.8,184,0.5,3890,9.8,2719,6.8,1171,2.9,2026,5.1,714,1.8,7,0.0,88,0.2,1217,3.1
"Northampton",88731,100.0,27048,30.5,9111,10.3,17937,20.2,54125,61.0,5820,6.6,27675,31.2,10527,11.9,12923,14.6,4225,4.8,10198,11.5,5589,6.3,4196,4.7,413,0.5,10432,11.8,7576,8.5,2856,3.2,7558,8.5,2500,2.8,567,0.6,156,0.2,4335,4.9
"South Northamptonshire",34717,100.0,8264,23.8,3791,10.9,4473,12.9,24885,71.7,3409,9.8,15519,44.7,6144,17.7,7186,20.7,2189,6.3,3377,9.7,1961,5.6,1229,3.5,187,0.5,2580,7.4,1685,4.9,895,2.6,1568,4.5,579,1.7,5,0.0,86,0.2,898,2.6
"Wellingborough",32057,100.0,9502,29.6,3756,11.7,5746,17.9,20666,64.5,2625,8.2,11110,34.7,4542,14.2,4852,15.1,1716,5.4,3315,10.3,1689,5.3,1477,4.6,149,0.5,3616,11.3,2606,8.1,1010,3.2,1889,5.9,733,2.3,2,0.0,87,0.3,1067,3.3
"Ashfield",50931,100.0,14278,28.0,6082,11.9,8196,16.1,34266,67.3,4473,8.8,17802,35.0,7294,14.3,7315,14.4,3193,6.3,6173,12.1,2971,5.8,2874,5.6,328,0.6,5818,11.4,4017,7.9,1801,3.5,2387,4.7,930,1.8,2,0.0,115,0.2,1340,2.6
"Bassetlaw",47667,100.0,13367,28.0,6189,13.0,7178,15.1,32002,67.1,4671,9.8,17704,37.1,7628,16.0,7127,15.0,2949,6.2,5078,10.7,2501,5.2,2332,4.9,245,0.5,4549,9.5,3024,6.3,1525,3.2,2298,4.8,923,1.9,1,0.0,124,0.3,1250,2.6
"Broxtowe",46820,100.0,13083,27.9,6060,12.9,7023,15.0,30779,65.7,4588,9.8,17118,36.6,6775,14.5,7308,15.6,3035,6.5,5058,10.8,2820,6.0,1971,4.2,267,0.6,4015,8.6,2575,5.5,1440,3.1,2958,6.3,792,1.7,318,0.7,133,0.3,1715,3.7
"Gedling",49349,100.0,14641,29.7,6336,12.8,8305,16.8,32335,65.5,4807,9.7,17064,34.6,6797,13.8,7233,14.7,3034,6.1,5331,10.8,2791,5.7,2234,4.5,306,0.6,5133,10.4,3408,6.9,1725,3.5,2373,4.8,893,1.8,20,0.0,113,0.2,1347,2.7
"Mansfield",44928,100.0,13098,29.2,5679,12.6,7419,16.5,29425,65.5,3945,8.8,15300,34.1,6221,13.8,6237,13.9,2842,6.3,5345,11.9,2526,5.6,2508,5.6,311,0.7,4835,10.8,3347,7.4,1488,3.3,2405,5.4,965,2.1,1,0.0,98,0.2,1341,3.0
"Newark and Sherwood",48773,100.0,13842,28.4,6475,13.3,7367,15.1,32657,67.0,4985,10.2,18073,37.1,7718,15.8,7537,15.5,2818,5.8,5041,10.3,2555,5.2,2232,4.6,254,0.5,4558,9.3,3042,6.2,1516,3.1,2274,4.7,838,1.7,45,0.1,120,0.2,1271,2.6
"Rushcliffe",45835,100.0,12464,27.2,5877,12.8,6587,14.4,30875,67.4,4802,10.5,18349,40.0,6837,14.9,8924,19.5,2588,5.6,4208,9.2,2474,5.4,1560,3.4,174,0.4,3516,7.7,2329,5.1,1187,2.6,2496,5.4,696,1.5,291,0.6,106,0.2,1403,3.1
"Herefordshire, County of",78319,100.0,22540,28.8,11209,14.3,11331,14.5,50933,65.0,8811,11.3,27966,35.7,11655,14.9,11754,15.0,4557,5.8,7434,9.5,3981,5.1,3065,3.9,388,0.5,6722,8.6,4274,5.5,2448,3.1,4846,6.2,1620,2.1,44,0.1,320,0.4,2862,3.7
"Shropshire",129674,100.0,37540,28.9,18077,13.9,19463,15.0,85442,65.9,14284,11.0,47196,36.4,19363,14.9,19823,15.3,8010,6.2,12974,10.0,6956,5.4,5445,4.2,573,0.4,10988,8.5,6710,5.2,4278,3.3,6692,5.2,2317,1.8,49,0.0,493,0.4,3833,3.0
"Stoke-on-Trent",107575,100.0,35357,32.9,13323,12.4,22034,20.5,65419,60.8,7663,7.1,32772,30.5,12689,11.8,13858,12.9,6225,5.8,11928,11.1,5457,5.1,5825,5.4,646,0.6,13056,12.1,9048,8.4,4008,3.7,6799,6.3,2534,2.4,806,0.7,277,0.3,3182,3.0
"Telford and Wrekin",66608,100.0,16793,25.2,7113,10.7,9680,14.5,45007,67.6,5035,7.6,24211,36.3,9221,13.8,10915,16.4,4075,6.1,7951,11.9,3793,5.7,3759,5.6,399,0.6,7810,11.7,5394,8.1,2416,3.6,4808,7.2,1928,2.9,182,0.3,165,0.2,2533,3.8
"Cannock Chase",40664,100.0,10940,26.9,4636,11.4,6304,15.5,27741,68.2,3353,8.2,15172,37.3,5686,14.0,6581,16.2,2905,7.1,5117,12.6,2452,6.0,2402,5.9,263,0.6,4099,10.1,2669,6.6,1430,3.5,1983,4.9,840,2.1,0,0.0,88,0.2,1055,2.6
"East Staffordshire",47251,100.0,13823,29.3,5862,12.4,7961,16.8,30774,65.1,4160,8.8,17180,36.4,6596,14.0,7832,16.6,2752,5.8,4858,10.3,2579,5.5,2035,4.3,244,0.5,4576,9.7,3059,6.5,1517,3.2,2654,5.6,1048,2.2,7,0.0,104,0.2,1495,3.2
"Lichfield",41224,100.0,10024,24.3,5032,12.2,4992,12.1,29160,70.7,4872,11.8,16669,40.4,6612,16.0,7065,17.1,2992,7.3,4238,10.3,2199,5.3,1797,4.4,242,0.6,3381,8.2,2016,4.9,1365,3.3,2040,4.9,814,2.0,2,0.0,123,0.3,1101,2.7
"Newcastle-under-Lyme",52574,100.0,16236,30.9,7115,13.5,9121,17.3,33591,63.9,4898,9.3,18259,34.7,7188,13.7,7485,14.2,3586,6.8,5413,10.3,2535,4.8,2599,4.9,279,0.5,5021,9.6,3265,6.2,1756,3.3,2747,5.2,901,1.7,441,0.8,152,0.3,1253,2.4
"South Staffordshire",44458,100.0,11239,25.3,5932,13.3,5307,11.9,31157,70.1,5327,12.0,18122,40.8,6820,15.3,7458,16.8,3844,8.6,4019,9.0,2012,4.5,1758,4.0,249,0.6,3689,8.3,2278,5.1,1411,3.2,2062,4.6,843,1.9,0,0.0,114,0.3,1105,2.5
"Stafford",55703,100.0,16236,29.1,7123,12.8,9113,16.4,36643,65.8,5887,10.6,20788,37.3,8494,15.2,8958,16.1,3336,6.0,5313,9.5,2911,5.2,2168,3.9,234,0.4,4655,8.4,3030,5.4,1625,2.9,2824,5.1,936,1.7,324,0.6,126,0.2,1438,2.6
"Staffordshire Moorlands",41772,100.0,11747,28.1,5637,13.5,6110,14.6,28358,67.9,4739,11.3,16150,38.7,6743,16.1,6303,15.1,3104,7.4,3950,9.5,1964,4.7,1763,4.2,223,0.5,3519,8.4,2171,5.2,1348,3.2,1667,4.0,694,1.7,1,0.0,112,0.3,860,2.1
"Tamworth",31617,100.0,8246,26.1,3434,10.9,4812,15.2,21606,68.3,2393,7.6,11849,37.5,4489,14.2,5104,16.1,2256,7.1,3707,11.7,1800,5.7,1720,5.4,187,0.6,3657,11.6,2528,8.0,1129,3.6,1765,5.6,757,2.4,2,0.0,48,0.2,958,3.0
"North Warwickshire",25812,100.0,6776,26.3,3120,12.1,3656,14.2,17709,68.6,2487,9.6,9904,38.4,3936,15.2,3961,15.3,2007,7.8,2911,11.3,1429,5.5,1303,5.0,179,0.7,2407,9.3,1508,5.8,899,3.5,1327,5.1,552,2.1,1,0.0,66,0.3,708,2.7
"Nuneaton and Bedworth",52711,100.0,15090,28.6,6432,12.2,8658,16.4,34720,65.9,4581,8.7,18939,35.9,7129,13.5,8130,15.4,3680,7.0,5492,10.4,2581,4.9,2648,5.0,263,0.5,5708,10.8,3973,7.5,1735,3.3,2901,5.5,1187,2.3,8,0.0,136,0.3,1570,3.0
"Rugby",41875,100.0,11784,28.1,4979,11.9,6805,16.3,27494,65.7,3935,9.4,15243,36.4,5908,14.1,7090,16.9,2245,5.4,4451,10.6,2456,5.9,1812,4.3,183,0.4,3865,9.2,2675,6.4,1190,2.8,2597,6.2,903,2.2,13,0.0,123,0.3,1558,3.7
"Stratford-on-Avon",51928,100.0,14804,28.5,7482,14.4,7322,14.1,34498,66.4,6137,11.8,19898,38.3,8116,15.6,8685,16.7,3097,6.0,4444,8.6,2645,5.1,1612,3.1,187,0.4,4019,7.7,2533,4.9,1486,2.9,2626,5.1,789,1.5,40,0.1,176,0.3,1621,3.1
"Warwick",58679,100.0,18600,31.7,7196,12.3,11404,19.4,35403,60.3,5003,8.5,19657,33.5,7337,12.5,9243,15.8,3077,5.2,5690,9.7,3708,6.3,1791,3.1,191,0.3,5053,8.6,3348,5.7,1705,2.9,4676,8.0,1230,2.1,977,1.7,138,0.2,2331,4.0
"Birmingham",410736,100.0,131200,31.9,47586,11.6,83614,20.4,232523,56.6,22298,5.4,116754,28.4,32476,7.9,63004,15.3,21274,5.2,33319,8.1,16798,4.1,14637,3.6,1884,0.5,60152,14.6,41471,10.1,18681,4.5,47013,11.4,20256,4.9,4840,1.2,1107,0.3,20810,5.1
"Coventry",128592,100.0,40148,31.2,15353,11.9,24795,19.3,75186,58.5,8970,7.0,37696,29.3,12137,9.4,18355,14.3,7204,5.6,11071,8.6,5495,4.3,4989,3.9,587,0.5,17449,13.6,12396,9.6,5053,3.9,13258,10.3,4124,3.2,2823,2.2,302,0.2,6009,4.7
"Dudley",129867,100.0,36652,28.2,17112,13.2,19540,15.0,86313,66.5,13015,10.0,46297,35.6,16016,12.3,20536,15.8,9745,7.5,13247,10.2,6337,4.9,6240,4.8,670,0.5,13754,10.6,8700,6.7,5054,3.9,6902,5.3,3140,2.4,17,0.0,341,0.3,3404,2.6
"Sandwell",121498,100.0,35935,29.6,15576,12.8,20359,16.8,74636,61.4,8402,6.9,38079,31.3,11682,9.6,18395,15.1,8002,6.6,11738,9.7,4839,4.0,6142,5.1,757,0.6,16417,13.5,10915,9.0,5502,4.5,10927,9.0,5587,4.6,92,0.1,384,0.3,4864,4.0
"Solihull",86056,100.0,25102,29.2,11924,13.9,13178,15.3,56489,65.6,8801,10.2,31655,36.8,10409,12.1,14852,17.3,6394,7.4,6714,7.8,3301,3.8,3020,3.5,393,0.5,9319,10.8,6136,7.1,3183,3.7,4465,5.2,1951,2.3,16,0.0,232,0.3,2266,2.6
"Walsall",107822,100.0,30771,28.5,13845,12.8,16926,15.7,69261,64.2,9594,8.9,35738,33.1,11787,10.9,16371,15.2,7580,7.0,11030,10.2,4663,4.3,5682,5.3,685,0.6,12899,12.0,8388,7.8,4511,4.2,7790,7.2,4062,3.8,59,0.1,291,0.3,3378,3.1
"Wolverhampton",102177,100.0,32876,32.2,13166,12.9,19710,19.3,60631,59.3,7503,7.3,29792,29.2,9433,9.2,13820,13.5,6539,6.4,8998,8.8,3924,3.8,4492,4.4,582,0.6,14338,14.0,9634,9.4,4704,4.6,8670,8.5,4029,3.9,286,0.3,308,0.3,4047,4.0
"Bromsgrove",38290,100.0,10041,26.2,5153,13.5,4888,12.8,26576,69.4,4502,11.8,15380,40.2,5635,14.7,7070,18.5,2675,7.0,3432,9.0,1870,4.9,1363,3.6,199,0.5,3262,8.5,2044,5.3,1218,3.2,1673,4.4,626,1.6,1,0.0,84,0.2,962,2.5
"Malvern Hills",32212,100.0,9555,29.7,5006,15.5,4549,14.1,21077,65.4,4146,12.9,11593,36.0,5096,15.8,4674,14.5,1823,5.7,2803,8.7,1523,4.7,1151,3.6,129,0.4,2535,7.9,1591,4.9,944,2.9,1580,4.9,523,1.6,2,0.0,153,0.5,902,2.8
"Redditch",34722,100.0,9282,26.7,3534,10.2,5748,16.6,23194,66.8,2523,7.3,12800,36.9,4992,14.4,5565,16.0,2243,6.5,3984,11.5,2134,6.1,1667,4.8,183,0.5,3887,11.2,2716,7.8,1171,3.4,2246,6.5,944,2.7,2,0.0,53,0.2,1247,3.6
"Worcester",42042,100.0,13135,31.2,4876,11.6,8259,19.6,25876,61.5,3030,7.2,13702,32.6,5213,12.4,6407,15.2,2082,5.0,4844,11.5,2809,6.7,1836,4.4,199,0.5,4300,10.2,2979,7.1,1321,3.1,3031,7.2,856,2.0,353,0.8,88,0.2,1734,4.1
"Wychavon",49466,100.0,12886,26.1,6764,13.7,6122,12.4,34072,68.9,6043,12.2,19429,39.3,8074,16.3,8237,16.7,3118,6.3,4642,9.4,2581,5.2,1822,3.7,239,0.5,3958,8.0,2424,4.9,1534,3.1,2508,5.1,898,1.8,5,0.0,135,0.3,1470,3.0
"Wyre Forest",42985,100.0,12890,30.0,5974,13.9,6916,16.1,27870,64.8,4577,10.6,14645,34.1,6181,14.4,5736,13.3,2728,6.3,4397,10.2,2240,5.2,1910,4.4,247,0.6,4251,9.9,2809,6.5,1442,3.4,2225,5.2,804,1.9,4,0.0,140,0.3,1277,3.0
"Bedford",63812,100.0,18396,28.8,7616,11.9,10780,16.9,40605,63.6,5210,8.2,22668,35.5,7946,12.5,11027,17.3,3695,5.8,5693,8.9,3084,4.8,2323,3.6,286,0.4,7034,11.0,4854,7.6,2180,3.4,4811,7.5,1918,3.0,325,0.5,150,0.2,2418,3.8
"Central Bedfordshire",104399,100.0,27030,25.9,11724,11.2,15306,14.7,72049,69.0,8854,8.5,41964,40.2,15515,14.9,19464,18.6,6985,6.7,11205,10.7,5920,5.7,4675,4.5,610,0.6,10026,9.6,6767,6.5,3259,3.1,5320,5.1,2039,2.0,116,0.1,220,0.2,2945,2.8
"Luton",74293,100.0,20319,27.3,7171,9.7,13148,17.7,43985,59.2,4307,5.8,24649,33.2,6863,9.2,13587,18.3,4199,5.7,6107,8.2,3069,4.1,2707,3.6,331,0.4,8922,12.0,6066,8.2,2856,3.8,9989,13.4,4486,6.0,907,1.2,169,0.2,4427,6.0
"Peterborough",74023,100.0,21252,28.7,8093,10.9,13159,17.8,45713,61.8,5192,7.0,24357,32.9,8934,12.1,11855,16.0,3568,4.8,7866,10.6,4061,5.5,3441,4.6,364,0.5,8298,11.2,5882,7.9,2416,3.3,7058,9.5,3074,4.2,47,0.1,123,0.2,3814,5.2
"Southend-on-Sea",74678,100.0,24386,32.7,10251,13.7,14135,18.9,44834,60.0,6073,8.1,22507,30.1,7942,10.6,10827,14.5,3738,5.0,8402,11.3,4412,5.9,3577,4.8,413,0.6,7852,10.5,5057,6.8,2795,3.7,5458,7.3,1826,2.4,64,0.1,303,0.4,3265,4.4
"Thurrock",62353,100.0,16368,26.3,6379,10.2,9989,16.0,41175,66.0,4000,6.4,22694,36.4,7283,11.7,11175,17.9,4236,6.8,7527,12.1,3367,5.4,3703,5.9,457,0.7,6954,11.2,4744,7.6,2210,3.5,4810,7.7,2097,3.4,44,0.1,137,0.2,2532,4.1
"Cambridge",46714,100.0,15848,33.9,5194,11.1,10654,22.8,24025,51.4,2671,5.7,13064,28.0,4872,10.4,6513,13.9,1679,3.6,5078,10.9,3319,7.1,1603,3.4,156,0.3,3212,6.9,1977,4.2,1235,2.6,6841,14.6,1149,2.5,1097,2.3,107,0.2,4488,9.6
"East Cambridgeshire",34614,100.0,8893,25.7,4117,11.9,4776,13.8,23871,69.0,3296,9.5,14233,41.1,5544,16.0,6696,19.3,1993,5.8,4052,11.7,2295,6.6,1558,4.5,199,0.6,2290,6.6,1464,4.2,826,2.4,1850,5.3,694,2.0,2,0.0,96,0.3,1058,3.1
"Fenland",40620,100.0,11576,28.5,5809,14.3,5767,14.2,26460,65.1,4365,10.7,13971,34.4,6225,15.3,5538,13.6,2208,5.4,4397,10.8,2217,5.5,1922,4.7,258,0.6,3727,9.2,2591,6.4,1136,2.8,2584,6.4,1011,2.5,1,0.0,137,0.3,1435,3.5
"Huntingdonshire",69333,100.0,17691,25.5,7389,10.7,10302,14.9,47639,68.7,6396,9.2,27889,40.2,11047,15.9,12744,18.4,4098,5.9,7742,11.2,4306,6.2,3102,4.5,334,0.5,5612,8.1,3681,5.3,1931,2.8,4003,5.8,1398,2.0,13,0.0,168,0.2,2424,3.5
"South Cambridgeshire",59960,100.0,14772,24.6,6899,11.5,7873,13.1,41866,69.8,5818,9.7,25881,43.2,9708,16.2,12734,21.2,3439,5.7,6075,10.1,3488,5.8,2303,3.8,284,0.5,4092,6.8,2545,4.2,1547,2.6,3322,5.5,1103,1.8,34,0.1,153,0.3,2032,3.4
"Basildon",72746,100.0,21480,29.5,8981,12.3,12499,17.2,47099,64.7,5889,8.1,25430,35.0,8881,12.2,11808,16.2,4741,6.5,7368,10.1,3580,4.9,3410,4.7,378,0.5,8412,11.6,5617,7.7,2795,3.8,4167,5.7,1675,2.3,6,0.0,186,0.3,2300,3.2
"Braintree",61043,100.0,16537,27.1,7224,11.8,9313,15.3,41475,67.9,5326,8.7,23611,38.7,9046,14.8,10799,17.7,3766,6.2,6567,10.8,3393,5.6,2864,4.7,310,0.5,5971,9.8,4038,6.6,1933,3.2,3031,5.0,1002,1.6,11,0.0,123,0.2,1895,3.1
"Brentwood",30646,100.0,8853,28.9,4179,13.6,4674,15.3,20161,65.8,3110,10.1,11634,38.0,3687,12.0,5765,18.8,2182,7.1,2759,9.0,1555,5.1,1036,3.4,168,0.5,2658,8.7,1661,5.4,997,3.3,1632,5.3,546,1.8,5,0.0,86,0.3,995,3.2
"Castle Point",36440,100.0,9524,26.1,5349,14.7,4175,11.5,25004,68.6,4397,12.1,13958,38.3,5275,14.5,5585,15.3,3098,8.5,3257,8.9,1511,4.1,1496,4.1,250,0.7,3392,9.3,2045,5.6,1347,3.7,1912,5.2,810,2.2,5,0.0,122,0.3,975,2.7
"Chelmsford",69667,100.0,19138,27.5,7991,11.5,11147,16.0,46801,67.2,6551,9.4,27029,38.8,9626,13.8,12710,18.2,4693,6.7,7078,10.2,4044,5.8,2708,3.9,326,0.5,6143,8.8,3897,5.6,2246,3.2,3728,5.4,1095,1.6,113,0.2,165,0.2,2355,3.4
"Colchester",71634,100.0,20849,29.1,8175,11.4,12674,17.7,45899,64.1,6101,8.5,25223,35.2,9618,13.4,11774,16.4,3831,5.3,7457,10.4,4142,5.8,2979,4.2,336,0.5,7118,9.9,4898,6.8,2220,3.1,4886,6.8,1213,1.7,843,1.2,178,0.2,2652,3.7
"Epping Forest",51991,100.0,15285,29.4,6989,13.4,8296,16.0,33641,64.7,4660,9.0,18904,36.4,6367,12.2,8827,17.0,3710,7.1,4887,9.4,2504,4.8,2072,4.0,311,0.6,5190,10.0,3260,6.3,1930,3.7,3065,5.9,1156,2.2,96,0.2,161,0.3,1652,3.2
"Harlow",34620,100.0,10599,30.6,4281,12.4,6318,18.2,21818,63.0,2505,7.2,11035,31.9,3799,11.0,5250,15.2,1986,5.7,3741,10.8,1709,4.9,1831,5.3,201,0.6,4537,13.1,3127,9.0,1410,4.1,2203,6.4,771,2.2,33,0.1,77,0.2,1322,3.8
"Maldon",25817,100.0,6923,26.8,3451,13.4,3472,13.4,17718,68.6,2849,11.0,10488,40.6,4231,16.4,4514,17.5,1743,6.8,2465,9.5,1287,5.0,1035,4.0,143,0.6,1916,7.4,1144,4.4,772,3.0,1176,4.6,406,1.6,3,0.0,78,0.3,689,2.7
"Rochford",33564,100.0,8112,24.2,4644,13.8,3468,10.3,23676,70.5,3941,11.7,13976,41.6,4986,14.9,6228,18.6,2762,8.2,3126,9.3,1549,4.6,1364,4.1,213,0.6,2633,7.8,1525,4.5,1108,3.3,1776,5.3,685,2.0,2,0.0,113,0.3,976,2.9
"Tendring",62105,100.0,20545,33.1,11540,18.6,9005,14.5,38483,62.0,8399,13.5,19043,30.7,8581,13.8,7068,11.4,3394,5.5,4983,8.0,2380,3.8,2284,3.7,319,0.5,6058,9.8,4100,6.6,1958,3.2,3077,5.0,1141,1.8,4,0.0,333,0.5,1599,2.6
"Uttlesford",31316,100.0,7372,23.5,3673,11.7,3699,11.8,22160,70.8,3089,9.9,13552,43.3,4870,15.6,6676,21.3,2006,6.4,3209,10.2,1700,5.4,1351,4.3,158,0.5,2310,7.4,1437,4.6,873,2.8,1784,5.7,641,2.0,4,0.0,82,0.3,1057,3.4
"Broxbourne",37658,100.0,10070,26.7,4584,12.2,5486,14.6,25251,67.1,3379,9.0,13670,36.3,4083,10.8,6663,17.7,2924,7.8,3769,10.0,1695,4.5,1815,4.8,259,0.7,4433,11.8,2909,7.7,1524,4.0,2337,6.2,982,2.6,8,0.0,101,0.3,1246,3.3
"Dacorum",59938,100.0,17275,28.8,7207,12.0,10068,16.8,39270,65.5,4958,8.3,22010,36.7,7477,12.5,10914,18.2,3619,6.0,6306,10.5,3482,5.8,2520,4.2,304,0.5,5996,10.0,3997,6.7,1999,3.3,3393,5.7,1227,2.0,28,0.0,134,0.2,2004,3.3
"East Hertfordshire",56577,100.0,15722,27.8,6379,11.3,9343,16.5,37886,67.0,4794,8.5,22608,40.0,7594,13.4,11653,20.6,3361,5.9,6022,10.6,3436,6.1,2311,4.1,275,0.5,4462,7.9,2950,5.2,1512,2.7,2969,5.2,863,1.5,11,0.0,124,0.2,1971,3.5
"Hertsmere",39778,100.0,11148,28.0,5040,12.7,6108,15.4,25700,64.6,3347,8.4,14915,37.5,4392,11.0,7864,19.8,2659,6.7,3137,7.9,1530,3.8,1378,3.5,229,0.6,4301,10.8,2727,6.9,1574,4.0,2930,7.4,1088,2.7,130,0.3,86,0.2,1626,4.1
"North Hertfordshire",53426,100.0,15494,29.0,6728,12.6,8766,16.4,35077,65.7,4668,8.7,20005,37.4,7203,13.5,9761,18.3,3041,5.7,5624,10.5,3177,5.9,2218,4.2,229,0.4,4780,8.9,3134,5.9,1646,3.1,2855,5.3,1019,1.9,8,0.0,128,0.2,1700,3.2
"St Albans",56140,100.0,14988,26.7,6390,11.4,8598,15.3,37820,67.4,4832,8.6,23209,41.3,6985,12.4,13058,23.3,3166,5.6,5335,9.5,3274,5.8,1842,3.3,219,0.4,4444,7.9,2751,4.9,1693,3.0,3332,5.9,1058,1.9,26,0.0,98,0.2,2150,3.8
"Stevenage",34898,100.0,10455,30.0,4083,11.7,6372,18.3,22334,64.0,2441,7.0,11842,33.9,4023,11.5,5725,16.4,2094,6.0,3714,10.6,1752,5.0,1771,5.1,191,0.5,4337,12.4,2996,8.6,1341,3.8,2109,6.0,787,2.3,26,0.1,47,0.1,1249,3.6
"Three Rivers",35108,100.0,9738,27.7,4433,12.6,5305,15.1,23197,66.1,3109,8.9,13686,39.0,4171,11.9,7071,20.1,2444,7.0,3065,8.7,1630,4.6,1283,3.7,152,0.4,3337,9.5,2105,6.0,1232,3.5,2173,6.2,892,2.5,7,0.0,88,0.3,1186,3.4
"Watford",36681,100.0,11392,31.1,3655,10.0,7737,21.1,21851,59.6,1986,5.4,12249,33.4,3575,9.7,6671,18.2,2003,5.5,3705,10.1,2161,5.9,1376,3.8,168,0.5,3911,10.7,2639,7.2,1272,3.5,3438,9.4,1243,3.4,53,0.1,87,0.2,2055,5.6
"Welwyn Hatfield",43613,100.0,12533,28.7,5427,12.4,7106,16.3,26884,61.6,3741,8.6,14753,33.8,4827,11.1,7585,17.4,2341,5.4,4159,9.5,2105,4.8,1809,4.1,245,0.6,4231,9.7,2836,6.5,1395,3.2,4196,9.6,951,2.2,1170,2.7,108,0.2,1967,4.5
"Breckland",54519,100.0,14150,26.0,7465,13.7,6685,12.3,37070,68.0,6575,12.1,20039,36.8,8856,16.2,8146,14.9,3037,5.6,5846,10.7,3067,5.6,2489,4.6,290,0.5,4610,8.5,3066,5.6,1544,2.8,3299,6.1,1216,2.2,3,0.0,180,0.3,1900,3.5
"Broadland",53336,100.0,14087,26.4,7527,14.1,6560,12.3,36976,69.3,6734,12.6,20941,39.3,8963,16.8,8637,16.2,3341,6.3,5250,9.8,2907,5.5,2082,3.9,261,0.5,4051,7.6,2588,4.9,1463,2.7,2273,4.3,713,1.3,2,0.0,172,0.3,1386,2.6
"Great Yarmouth",42079,100.0,12571,29.9,6244,14.8,6327,15.0,26896,63.9,4343,10.3,13119,31.2,5621,13.4,5055,12.0,2443,5.8,4756,11.3,2079,4.9,2386,5.7,291,0.7,4678,11.1,3246,7.7,1432,3.4,2612,6.2,930,2.2,7,0.0,124,0.3,1551,3.7
"King`s Lynn and West Norfolk",62977,100.0,17116,27.2,9059,14.4,8057,12.8,41940,66.6,8187,13.0,22235,35.3,10101,16.0,8635,13.7,3499,5.6,6656,10.6,3397,5.4,2895,4.6,364,0.6,4862,7.7,3087,4.9,1775,2.8,3921,6.2,1359,2.2,10,0.0,325,0.5,2227,3.5
"North Norfolk",46046,100.0,14320,31.1,8226,17.9,6094,13.2,29492,64.0,6995,15.2,15038,32.7,7618,16.5,5118,11.1,2302,5.0,4222,9.2,2250,4.9,1732,3.8,240,0.5,3237,7.0,1998,4.3,1239,2.7,2234,4.9,663,1.4,0,0.0,282,0.6,1289,2.8
"Norwich",60319,100.0,23020,38.2,7669,12.7,15351,25.4,31236,51.8,3631,6.0,13679,22.7,5824,9.7,5888,9.8,1967,3.3,7697,12.8,4629,7.7,2807,4.7,261,0.4,6229,10.3,4419,7.3,1810,3.0,6063,10.1,910,1.5,1459,2.4,145,0.2,3549,5.9
"South Norfolk",52809,100.0,13870,26.3,7107,13.5,6763,12.8,36687,69.5,6585,12.5,20556,38.9,8874,16.8,8652,16.4,3030,5.7,5588,10.6,3162,6.0,2185,4.1,241,0.5,3958,7.5,2573,4.9,1385,2.6,2252,4.3,701,1.3,7,0.0,201,0.4,1343,2.5
"Babergh",37522,100.0,10570,28.2,5306,14.1,5264,14.0,25424,67.8,4407,11.7,14462,38.5,6191,16.5,6080,16.2,2191,5.8,3529,9.4,1909,5.1,1472,3.9,148,0.4,3026,8.1,1906,5.1,1120,3.0,1528,4.1,490,1.3,1,0.0,126,0.3,911,2.4
"Forest Heath",25376,100.0,7238,28.5,2909,11.5,4329,17.1,16403,64.6,2177,8.6,9110,35.9,3836,15.1,4095,16.1,1179,4.6,2839,11.2,1681,6.6,1024,4.0,134,0.5,2277,9.0,1538,6.1,739,2.9,1735,6.8,527,2.1,12,0.0,83,0.3,1113,4.4
"Ipswich",57298,100.0,18507,32.3,6763,11.8,11744,20.5,35005,61.1,4052,7.1,17653,30.8,6581,11.5,8193,14.3,2879,5.0,7047,12.3,3663,6.4,3050,5.3,334,0.6,6253,10.9,4329,7.6,1924,3.4,3786,6.6,1238,2.2,39,0.1,138,0.2,2371,4.1
"Mid Suffolk",40306,100.0,10219,25.4,5219,12.9,5000,12.4,28436,70.6,4678,11.6,16709,41.5,7211,17.9,7076,17.6,2422,6.0,3983,9.9,2177,5.4,1638,4.1,168,0.4,3066,7.6,2002,5.0,1064,2.6,1651,4.1,612,1.5,2,0.0,100,0.2,937,2.3
"St Edmundsbury",45802,100.0,12089,26.4,5841,12.8,6248,13.6,30784,67.2,4880,10.7,17089,37.3,6973,15.2,7606,16.6,2510,5.5,4765,10.4,2564,5.6,1972,4.3,229,0.5,4050,8.8,2696,5.9,1354,3.0,2929,6.4,878,1.9,7,0.0,156,0.3,1888,4.1
"Suffolk Coastal",53558,100.0,15645,29.2,8261,15.4,7384,13.8,35666,66.6,6900,12.9,20020,37.4,8592,16.0,8528,15.9,2900,5.4,4714,8.8,2574,4.8,1902,3.6,238,0.4,4032,7.5,2666,5.0,1366,2.6,2247,4.2,780,1.5,5,0.0,224,0.4,1238,2.3
"Waveney",50883,100.0,15745,30.9,8300,16.3,7445,14.6,32739,64.3,6414,12.6,16330,32.1,7333,14.4,6333,12.4,2664,5.2,5265,10.3,2529,5.0,2443,4.8,293,0.6,4730,9.3,3172,6.2,1558,3.1,2399,4.7,924,1.8,6,0.0,177,0.3,1292,2.5
"Camden",97534,100.0,39531,40.5,10113,10.4,29418,30.2,41503,42.6,2593,2.7,19661,20.2,7066,7.2,10277,10.5,2318,2.4,9534,9.8,7295,7.5,1937,2.0,302,0.3,9715,10.0,6290,6.4,3425,3.5,16500,16.9,3044,3.1,2322,2.4,339,0.3,10795,11.1
"City of London",4385,100.0,2472,56.4,526,12.0,1946,44.4,1523,34.7,137,3.1,814,18.6,513,11.7,243,5.5,58,1.3,419,9.6,351,8.0,63,1.4,5,0.1,153,3.5,91,2.1,62,1.4,390,8.9,34,0.8,30,0.7,16,0.4,310,7.1
"Hackney",101690,100.0,35635,35.0,7421,7.3,28214,27.7,46272,45.5,1469,1.4,19055,18.7,5273,5.2,11271,11.1,2511,2.5,10551,10.4,7399,7.3,2858,2.8,294,0.3,15197,14.9,10770,10.6,4427,4.4,19783,19.5,4195,4.1,669,0.7,232,0.2,14687,14.4
"Hammersmith and Fulham",80590,100.0,30148,37.4,7058,8.8,23090,28.7,34880,43.3,1621,2.0,16908,21.0,6048,7.5,8914,11.1,1946,2.4,7433,9.2,5838,7.2,1381,1.7,214,0.3,8918,11.1,5791,7.2,3127,3.9,15562,19.3,2379,3.0,1166,1.4,225,0.3,11792,14.6
"Haringey",101955,100.0,32524,31.9,7974,7.8,24550,24.1,52069,51.1,2538,2.5,24091,23.6,7144,7.0,13336,13.1,3611,3.5,10098,9.9,6604,6.5,3174,3.1,320,0.3,15342,15.0,10744,10.5,4598,4.5,17362,17.0,4729,4.6,551,0.5,220,0.2,11862,11.6
"Islington",93556,100.0,36240,38.7,7597,8.1,28643,30.6,41415,44.3,1797,1.9,16430,17.6,6508,7.0,7720,8.3,2202,2.4,10767,11.5,8422,9.0,2058,2.2,287,0.3,12421,13.3,8609,9.2,3812,4.1,15901,17.0,2553,2.7,1290,1.4,204,0.2,11854,12.7
"Kensington and Chelsea",78536,100.0,36524,46.5,8240,10.5,28284,36.0,32269,41.1,2200,2.8,17373,22.1,7135,9.1,8354,10.6,1884,2.4,6247,8.0,5020,6.4,1036,1.3,191,0.2,6449,8.2,3816,4.9,2633,3.4,9743,12.4,2076,2.6,826,1.1,204,0.3,6637,8.5
"Lambeth",130017,100.0,44691,34.4,9208,7.1,35483,27.3,58657,45.1,2270,1.7,23413,18.0,7941,6.1,12402,9.5,3070,2.4,13913,10.7,9944,7.6,3582,2.8,387,0.3,19061,14.7,13559,10.4,5502,4.2,26669,20.5,5304,4.1,859,0.7,227,0.2,20279,15.6
"Lewisham",116091,100.0,39680,34.2,9994,8.6,29686,25.6,59590,51.3,3134,2.7,26242,22.6,7985,6.9,14152,12.2,4105,3.5,11419,9.8,6755,5.8,4200,3.6,464,0.4,18795,16.2,13301,11.5,5494,4.7,16821,14.5,5257,4.5,718,0.6,307,0.3,10539,9.1
"Newham",101519,100.0,26536,26.1,7001,6.9,19535,19.2,49217,48.5,1975,1.9,26466,26.1,5633,5.5,16468,16.2,4365,4.3,5789,5.7,3028,3.0,2414,2.4,347,0.3,14987,14.8,10300,10.1,4687,4.6,25766,25.4,10633,10.5,1791,1.8,219,0.2,13123,12.9
"Southwark",120422,100.0,40307,33.5,9008,7.5,31299,26.0,56510,46.9,2291,1.9,23747,19.7,8369,6.9,12282,10.2,3096,2.6,13368,11.1,8825,7.3,4095,3.4,448,0.4,17104,14.2,12016,10.0,5088,4.2,23605,19.6,5652,4.7,1747,1.5,245,0.2,15961,13.3
"Tower Hamlets",101257,100.0,35047,34.6,6038,6.0,29009,28.6,44341,43.8,1295,1.3,22674,22.4,7303,7.2,13219,13.1,2152,2.1,9613,9.5,7606,7.5,1782,1.8,225,0.2,10759,10.6,7327,7.2,3432,3.4,21869,21.6,4588,4.5,1974,1.9,162,0.2,15145,15.0
"Wandsworth",130493,100.0,42106,32.3,10385,8.0,31721,24.3,63016,48.3,3045,2.3,32215,24.7,11518,8.8,17166,13.2,3531,2.7,15418,11.8,12391,9.5,2730,2.1,297,0.2,12338,9.5,7909,6.1,4429,3.4,25371,19.4,3847,2.9,965,0.7,299,0.2,20260,15.5
"Westminster",105772,100.0,47893,45.3,11035,10.4,36858,34.8,42784,40.4,2712,2.6,22111,20.9,9268,8.8,10401,9.8,2442,2.3,8452,8.0,7033,6.6,1196,1.1,223,0.2,9509,9.0,6002,5.7,3507,3.3,15095,14.3,2500,2.4,1297,1.2,258,0.2,11040,10.4
"Barking and Dagenham",69681,100.0,19215,27.6,7347,10.5,11868,17.0,41787,60.0,2884,4.1,20207,29.0,5003,7.2,11515,16.5,3689,5.3,5426,7.8,2022,2.9,3036,4.4,368,0.5,13270,19.0,10009,14.4,3261,4.7,8679,12.5,4377,6.3,235,0.3,181,0.3,3886,5.6
"Barnet",135916,100.0,37957,27.9,14407,10.6,23550,17.3,79382,58.4,7784,5.7,46801,34.4,12208,9.0,26305,19.4,8288,6.1,9043,6.7,5552,4.1,3027,2.2,464,0.3,15754,11.6,10069,7.4,5685,4.2,18577,13.7,6100,4.5,645,0.5,443,0.3,11389,8.4
"Bexley",92604,100.0,25789,27.8,11992,12.9,13797,14.9,60019,64.8,7605,8.2,32291,34.9,9550,10.3,15837,17.1,6904,7.5,8434,9.1,3776,4.1,4091,4.4,567,0.6,11689,12.6,7707,8.3,3982,4.3,6796,7.3,3049,3.3,205,0.2,316,0.3,3226,3.5
"Brent",110286,100.0,30616,27.8,8808,8.0,21808,19.8,56451,51.2,3816,3.5,30776,27.9,6769,6.1,17023,15.4,6984,6.3,6503,5.9,3863,3.5,2290,2.1,350,0.3,15356,13.9,9793,8.9,5563,5.0,23219,21.1,8801,8.0,595,0.5,437,0.4,13386,12.1
"Bromley",130862,100.0,40815,31.2,16856,12.9,23959,18.3,81743,62.5,10661,8.1,45056,34.4,14433,11.0,22527,17.2,8096,6.2,11584,8.9,6389,4.9,4603,3.5,592,0.5,14442,11.0,9631,7.4,4811,3.7,8304,6.3,2988,2.3,56,0.0,426,0.3,4834,3.7
"Croydon",145010,100.0,43043,29.7,14107,9.7,28936,20.0,85662,59.1,7394,5.1,43480,30.0,12719,8.8,22469,15.5,8292,5.7,11628,8.0,5870,4.0,5034,3.5,724,0.5,23160,16.0,16821,11.6,6339,4.4,16305,11.2,6729,4.6,319,0.2,387,0.3,8870,6.1
"Ealing",124082,100.0,35329,28.5,11328,9.1,24001,19.3,66901,53.9,4570,3.7,38579,31.1,9700,7.8,21727,17.5,7152,5.8,8614,6.9,5368,4.3,2828,2.3,418,0.3,15138,12.2,9628,7.8,5510,4.4,21852,17.6,7833,6.3,575,0.5,346,0.3,13098,10.6
"Enfield",119916,100.0,33359,27.8,12108,10.1,21251,17.7,73335,61.2,6563,5.5,38594,32.2,9533,7.9,20885,17.4,8176,6.8,8200,6.8,4127,3.4,3562,3.0,511,0.4,19978,16.7,14129,11.8,5849,4.9,13222,11.0,5471,4.6,310,0.3,294,0.2,7147,6.0
"Greenwich",101045,100.0,32370,32.0,9418,9.3,22952,22.7,55070,54.5,3866,3.8,26877,26.6,8209,8.1,14138,14.0,4530,4.5,9683,9.6,5193,5.1,4005,4.0,485,0.5,14644,14.5,10459,10.4,4185,4.1,13605,13.5,5381,5.3,693,0.7,236,0.2,7295,7.2
"Harrow",84268,100.0,19008,22.6,8985,10.7,10023,11.9,52399,62.2,5817,6.9,33338,39.6,8150,9.7,17797,21.1,7391,8.8,3950,4.7,2191,2.6,1472,1.7,287,0.3,9294,11.0,5560,6.6,3734,4.4,12861,15.3,5831,6.9,255,0.3,281,0.3,6494,7.7
"Havering",97199,100.0,28215,29.0,13499,13.9,14716,15.1,62856,64.7,8850,9.1,34134,35.1,10548,10.9,15625,16.1,7961,8.2,8431,8.7,4012,4.1,3849,4.0,570,0.6,11441,11.8,7224,7.4,4217,4.3,6128,6.3,2543,2.6,53,0.1,337,0.3,3195,3.3
"Hillingdon",100214,100.0,25290,25.2,10953,10.9,14337,14.3,62745,62.6,6215,6.2,35765,35.7,9879,9.9,18844,18.8,7042,7.0,7936,7.9,4040,4.0,3367,3.4,529,0.5,12829,12.8,8542,8.5,4287,4.3,12179,12.2,5130,5.1,870,0.9,242,0.2,5937,5.9
"Hounslow",94902,100.0,25985,27.4,8651,9.1,17334,18.3,53645,56.5,3659,3.9,30772,32.4,8467,8.9,16596,17.5,5709,6.0,7326,7.7,4197,4.4,2681,2.8,448,0.5,11888,12.5,7670,8.1,4218,4.4,15272,16.1,5805,6.1,491,0.5,219,0.2,8757,9.2
"Kingston upon Thames",63639,100.0,18198,28.6,6762,10.6,11436,18.0,37942,59.6,3562,5.6,22736,35.7,6851,10.8,12309,19.3,3576,5.6,6045,9.5,3907,6.1,1901,3.0,237,0.4,5599,8.8,3550,5.6,2049,3.2,7499,11.8,1924,3.0,1267,2.0,177,0.3,4131,6.5
"Merton",78757,100.0,22294,28.3,7695,9.8,14599,18.5,45323,57.5,3626,4.6,26288,33.4,8090,10.3,14118,17.9,4080,5.2,7287,9.3,4801,6.1,2199,2.8,287,0.4,8122,10.3,5093,6.5,3029,3.8,11140,14.1,3478,4.4,248,0.3,207,0.3,7207,9.2
"Redbridge",99105,100.0,25228,25.5,9992,10.1,15236,15.4,59846,60.4,5361,5.4,36511,36.8,8612,8.7,20726,20.9,7173,7.2,5871,5.9,3192,3.2,2329,2.4,350,0.4,12103,12.2,8217,8.3,3886,3.9,14031,14.2,6885,6.9,435,0.4,275,0.3,6436,6.5
"Richmond upon Thames",79835,100.0,26008,32.6,9434,11.8,16574,20.8,47292,59.2,4238,5.3,28502,35.7,9223,11.6,15747,19.7,3532,4.4,8288,10.4,5649,7.1,2409,3.0,230,0.3,6264,7.8,3882,4.9,2382,3.0,6535,8.2,1610,2.0,285,0.4,223,0.3,4417,5.5
"Sutton",78174,100.0,23749,30.4,9203,11.8,14546,18.6,48503,62.0,4981,6.4,27630,35.3,8336,10.7,14401,18.4,4893,6.3,7390,9.5,3902,5.0,3081,3.9,407,0.5,8502,10.9,5559,7.1,2943,3.8,5922,7.6,2322,3.0,25,0.0,212,0.3,3363,4.3
"Waltham Forest",96861,100.0,28756,29.7,8879,9.2,19877,20.5,51894,53.6,3534,3.6,26870,27.7,6725,6.9,15246,15.7,4899,5.1,8247,8.5,4283,4.4,3504,3.6,460,0.5,13243,13.7,8918,9.2,4325,4.5,16211,16.7,5995,6.2,617,0.6,264,0.3,9335,9.6
"Bracknell Forest",45878,100.0,12707,27.7,4448,9.7,8259,18.0,30227,65.9,2994,6.5,17780,38.8,6197,13.5,8980,19.6,2603,5.7,4983,10.9,2943,6.4,1836,4.0,204,0.4,4470,9.7,3046,6.6,1424,3.1,2944,6.4,1077,2.3,24,0.1,89,0.2,1754,3.8
"Brighton and Hove",121540,100.0,44294,36.4,14468,11.9,29826,24.5,61608,50.7,5854,4.8,28337,23.3,10577,8.7,13862,11.4,3898,3.2,15428,12.7,9918,8.2,5051,4.2,459,0.4,11989,9.9,8637,7.1,3352,2.8,15638,12.9,2259,1.9,2873,2.4,348,0.3,10158,8.4
"Isle of Wight",61085,100.0,19957,32.7,10055,16.5,9902,16.2,37649,61.6,6944,11.4,18827,30.8,8680,14.2,7373,12.1,2774,4.5,5699,9.3,2884,4.7,2526,4.1,289,0.5,6179,10.1,4164,6.8,2015,3.3,3479,5.7,1189,1.9,19,0.0,285,0.5,1986,3.3
"Medway",106209,100.0,29434,27.7,11868,11.2,17566,16.5,69146,65.1,7436,7.0,37399,35.2,13175,12.4,17447,16.4,6777,6.4,11888,11.2,5547,5.2,5695,5.4,646,0.6,12423,11.7,8406,7.9,4017,3.8,7629,7.2,2775,2.6,497,0.5,249,0.2,4108,3.9
"Milton Keynes",98584,100.0,25546,25.9,8602,8.7,16944,17.2,64729,65.7,5429,5.5,36529,37.1,12966,13.2,18274,18.5,5289,5.4,11349,11.5,6017,6.1,4839,4.9,493,0.5,11422,11.6,8166,8.3,3256,3.3,8309,8.4,3187,3.2,51,0.1,146,0.1,4925,5.0
"Portsmouth",85473,100.0,27471,32.1,10334,12.1,17137,20.0,47664,55.8,4881,5.7,23257,27.2,8339,9.8,11217,13.1,3701,4.3,9451,11.1,5229,6.1,3802,4.4,420,0.5,10075,11.8,7335,8.6,2740,3.2,10338,12.1,2123,2.5,2910,3.4,279,0.3,5026,5.9
"Reading",62869,100.0,19237,30.6,5954,9.5,13283,21.1,35995,57.3,3288,5.2,19209,30.6,6679,10.6,9894,15.7,2636,4.2,6722,10.7,4227,6.7,2252,3.6,243,0.4,6776,10.8,4727,7.5,2049,3.3,7637,12.1,2030,3.2,951,1.5,144,0.2,4512,7.2
"Slough",50766,100.0,14447,28.5,4013,7.9,10434,20.6,29328,57.8,1812,3.6,17235,33.9,4199,8.3,10172,20.0,2864,5.6,3790,7.5,1951,3.8,1650,3.3,189,0.4,6491,12.8,4503,8.9,1988,3.9,6991,13.8,3548,7.0,105,0.2,87,0.2,3251,6.4
"Southampton",98254,100.0,33241,33.8,11283,11.5,21958,22.3,53070,54.0,5647,5.7,26595,27.1,10010,10.2,12451,12.7,4134,4.2,10780,11.0,6308,6.4,3987,4.1,485,0.5,10048,10.2,6918,7.0,3130,3.2,11943,12.2,2629,2.7,2955,3.0,252,0.3,6107,6.2
"West Berkshire",62340,100.0,16123,25.9,6820,10.9,9303,14.9,42638,68.4,5302,8.5,25949,41.6,9751,15.6,12344,19.8,3854,6.2,6289,10.1,3636,5.8,2379,3.8,274,0.4,5098,8.2,3340,5.4,1758,2.8,3579,5.7,1187,1.9,15,0.0,146,0.2,2231,3.6
"Windsor and Maidenhead",58349,100.0,16554,28.4,6926,11.9,9628,16.5,37618,64.5,5052,8.7,22590,38.7,7724,13.2,11430,19.6,3436,5.9,5306,9.1,3140,5.4,1926,3.3,240,0.4,4670,8.0,2898,5.0,1772,3.0,4177,7.2,1440,2.5,16,0.0,135,0.2,2586,4.4
"Wokingham",60332,100.0,14084,23.3,6164,10.2,7920,13.1,42808,71.0,5670,9.4,27437,45.5,9223,15.3,14167,23.5,4047,6.7,5339,8.8,3228,5.4,1902,3.2,209,0.3,4362,7.2,2679,4.4,1683,2.8,3440,5.7,1270,2.1,30,0.0,109,0.2,2031,3.4
"Aylesbury Vale",69406,100.0,17612,25.4,7421,10.7,10191,14.7,47307,68.2,5629,8.1,28448,41.0,10363,14.9,14099,20.3,3986,5.7,7135,10.3,4067,5.9,2732,3.9,336,0.5,6095,8.8,3955,5.7,2140,3.1,4487,6.5,1568,2.3,85,0.1,200,0.3,2634,3.8
"Chiltern",36946,100.0,9179,24.8,4976,13.5,4203,11.4,25774,69.8,4295,11.6,16049,43.4,5204,14.1,8446,22.9,2399,6.5,2736,7.4,1413,3.8,1163,3.1,160,0.4,2694,7.3,1621,4.4,1073,2.9,1993,5.4,640,1.7,5,0.0,94,0.3,1254,3.4
"South Bucks",26514,100.0,7136,26.9,3708,14.0,3428,12.9,17460,65.9,2821,10.6,10558,39.8,3435,13.0,5272,19.9,1851,7.0,2054,7.7,1099,4.1,845,3.2,110,0.4,2027,7.6,1198,4.5,829,3.1,1918,7.2,783,3.0,26,0.1,66,0.2,1043,3.9
"Wycombe",67861,100.0,18138,26.7,7547,11.1,10591,15.6,44266,65.2,6061,8.9,26341,38.8,8983,13.2,13380,19.7,3978,5.9,6078,9.0,3617,5.3,2195,3.2,266,0.4,5786,8.5,3776,5.6,2010,3.0,5457,8.0,1952,2.9,346,0.5,133,0.2,3026,4.5
"Eastbourne",45012,100.0,16298,36.2,7731,17.2,8567,19.0,25292,56.2,4487,10.0,12027,26.7,4940,11.0,5300,11.8,1787,4.0,4290,9.5,2340,5.2,1743,3.9,207,0.5,4488,10.0,3097,6.9,1391,3.1,3422,7.6,887,2.0,268,0.6,250,0.6,2017,4.5
"Hastings",41159,100.0,15781,38.3,5404,13.1,10377,25.2,22670,55.1,2710,6.6,10590,25.7,4431,10.8,4575,11.1,1584,3.8,4563,11.1,2392,5.8,1965,4.8,206,0.5,4807,11.7,3436,8.3,1371,3.3,2708,6.6,902,2.2,57,0.1,135,0.3,1614,3.9
"Lewes",42181,100.0,12744,30.2,6854,16.2,5890,14.0,26837,63.6,4892,11.6,13994,33.2,5655,13.4,6066,14.4,2273,5.4,4017,9.5,2049,4.9,1753,4.2,215,0.5,3934,9.3,2533,6.0,1401,3.3,2600,6.2,787,1.9,19,0.0,202,0.5,1592,3.8
"Rother",40877,100.0,13889,34.0,8084,19.8,5805,14.2,24891,60.9,5661,13.8,12723,31.1,5996,14.7,4804,11.8,1923,4.7,3249,7.9,1783,4.4,1312,3.2,154,0.4,3258,8.0,2098,5.1,1160,2.8,2097,5.1,803,2.0,1,0.0,194,0.5,1099,2.7
"Wealden",62676,100.0,17279,27.6,9562,15.3,7717,12.3,42136,67.2,7928,12.6,23907,38.1,9738,15.5,10451,16.7,3718,5.9,5260,8.4,2773,4.4,2212,3.5,275,0.4,5041,8.0,3179,5.1,1862,3.0,3261,5.2,1093,1.7,6,0.0,277,0.4,1885,3.0
"Basingstoke and Deane",69315,100.0,18298,26.4,6890,9.9,11408,16.5,46654,67.3,5493,7.9,27409,39.5,10544,15.2,13070,18.9,3795,5.5,7435,10.7,4287,6.2,2871,4.1,277,0.4,6317,9.1,4274,6.2,2043,2.9,4363,6.3,1509,2.2,17,0.0,115,0.2,2722,3.9
"East Hampshire",47258,100.0,12182,25.8,6087,12.9,6095,12.9,32489,68.7,5113,10.8,19626,41.5,7599,16.1,9180,19.4,2847,6.0,4011,8.5,2310,4.9,1500,3.2,201,0.4,3739,7.9,2343,5.0,1396,3.0,2587,5.5,849,1.8,8,0.0,181,0.4,1549,3.3
"Eastleigh",52177,100.0,13934,26.7,6190,11.9,7744,14.8,35219,67.5,4758,9.1,20321,38.9,7573,14.5,9483,18.2,3265,6.3,5445,10.4,3130,6.0,2066,4.0,249,0.5,4695,9.0,3171,6.1,1524,2.9,3024,5.8,1001,1.9,23,0.0,102,0.2,1898,3.6
"Fareham",46579,100.0,11814,25.4,6178,13.3,5636,12.1,32339,69.4,5553,11.9,18829,40.4,7391,15.9,8317,17.9,3121,6.7,4179,9.0,2372,5.1,1612,3.5,195,0.4,3778,8.1,2369,5.1,1409,3.0,2426,5.2,822,1.8,22,0.0,142,0.3,1440,3.1
"Gosport",35430,100.0,10566,29.8,4572,12.9,5994,16.9,22713,64.1,3016,8.5,11840,33.4,4861,13.7,5188,14.6,1791,5.1,3713,10.5,1909,5.4,1628,4.6,176,0.5,4144,11.7,2993,8.4,1151,3.2,2151,6.1,752,2.1,9,0.0,84,0.2,1306,3.7
"Hart",35510,100.0,7961,22.4,3715,10.5,4246,12.0,25510,71.8,3653,10.3,16227,45.7,5618,15.8,8224,23.2,2385,6.7,3248,9.1,1810,5.1,1270,3.6,168,0.5,2382,6.7,1456,4.1,926,2.6,2039,5.7,712,2.0,0,0.0,90,0.3,1237,3.5
"Havant",51311,100.0,14675,28.6,7470,14.6,7205,14.0,33678,65.6,5836,11.4,17225,33.6,7003,13.6,7132,13.9,3090,6.0,4990,9.7,2368,4.6,2290,4.5,332,0.6,5627,11.0,3771,7.3,1856,3.6,2958,5.8,1094,2.1,5,0.0,190,0.4,1669,3.3
"New Forest",76839,100.0,22210,28.9,12423,16.2,9787,12.7,50407,65.6,10490,13.7,27440,35.7,11857,15.4,11129,14.5,4454,5.8,6223,8.1,3415,4.4,2467,3.2,341,0.4,6254,8.1,4066,5.3,2188,2.8,4222,5.5,1287,1.7,8,0.0,359,0.5,2568,3.3
"Rushmoor",36344,100.0,9291,25.6,3410,9.4,5881,16.2,23733,65.3,2183,6.0,13986,38.5,4608,12.7,7292,20.1,2086,5.7,4036,11.1,2245,6.2,1610,4.4,181,0.5,3528,9.7,2350,6.5,1178,3.2,3320,9.1,1279,3.5,21,0.1,82,0.2,1938,5.3
"Test Valley",47626,100.0,11855,24.9,5702,12.0,6153,12.9,32972,69.2,4909,10.3,19711,41.4,7963,16.7,8875,18.6,2873,6.0,4429,9.3,2542,5.3,1655,3.5,232,0.5,3923,8.2,2586,5.4,1337,2.8,2799,5.9,974,2.0,4,0.0,120,0.3,1701,3.6
"Winchester",46865,100.0,12837,27.4,6297,13.4,6540,14.0,30849,65.8,4960,10.6,18640,39.8,7213,15.4,9036,19.3,2391,5.1,4164,8.9,2564,5.5,1424,3.0,176,0.4,3085,6.6,2028,4.3,1057,2.3,3179,6.8,788,1.7,498,1.1,154,0.3,1739,3.7
"Ashford",47787,100.0,12242,25.6,5654,11.8,6588,13.8,32660,68.3,4486,9.4,18038,37.7,6821,14.3,8473,17.7,2744,5.7,5267,11.0,2639,5.5,2386,5.0,242,0.5,4869,10.2,3408,7.1,1461,3.1,2885,6.0,1144,2.4,7,0.0,167,0.3,1567,3.3
"Canterbury",60771,100.0,18085,29.8,8855,14.6,9230,15.2,36397,59.9,6067,10.0,19131,31.5,7899,13.0,8337,13.7,2895,4.8,5502,9.1,3005,4.9,2263,3.7,234,0.4,5697,9.4,3928,6.5,1769,2.9,6289,10.3,1301,2.1,2174,3.6,213,0.4,2601,4.3
"Dartford",40081,100.0,11643,29.0,4116,10.3,7527,18.8,25957,64.8,2944,7.3,13772,34.4,4521,11.3,6821,17.0,2430,6.1,4686,11.7,2427,6.1,2024,5.0,235,0.6,4555,11.4,3126,7.8,1429,3.6,2481,6.2,1013,2.5,21,0.1,90,0.2,1357,3.4
"Dover",48310,100.0,15276,31.6,7067,14.6,8209,17.0,30251,62.6,4722,9.8,15907,32.9,6810,14.1,6461,13.4,2636,5.5,4882,10.1,2359,4.9,2228,4.6,295,0.6,4740,9.8,3058,6.3,1682,3.5,2783,5.8,1002,2.1,6,0.0,172,0.4,1603,3.3
"Gravesham",40431,100.0,11131,27.5,4918,12.2,6213,15.4,26010,64.3,3382,8.4,14014,34.7,4587,11.3,6757,16.7,2670,6.6,4076,10.1,1880,4.6,1943,4.8,253,0.6,4538,11.2,3004,7.4,1534,3.8,3290,8.1,1475,3.6,13,0.0,129,0.3,1673,4.1
"Maidstone",63447,100.0,16452,25.9,7299,11.5,9153,14.4,42938,67.7,5988,9.4,24015,37.9,9044,14.3,11050,17.4,3921,6.2,6760,10.7,3761,5.9,2718,4.3,281,0.4,6175,9.7,4255,6.7,1920,3.0,4057,6.4,1405,2.2,97,0.2,172,0.3,2383,3.8
"Sevenoaks",47020,100.0,12697,27.0,6386,13.6,6311,13.4,32081,68.2,4876,10.4,18982,40.4,6664,14.2,9139,19.4,3179,6.8,4374,9.3,2325,4.9,1809,3.8,240,0.5,3849,8.2,2287,4.9,1562,3.3,2242,4.8,838,1.8,6,0.0,142,0.3,1256,2.7
"Shepway",47379,100.0,15791,33.3,7116,15.0,8675,18.3,28515,60.2,4718,10.0,14444,30.5,6135,12.9,6084,12.8,2225,4.7,4752,10.0,2412,5.1,2078,4.4,262,0.6,4601,9.7,3048,6.4,1553,3.3,3073,6.5,1115,2.4,50,0.1,180,0.4,1728,3.6
"Swale",55585,100.0,15128,27.2,6797,12.2,8331,15.0,37249,67.0,4931,8.9,19543,35.2,7772,14.0,8474,15.2,3297,5.9,6540,11.8,3057,5.5,3128,5.6,355,0.6,6235,11.2,4470,8.0,1765,3.2,3208,5.8,1372,2.5,4,0.0,145,0.3,1687,3.0
"Thanet",59513,100.0,20646,34.7,9649,16.2,10997,18.5,35089,59.0,5650,9.5,16623,27.9,7125,12.0,6896,11.6,2602,4.4,5882,9.9,2804,4.7,2802,4.7,276,0.5,6934,11.7,4968,8.3,1966,3.3,3778,6.3,1442,2.4,85,0.1,279,0.5,1972,3.3
"Tonbridge and Malling",48140,100.0,11553,24.0,5635,11.7,5918,12.3,33931,70.5,4777,9.9,19430,40.4,6836,14.2,9539,19.8,3055,6.3,5164,10.7,2573,5.3,2298,4.8,293,0.6,4560,9.5,3051,6.3,1509,3.1,2656,5.5,918,1.9,2,0.0,147,0.3,1589,3.3
"Tunbridge Wells",47174,100.0,13687,29.0,5818,12.3,7869,16.7,30563,64.8,4034,8.6,17543,37.2,5971,12.7,8993,19.1,2579,5.5,5094,10.8,2979,6.3,1884,4.0,231,0.5,3892,8.3,2465,5.2,1427,3.0,2924,6.2,855,1.8,18,0.0,113,0.2,1938,4.1
"Cherwell",56728,100.0,14307,25.2,5967,10.5,8340,14.7,38563,68.0,4930,8.7,22221,39.2,8123,14.3,10728,18.9,3370,5.9,6290,11.1,3601,6.3,2407,4.2,282,0.5,5122,9.0,3338,5.9,1784,3.1,3858,6.8,1343,2.4,42,0.1,134,0.2,2339,4.1
"Oxford",55375,100.0,18316,33.1,6049,10.9,12267,22.2,28042,50.6,2797,5.1,14613,26.4,5006,9.0,7513,13.6,2094,3.8,5092,9.2,3214,5.8,1700,3.1,178,0.3,5540,10.0,3923,7.1,1617,2.9,9017,16.3,1714,3.1,1872,3.4,141,0.3,5290,9.6
"South Oxfordshire",54104,100.0,13734,25.4,6570,12.1,7164,13.2,37232,68.8,5695,10.5,22322,41.3,8052,14.9,10907,20.2,3363,6.2,5156,9.5,3019,5.6,1871,3.5,266,0.5,4059,7.5,2495,4.6,1564,2.9,3138,5.8,964,1.8,13,0.0,142,0.3,2019,3.7
"Vale of White Horse",49407,100.0,13065,26.4,5947,12.0,7118,14.4,33498,67.8,5126,10.4,20010,40.5,7408,15.0,9543,19.3,3059,6.2,4618,9.3,2730,5.5,1699,3.4,189,0.4,3744,7.6,2379,4.8,1365,2.8,2844,5.8,885,1.8,28,0.1,138,0.3,1793,3.6
"West Oxfordshire",43241,100.0,11412,26.4,5319,12.3,6093,14.1,29499,68.2,4421,10.2,17376,40.2,6752,15.6,8090,18.7,2534,5.9,4393,10.2,2596,6.0,1591,3.7,206,0.5,3309,7.7,2122,4.9,1187,2.7,2330,5.4,708,1.6,15,0.0,111,0.3,1496,3.5
"Elmbridge",52922,100.0,14568,27.5,6743,12.7,7825,14.8,35181,66.5,4561,8.6,21888,41.4,6674,12.6,12350,23.3,2864,5.4,4654,8.8,2776,5.2,1695,3.2,183,0.3,4078,7.7,2481,4.7,1597,3.0,3173,6.0,1132,2.1,26,0.0,125,0.2,1890,3.6
"Epsom and Ewell",29784,100.0,7730,26.0,3746,12.6,3984,13.4,19818,66.5,2721,9.1,12049,40.5,3673,12.3,6321,21.2,2055,6.9,2484,8.3,1366,4.6,1004,3.4,114,0.4,2564,8.6,1494,5.0,1070,3.6,2236,7.5,680,2.3,178,0.6,97,0.3,1281,4.3
"Guildford",53973,100.0,14422,26.7,6160,11.4,8262,15.3,34702,64.3,4754,8.8,21103,39.1,7408,13.7,10722,19.9,2973,5.5,5042,9.3,3225,6.0,1618,3.0,199,0.4,3803,7.0,2286,4.2,1517,2.8,4849,9.0,1009,1.9,851,1.6,142,0.3,2847,5.3
"Mole Valley",35828,100.0,10477,29.2,5252,14.7,5225,14.6,23511,65.6,3993,11.1,14062,39.2,5044,14.1,6897,19.3,2121,5.9,2937,8.2,1718,4.8,1079,3.0,140,0.4,2519,7.0,1501,4.2,1018,2.8,1840,5.1,574,1.6,7,0.0,118,0.3,1141,3.2
"Reigate and Banstead",55423,100.0,15163,27.4,6723,12.1,8440,15.2,36840,66.5,4673,8.4,21866,39.5,7373,13.3,11091,20.0,3402,6.1,5751,10.4,3339,6.0,2169,3.9,243,0.4,4550,8.2,2837,5.1,1713,3.1,3420,6.2,1122,2.0,15,0.0,119,0.2,2164,3.9
"Runnymede",32714,100.0,9836,30.1,4345,13.3,5491,16.8,20056,61.3,2737,8.4,11725,35.8,4148,12.7,5706,17.4,1871,5.7,3000,9.2,1738,5.3,1091,3.3,171,0.5,2594,7.9,1603,4.9,991,3.0,2822,8.6,651,2.0,671,2.1,74,0.2,1426,4.4
"Spelthorne",39512,100.0,11262,28.5,5031,12.7,6231,15.8,25268,64.0,3536,8.9,14259,36.1,4638,11.7,6873,17.4,2748,7.0,3809,9.6,2000,5.1,1583,4.0,226,0.6,3664,9.3,2205,5.6,1459,3.7,2982,7.5,976,2.5,20,0.1,136,0.3,1850,4.7
"Surrey Heath",33546,100.0,7867,23.5,3648,10.9,4219,12.6,23472,70.0,3366,10.0,14595,43.5,4914,14.6,7378,22.0,2303,6.9,3044,9.1,1711,5.1,1137,3.4,196,0.6,2467,7.4,1408,4.2,1059,3.2,2207,6.6,865,2.6,4,0.0,72,0.2,1266,3.8
"Tandridge",33342,100.0,8909,26.7,4376,13.1,4533,13.6,22441,67.3,3267,9.8,13211,39.6,4659,14.0,6469,19.4,2083,6.2,3282,9.8,1762,5.3,1342,4.0,178,0.5,2681,8.0,1602,4.8,1079,3.2,1992,6.0,722,2.2,7,0.0,130,0.4,1133,3.4
"Waverley",49280,100.0,13698,27.8,7018,14.2,6680,13.6,32896,66.8,5312,10.8,20147,40.9,7301,14.8,10168,20.6,2678,5.4,4023,8.2,2401,4.9,1453,2.9,169,0.3,3414,6.9,2009,4.1,1405,2.9,2686,5.5,787,1.6,165,0.3,132,0.3,1602,3.3
"Woking",39467,100.0,10499,26.6,4501,11.4,5998,15.2,25747,65.2,3114,7.9,15972,40.5,5153,13.1,8430,21.4,2389,6.1,3726,9.4,2267,5.7,1243,3.1,216,0.5,2935,7.4,1801,4.6,1134,2.9,3221,8.2,1119,2.8,27,0.1,102,0.3,1973,5.0
"Adur",26957,100.0,8553,31.7,4461,16.5,4092,15.2,16764,62.2,2828,10.5,8592,31.9,3431,12.7,3652,13.5,1509,5.6,2779,10.3,1451,5.4,1174,4.4,154,0.6,2565,9.5,1615,6.0,950,3.5,1640,6.1,542,2.0,6,0.0,132,0.5,960,3.6
"Arun",66706,100.0,22020,33.0,12230,18.3,9790,14.7,40683,61.0,8829,13.2,20681,31.0,9053,13.6,8401,12.6,3227,4.8,5713,8.6,3156,4.7,2262,3.4,295,0.4,5460,8.2,3530,5.3,1930,2.9,4003,6.0,1296,1.9,77,0.1,367,0.6,2263,3.4
"Chichester",49848,100.0,15948,32.0,8612,17.3,7336,14.7,30789,61.8,6259,12.6,16912,33.9,7261,14.6,7242,14.5,2409,4.8,3895,7.8,2239,4.5,1457,2.9,199,0.4,3723,7.5,2293,4.6,1430,2.9,3111,6.2,835,1.7,297,0.6,236,0.5,1743,3.5
"Crawley",42727,100.0,12129,28.4,4468,10.5,7661,17.9,26379,61.7,2617,6.1,14572,34.1,4695,11.0,7416,17.4,2461,5.8,4321,10.1,2282,5.3,1842,4.3,197,0.5,4869,11.4,3310,7.7,1559,3.6,4219,9.9,1505,3.5,14,0.0,56,0.1,2644,6.2
"Horsham",54923,100.0,15476,28.2,7456,13.6,8020,14.6,36679,66.8,5905,10.8,22003,40.1,8489,15.5,10357,18.9,3157,5.7,4838,8.8,2801,5.1,1777,3.2,260,0.5,3933,7.2,2474,4.5,1459,2.7,2768,5.0,921,1.7,6,0.0,176,0.3,1665,3.0
"Mid Sussex",57409,100.0,15768,27.5,7421,12.9,8347,14.5,38352,66.8,5562,9.7,23075,40.2,8036,14.0,11421,19.9,3618,6.3,5250,9.1,3042,5.3,1979,3.4,229,0.4,4465,7.8,2652,4.6,1813,3.2,3289,5.7,993,1.7,11,0.0,183,0.3,2102,3.7
"Worthing",47044,100.0,16890,35.9,7460,15.9,9430,20.0,27139,57.7,4261,9.1,14113,30.0,5448,11.6,6622,14.1,2043,4.3,4519,9.6,2576,5.5,1759,3.7,184,0.4,4246,9.0,2821,6.0,1425,3.0,3015,6.4,950,2.0,49,0.1,216,0.5,1800,3.8
"Bath and North East Somerset",73515,100.0,22535,30.7,9992,13.6,12543,17.1,44593,60.7,6958,9.5,24559,33.4,9388,12.8,11217,15.3,3954,5.4,6803,9.3,3979,5.4,2542,3.5,282,0.4,6273,8.5,4210,5.7,2063,2.8,6387,8.7,1142,1.6,1822,2.5,230,0.3,3193,4.3
"Bournemouth",82374,100.0,30390,36.9,11164,13.6,19226,23.3,42644,51.8,6102,7.4,21014,25.5,8508,10.3,9508,11.5,2998,3.6,8460,10.3,5258,6.4,2899,3.5,303,0.4,7068,8.6,4684,5.7,2384,2.9,9340,11.3,1814,2.2,1835,2.2,343,0.4,5348,6.5
"Bristol, City of",182747,100.0,61607,33.7,20272,11.1,41335,22.6,99663,54.5,10147,5.6,47427,26.0,17772,9.7,22373,12.2,7282,4.0,21556,11.8,13627,7.5,7170,3.9,759,0.4,20533,11.2,14919,8.2,5614,3.1,21477,11.8,4002,2.2,3623,2.0,525,0.3,13327,7.3
"Cornwall",230389,100.0,69269,30.1,34137,14.8,35132,15.2,146511,63.6,24939,10.8,78172,33.9,34586,15.0,31221,13.6,12365,5.4,23158,10.1,12304,5.3,9800,4.3,1054,0.5,20242,8.8,13086,5.7,7156,3.1,14609,6.3,4651,2.0,730,0.3,948,0.4,8280,3.6
"Isles of Scilly",989,100.0,336,34.0,150,15.2,186,18.8,581,58.7,107,10.8,339,34.3,174,17.6,125,12.6,40,4.0,101,10.2,62,6.3,32,3.2,7,0.7,34,3.4,22,2.2,12,1.2,72,7.3,17,1.7,1,0.1,10,1.0,44,4.4
"North Somerset",88227,100.0,27115,30.7,12523,14.2,14592,16.5,56871,64.5,9727,11.0,31374,35.6,12933,14.7,13824,15.7,4617,5.2,8034,9.1,4430,5.0,3287,3.7,317,0.4,7736,8.8,5377,6.1,2359,2.7,4241,4.8,1424,1.6,104,0.1,284,0.3,2429,2.8
"Plymouth",109307,100.0,34317,31.4,13403,12.3,20914,19.1,66184,60.5,8625,7.9,33911,31.0,13750,12.6,14505,13.3,5656,5.2,12097,11.1,6568,6.0,5013,4.6,516,0.5,11551,10.6,7894,7.2,3657,3.3,8806,8.1,2092,1.9,1793,1.6,364,0.3,4557,4.2
"Poole",63530,100.0,19134,30.1,9395,14.8,9739,15.3,39713,62.5,6631,10.4,21300,33.5,8557,13.5,9329,14.7,3414,5.4,6075,9.6,3416,5.4,2325,3.7,334,0.5,5707,9.0,3596,5.7,2111,3.3,4683,7.4,1434,2.3,82,0.1,210,0.3,2957,4.7
"South Gloucestershire",107538,100.0,28554,26.6,12301,11.4,16253,15.1,72913,67.8,10518,9.8,41598,38.7,14903,13.9,19778,18.4,6917,6.4,10731,10.0,5912,5.5,4298,4.0,521,0.5,10066,9.4,6875,6.4,3191,3.0,6071,5.6,1973,1.8,243,0.2,279,0.3,3576,3.3
"Swindon",88360,100.0,26143,29.6,9039,10.2,17104,19.4,56127,63.5,6303,7.1,31237,35.4,11703,13.2,14948,16.9,4586,5.2,10291,11.6,5620,6.4,4223,4.8,448,0.5,8296,9.4,5816,6.6,2480,2.8,6090,6.9,2052,2.3,38,0.0,173,0.2,3827,4.3
"Torbay",59010,100.0,20192,34.2,9679,16.4,10513,17.8,35024,59.4,6402,10.8,17116,29.0,7666,13.0,6777,11.5,2673,4.5,5373,9.1,2914,4.9,2225,3.8,234,0.4,6133,10.4,4190,7.1,1943,3.3,3794,6.4,1226,2.1,17,0.0,298,0.5,2253,3.8
"Wiltshire",194194,100.0,51845,26.7,24608,12.7,27237,14.0,132246,68.1,19564,10.1,76861,39.6,31012,16.0,35133,18.1,10716,5.5,18370,9.5,10301,5.3,7311,3.8,758,0.4,17451,9.0,12022,6.2,5429,2.8,10103,5.2,3276,1.7,36,0.0,580,0.3,6211,3.2
"East Devon",59071,100.0,18269,30.9,10828,18.3,7441,12.6,37715,63.8,8954,15.2,19801,33.5,9109,15.4,7909,13.4,2783,4.7,4615,7.8,2554,4.3,1834,3.1,227,0.4,4345,7.4,2649,4.5,1696,2.9,3087,5.2,963,1.6,8,0.0,293,0.5,1823,3.1
"Exeter",49242,100.0,16555,33.6,6468,13.1,10087,20.5,27435,55.7,3647,7.4,13900,28.2,5555,11.3,6193,12.6,2152,4.4,5265,10.7,3177,6.5,1868,3.8,220,0.4,4623,9.4,3147,6.4,1476,3.0,5252,10.7,943,1.9,1432,2.9,140,0.3,2737,5.6
"Mid Devon",32758,100.0,8995,27.5,4474,13.7,4521,13.8,21915,66.9,3636,11.1,12347,37.7,5160,15.8,5273,16.1,1914,5.8,3335,10.2,1788,5.5,1385,4.2,162,0.5,2597,7.9,1717,5.2,880,2.7,1848,5.6,657,2.0,6,0.0,125,0.4,1060,3.2
"North Devon",40001,100.0,11846,29.6,5920,14.8,5926,14.8,25775,64.4,4657,11.6,13709,34.3,5984,15.0,5593,14.0,2132,5.3,3858,9.6,1995,5.0,1669,4.2,194,0.5,3551,8.9,2319,5.8,1232,3.1,2380,5.9,846,2.1,4,0.0,172,0.4,1358,3.4
"South Hams",36858,100.0,11242,30.5,5973,16.2,5269,14.3,23781,64.5,4477,12.1,13349,36.2,6160,16.7,5286,14.3,1903,5.2,3147,8.5,1850,5.0,1163,3.2,134,0.4,2808,7.6,1822,4.9,986,2.7,1835,5.0,561,1.5,6,0.0,127,0.3,1141,3.1
"Teignbridge",54003,100.0,16222,30.0,8381,15.5,7841,14.5,34855,64.5,6432,11.9,18789,34.8,8354,15.5,7591,14.1,2844,5.3,5125,9.5,2745,5.1,2093,3.9,287,0.5,4509,8.3,2933,5.4,1576,2.9,2926,5.4,950,1.8,9,0.0,241,0.4,1726,3.2
"Torridge",27986,100.0,8402,30.0,4127,14.7,4275,15.3,18003,64.3,3348,12.0,9903,35.4,4643,16.6,3685,13.2,1575,5.6,2567,9.2,1389,5.0,1073,3.8,105,0.4,2185,7.8,1446,5.2,739,2.6,1581,5.6,555,2.0,5,0.0,101,0.4,920,3.3
"West Devon",22725,100.0,6414,28.2,3308,14.6,3106,13.7,15056,66.3,2772,12.2,8564,37.7,3922,17.3,3360,14.8,1282,5.6,2071,9.1,1192,5.2,796,3.5,83,0.4,1649,7.3,1034,4.6,615,2.7,1255,5.5,443,1.9,1,0.0,95,0.4,716,3.2
"Christchurch",21475,100.0,6856,31.9,4364,20.3,2492,11.6,13385,62.3,3443,16.0,6701,31.2,2786,13.0,2773,12.9,1142,5.3,1666,7.8,880,4.1,698,3.3,88,0.4,1575,7.3,912,4.2,663,3.1,1234,5.7,442,2.1,3,0.0,108,0.5,681,3.2
"East Dorset",37564,100.0,9820,26.1,6253,16.6,3567,9.5,25877,68.9,6356,16.9,14288,38.0,6170,16.4,5743,15.3,2375,6.3,2622,7.0,1388,3.7,1070,2.8,164,0.4,2611,7.0,1529,4.1,1082,2.9,1867,5.0,610,1.6,0,0.0,160,0.4,1097,2.9
"North Dorset",28670,100.0,8095,28.2,4182,14.6,3913,13.6,19144,66.8,3573,12.5,10978,38.3,4879,17.0,4553,15.9,1546,5.4,2600,9.1,1467,5.1,999,3.5,134,0.5,1993,7.0,1275,4.4,718,2.5,1431,5.0,468,1.6,3,0.0,96,0.3,864,3.0
"Purbeck",19583,100.0,5699,29.1,3253,16.6,2446,12.5,12866,65.7,2571,13.1,7018,35.8,3101,15.8,2747,14.0,1170,6.0,1702,8.7,906,4.6,698,3.6,98,0.5,1575,8.0,928,4.7,647,3.3,1018,5.2,322,1.6,0,0.0,55,0.3,641,3.3
"West Dorset",44386,100.0,14161,31.9,7799,17.6,6362,14.3,28178,63.5,6160,13.9,15236,34.3,7088,16.0,5842,13.2,2306,5.2,3657,8.2,1952,4.4,1536,3.5,169,0.4,3125,7.0,1973,4.4,1152,2.6,2047,4.6,601,1.4,6,0.0,197,0.4,1243,2.8
"Weymouth and Portland",28535,100.0,9138,32.0,4198,14.7,4940,17.3,17606,61.7,2963,10.4,8960,31.4,4052,14.2,3430,12.0,1478,5.2,2877,10.1,1460,5.1,1286,4.5,131,0.5,2806,9.8,1909,6.7,897,3.1,1791,6.3,573,2.0,7,0.0,92,0.3,1119,3.9
"Cheltenham",50929,100.0,17735,34.8,6545,12.9,11190,22.0,28889,56.7,4067,8.0,15163,29.8,6102,12.0,7058,13.9,2003,3.9,5618,11.0,3605,7.1,1839,3.6,174,0.3,4041,7.9,2630,5.2,1411,2.8,4305,8.5,792,1.6,591,1.2,105,0.2,2817,5.5
"Cotswold",36236,100.0,10959,30.2,5608,15.5,5351,14.8,23539,65.0,4301,11.9,13702,37.8,5999,16.6,5816,16.1,1887,5.2,3172,8.8,1867,5.2,1177,3.2,128,0.4,2364,6.5,1431,3.9,933,2.6,1738,4.8,476,1.3,116,0.3,112,0.3,1034,2.9
"Forest of Dean",34167,100.0,9226,27.0,4700,13.8,4526,13.2,23115,67.7,3798,11.1,13143,38.5,5677,16.6,5265,15.4,2201,6.4,3435,10.1,1809,5.3,1465,4.3,161,0.5,2739,8.0,1613,4.7,1126,3.3,1826,5.3,702,2.1,18,0.1,131,0.4,975,2.9
"Gloucester",50363,100.0,14695,29.2,5685,11.3,9010,17.9,32073,63.7,3792,7.5,17221,34.2,6300,12.5,8182,16.2,2739,5.4,5940,11.8,3121,6.2,2517,5.0,302,0.6,5120,10.2,3545,7.0,1575,3.1,3595,7.1,1275,2.5,119,0.2,100,0.2,2101,4.2
"Stroud",47794,100.0,13472,28.2,6488,13.6,6984,14.6,31785,66.5,5047,10.6,18147,38.0,7374,15.4,8026,16.8,2747,5.7,4930,10.3,2722,5.7,1970,4.1,238,0.5,3661,7.7,2292,4.8,1369,2.9,2537,5.3,879,1.8,15,0.0,130,0.3,1513,3.2
"Tewkesbury",35126,100.0,9858,28.1,4773,13.6,5085,14.5,23540,67.0,3876,11.0,13431,38.2,5616,16.0,5860,16.7,1955,5.6,3563,10.1,1999,5.7,1402,4.0,162,0.5,2670,7.6,1619,4.6,1051,3.0,1728,4.9,626,1.8,7,0.0,92,0.3,1003,2.9
"Mendip",46157,100.0,13809,29.9,6354,13.8,7455,16.2,29894,64.8,4688,10.2,16434,35.6,6799,14.7,7062,15.3,2573,5.6,4651,10.1,2481,5.4,1955,4.2,215,0.5,4121,8.9,2798,6.1,1323,2.9,2454,5.3,792,1.7,7,0.0,146,0.3,1509,3.3
"Sedgemoor",48801,100.0,13844,28.4,6954,14.2,6890,14.1,32163,65.9,5260,10.8,17525,35.9,7552,15.5,7285,14.9,2688,5.5,5123,10.5,2629,5.4,2261,4.6,233,0.5,4255,8.7,2813,5.8,1442,3.0,2794,5.7,940,1.9,11,0.0,186,0.4,1657,3.4
"South Somerset",69501,100.0,20491,29.5,10263,14.8,10228,14.7,45531,65.5,8140,11.7,25255,36.3,11093,16.0,10386,14.9,3776,5.4,6722,9.7,3590,5.2,2837,4.1,295,0.4,5414,7.8,3619,5.2,1795,2.6,3479,5.0,1128,1.6,8,0.0,235,0.3,2108,3.0
"Taunton Deane",46907,100.0,14181,30.2,6888,14.7,7293,15.5,29898,63.7,4854,10.3,16268,34.7,6611,14.1,7328,15.6,2329,5.0,4585,9.8,2526,5.4,1844,3.9,215,0.5,4191,8.9,2829,6.0,1362,2.9,2828,6.0,821,1.8,41,0.1,162,0.3,1804,3.8
"West Somerset",15623,100.0,5212,33.4,3041,19.5,2171,13.9,9525,61.0,2281,14.6,4866,31.1,2522,16.1,1632,10.4,712,4.6,1309,8.4,713,4.6,527,3.4,69,0.4,1069,6.8,650,4.2,419,2.7,886,5.7,240,1.5,0,0.0,107,0.7,539,3.5
"Anglesey",30594,100.0,9888,32.3,4802,15.7,5086,16.6,18952,61.9,3253,10.6,9907,32.4,4119,13.5,3910,12.8,1878,6.1,2783,9.1,1249,4.1,1387,4.5,147,0.5,3009,9.8,1826,6.0,1183,3.9,1754,5.7,640,2.1,47,0.2,122,0.4,945,3.1
"Gwynedd",52473,100.0,18548,35.3,8701,16.6,9847,18.8,30410,58.0,4951,9.4,15439,29.4,6240,11.9,6402,12.2,2797,5.3,5131,9.8,2302,4.4,2574,4.9,255,0.5,4889,9.3,3054,5.8,1835,3.5,3515,6.7,984,1.9,689,1.3,192,0.4,1650,3.1
"Conwy",51177,100.0,17297,33.8,8748,17.1,8549,16.7,31033,60.6,5952,11.6,15508,30.3,6648,13.0,6135,12.0,2725,5.3,4598,9.0,2236,4.4,2133,4.2,229,0.4,4975,9.7,3194,6.2,1781,3.5,2847,5.6,1051,2.1,4,0.0,253,0.5,1539,3.0
"Denbighshire",40546,100.0,12714,31.4,6147,15.2,6567,16.2,25711,63.4,4247,10.5,13130,32.4,5325,13.1,5420,13.4,2385,5.9,3942,9.7,1829,4.5,1915,4.7,198,0.5,4392,10.8,2836,7.0,1556,3.8,2121,5.2,849,2.1,14,0.0,151,0.4,1107,2.7
"Flintshire",63781,100.0,17477,27.4,8200,12.9,9277,14.5,42821,67.1,5826,9.1,23606,37.0,9018,14.1,10119,15.9,4469,7.0,6409,10.0,3117,4.9,2938,4.6,354,0.6,6980,10.9,4493,7.0,2487,3.9,3483,5.5,1367,2.1,7,0.0,165,0.3,1944,3.0
"Wrexham",57029,100.0,16817,29.5,7334,12.9,9483,16.6,36957,64.8,4675,8.2,19796,34.7,7548,13.2,8552,15.0,3696,6.5,6066,10.6,2779,4.9,3005,5.3,282,0.5,6420,11.3,4245,7.4,2175,3.8,3255,5.7,1228,2.2,171,0.3,129,0.2,1727,3.0
"Powys",58345,100.0,18359,31.5,9201,15.8,9158,15.7,36943,63.3,6441,11.0,19770,33.9,8593,14.7,7884,13.5,3293,5.6,5487,9.4,2822,4.8,2412,4.1,253,0.4,5245,9.0,3370,5.8,1875,3.2,3043,5.2,1044,1.8,4,0.0,276,0.5,1719,2.9
"Ceredigion",31562,100.0,10456,33.1,4878,15.5,5578,17.7,18144,57.5,3199,10.1,9582,30.4,4144,13.1,3790,12.0,1648,5.2,2860,9.1,1504,4.8,1233,3.9,123,0.4,2503,7.9,1529,4.8,974,3.1,2962,9.4,651,2.1,883,2.8,184,0.6,1244,3.9
"Pembrokeshire",53122,100.0,16392,30.9,7978,15.0,8414,15.8,33848,63.7,5777,10.9,17578,33.1,7513,14.1,7060,13.3,3005,5.7,4637,8.7,2189,4.1,2223,4.2,225,0.4,5856,11.0,4027,7.6,1829,3.4,2882,5.4,1079,2.0,8,0.0,227,0.4,1568,3.0
"Carmarthenshire",78829,100.0,23770,30.2,11652,14.8,12118,15.4,50374,63.9,7729,9.8,26819,34.0,10811,13.7,10842,13.8,5166,6.6,6904,8.8,3346,4.2,3221,4.1,337,0.4,8922,11.3,5970,7.6,2952,3.7,4685,5.9,1800,2.3,81,0.1,352,0.4,2452,3.1
"Swansea",103497,100.0,34485,33.3,13867,13.4,20618,19.9,61419,59.3,8966,8.7,31460,30.4,11627,11.2,13629,13.2,6204,6.0,8901,8.6,4510,4.4,3956,3.8,435,0.4,12092,11.7,8124,7.8,3968,3.8,7593,7.3,1976,1.9,1762,1.7,306,0.3,3549,3.4
"Neath Port Talbot",60393,100.0,18259,30.2,8396,13.9,9863,16.3,38829,64.3,5230,8.7,20496,33.9,7565,12.5,8271,13.7,4660,7.7,5708,9.5,2599,4.3,2763,4.6,346,0.6,7395,12.2,4624,7.7,2771,4.6,3305,5.5,1370,2.3,6,0.0,201,0.3,1728,2.9
"Bridgend",58515,100.0,16472,28.2,7659,13.1,8813,15.1,38645,66.0,5221,8.9,20703,35.4,7829,13.4,8664,14.8,4210,7.2,5771,9.9,2703,4.6,2729,4.7,339,0.6,6950,11.9,4509,7.7,2441,4.2,3398,5.8,1320,2.3,10,0.0,165,0.3,1903,3.3
"The Vale of Glamorgan",53505,100.0,15851,29.6,7057,13.2,8794,16.4,34717,64.9,5005,9.4,18671,34.9,7053,13.2,8272,15.5,3346,6.3,5032,9.4,2392,4.5,2416,4.5,224,0.4,6009,11.2,4031,7.5,1978,3.7,2937,5.5,1134,2.1,6,0.0,154,0.3,1643,3.1
"Cardiff",142557,100.0,47141,33.1,15436,10.8,31705,22.2,79593,55.8,8550,6.0,40635,28.5,14046,9.9,19651,13.8,6938,4.9,14569,10.2,8714,6.1,5238,3.7,617,0.4,15839,11.1,10936,7.7,4903,3.4,15823,11.1,3651,2.6,3298,2.3,426,0.3,8448,5.9
"Rhondda, Cynon, Taff",99663,100.0,29875,30.0,13173,13.2,16702,16.8,64104,64.3,7890,7.9,33280,33.4,12311,12.4,13726,13.8,7243,7.3,9883,9.9,4088,4.1,5179,5.2,616,0.6,13051,13.1,8944,9.0,4107,4.1,5684,5.7,2108,2.1,740,0.7,315,0.3,2521,2.5
"Merthyr Tydfil",24264,100.0,6559,27.0,3026,12.5,3533,14.6,16015,66.0,1844,7.6,8031,33.1,2794,11.5,3172,13.1,2065,8.5,2554,10.5,1038,4.3,1326,5.5,190,0.8,3586,14.8,2384,9.8,1202,5.0,1690,7.0,771,3.2,3,0.0,96,0.4,820,3.4
"Caerphilly",74479,100.0,20196,27.1,9143,12.3,11053,14.8,50496,67.8,6161,8.3,26449,35.5,9737,13.1,11025,14.8,5687,7.6,8212,11.0,3435,4.6,4282,5.7,495,0.7,9674,13.0,6533,8.8,3141,4.2,3787,5.1,1707,2.3,9,0.0,195,0.3,1876,2.5
"Blaenau Gwent",30416,100.0,9608,31.6,4310,14.2,5298,17.4,19361,63.7,2400,7.9,9599,31.6,3458,11.4,3813,12.5,2328,7.7,3154,10.4,1266,4.2,1659,5.5,229,0.8,4208,13.8,2770,9.1,1438,4.7,1447,4.8,611,2.0,3,0.0,91,0.3,742,2.4
"Torfaen",38524,100.0,11163,29.0,5249,13.6,5914,15.4,25343,65.8,3409,8.8,13182,34.2,4951,12.9,5554,14.4,2677,6.9,4021,10.4,1714,4.4,2087,5.4,220,0.6,4731,12.3,3066,8.0,1665,4.3,2018,5.2,925,2.4,0,0.0,101,0.3,992,2.6
"Monmouthshire",38233,100.0,10592,27.7,5515,14.4,5077,13.3,25711,67.2,4312,11.3,14722,38.5,5813,15.2,6415,16.8,2494,6.5,3409,8.9,1823,4.8,1424,3.7,162,0.4,3268,8.5,2061,5.4,1207,3.2,1930,5.0,741,1.9,1,0.0,145,0.4,1043,2.7
"Newport",61172,100.0,18849,30.8,7862,12.9,10987,18.0,38038,62.2,4890,8.0,19437,31.8,6792,11.1,9034,14.8,3611,5.9,5765,9.4,2744,4.5,2684,4.4,337,0.6,7946,13.0,5615,9.2,2331,3.8,4285,7.0,1602,2.6,321,0.5,206,0.3,2156,3.5
