"local authority: district / unitary (prior to April 2015)","All households","%","Owned","%","Owned: Owned outright","%","Owned: Owned with a mortgage or loan","%","Shared ownership (part owned and part rented)","%","Social rented","%","Social rented: Rented from council (Local Authority)","%","Social rented: Other","%","Private rented","%","Private rented: Private landlord or letting agency","%","Private rented: Other","%","Living rent free","%"

"Darlington",46670,100.0,30289,64.9,13810,29.6,16479,35.3,178,0.4,7228,15.5,5238,11.2,1990,4.3,8513,18.2,7758,16.6,755,1.6,462,1.0
"County Durham",223803,100.0,147347,65.8,69435,31.0,77912,34.8,488,0.2,45004,20.1,28559,12.8,16445,7.3,28142,12.6,25498,11.4,2644,1.2,2822,1.3
"Hartlepool",40434,100.0,24194,59.8,11090,27.4,13104,32.4,200,0.5,9515,23.5,4016,9.9,5499,13.6,5971,14.8,5525,13.7,446,1.1,554,1.4
"Middlesbrough",57203,100.0,32723,57.2,15200,26.6,17523,30.6,336,0.6,13654,23.9,6049,10.6,7605,13.3,9509,16.6,8648,15.1,861,1.5,981,1.7
"Northumberland",138534,100.0,91207,65.8,46086,33.3,45121,32.6,510,0.4,25841,18.7,14820,10.7,11021,8.0,18417,13.3,16225,11.7,2192,1.6,2559,1.8
"Redcar and Cleveland",59605,100.0,39705,66.6,19806,33.2,19899,33.4,256,0.4,11568,19.4,5999,10.1,5569,9.3,7434,12.5,6698,11.2,736,1.2,642,1.1
"Stockton-on-Tees",79159,100.0,54225,68.5,23285,29.4,30940,39.1,255,0.3,13625,17.2,7285,9.2,6340,8.0,10387,13.1,9417,11.9,970,1.2,667,0.8
"Gateshead",89154,100.0,51915,58.2,23081,25.9,28834,32.3,363,0.4,24941,28.0,19985,22.4,4956,5.6,11125,12.5,10130,11.4,995,1.1,810,0.9
"Newcastle upon Tyne",117153,100.0,57955,49.5,26258,22.4,31697,27.1,489,0.4,34850,29.7,27340,23.3,7510,6.4,22318,19.1,20462,17.5,1856,1.6,1541,1.3
"North Tyneside",91295,100.0,59136,64.8,25611,28.1,33525,36.7,374,0.4,19677,21.6,14610,16.0,5067,5.6,11300,12.4,10146,11.1,1154,1.3,808,0.9
"South Tyneside",67167,100.0,38333,57.1,17003,25.3,21330,31.8,297,0.4,21204,31.6,16967,25.3,4237,6.3,6758,10.1,6040,9.0,718,1.1,575,0.9
"Sunderland",119758,100.0,71566,59.8,32419,27.1,39147,32.7,352,0.3,32399,27.1,16725,14.0,15674,13.1,14552,12.2,13077,10.9,1475,1.2,889,0.7
"Blackburn with Darwen",57353,100.0,36793,64.2,18039,31.5,18754,32.7,290,0.5,10391,18.1,3228,5.6,7163,12.5,8993,15.7,8113,14.1,880,1.5,886,1.5
"Blackpool",64367,100.0,39650,61.6,19318,30.0,20332,31.6,239,0.4,6999,10.9,4823,7.5,2176,3.4,16770,26.1,15549,24.2,1221,1.9,709,1.1
"Cheshire East",159441,100.0,118766,74.5,59846,37.5,58920,37.0,779,0.5,18141,11.4,4285,2.7,13856,8.7,19938,12.5,18244,11.4,1694,1.1,1817,1.1
"Cheshire West and Chester",141442,100.0,100105,70.8,49129,34.7,50976,36.0,1088,0.8,20808,14.7,10482,7.4,10326,7.3,17734,12.5,16021,11.3,1713,1.2,1707,1.2
"Halton",53312,100.0,33796,63.4,14436,27.1,19360,36.3,322,0.6,13441,25.2,2502,4.7,10939,20.5,5212,9.8,4752,8.9,460,0.9,541,1.0
"Warrington",85140,100.0,60915,71.5,27206,32.0,33709,39.6,637,0.7,13318,15.6,6147,7.2,7171,8.4,9549,11.2,8683,10.2,866,1.0,721,0.8
"Allerdale",42345,100.0,29217,69.0,16686,39.4,12531,29.6,200,0.5,8088,19.1,1123,2.7,6965,16.4,4142,9.8,3595,8.5,547,1.3,698,1.6
"Barrow-in-Furness",31224,100.0,22938,73.5,11423,36.6,11515,36.9,36,0.1,3454,11.1,2704,8.7,750,2.4,4442,14.2,4005,12.8,437,1.4,354,1.1
"Carlisle",48342,100.0,32999,68.3,16754,34.7,16245,33.6,332,0.7,7394,15.3,1283,2.7,6111,12.6,6914,14.3,6221,12.9,693,1.4,703,1.5
"Copeland",30536,100.0,21671,71.0,11315,37.1,10356,33.9,96,0.3,5668,18.6,2172,7.1,3496,11.4,2665,8.7,2315,7.6,350,1.1,436,1.4
"Eden",23043,100.0,16258,70.6,10048,43.6,6210,26.9,211,0.9,2321,10.1,307,1.3,2014,8.7,3685,16.0,3216,14.0,469,2.0,568,2.5
"South Lakeland",46552,100.0,33967,73.0,20793,44.7,13174,28.3,231,0.5,4853,10.4,3172,6.8,1681,3.6,6633,14.2,5831,12.5,802,1.7,868,1.9
"Bolton",116371,100.0,74170,63.7,35378,30.4,38792,33.3,605,0.5,23825,20.5,16575,14.2,7250,6.2,15930,13.7,14555,12.5,1375,1.2,1841,1.6
"Bury",78113,100.0,54395,69.6,24839,31.8,29556,37.8,247,0.3,11703,15.0,7314,9.4,4389,5.6,10774,13.8,9859,12.6,915,1.2,994,1.3
"Manchester",204969,100.0,77395,37.8,31145,15.2,46250,22.6,1481,0.7,64682,31.6,27585,13.5,37097,18.1,58170,28.4,55043,26.9,3127,1.5,3241,1.6
"Oldham",89703,100.0,58259,64.9,27193,30.3,31066,34.6,352,0.4,18918,21.1,8708,9.7,10210,11.4,10944,12.2,9676,10.8,1268,1.4,1230,1.4
"Rochdale",87552,100.0,54149,61.8,24334,27.8,29815,34.1,340,0.4,20247,23.1,13671,15.6,6576,7.5,11556,13.2,10511,12.0,1045,1.2,1260,1.4
"Salford",103556,100.0,52126,50.3,22603,21.8,29523,28.5,508,0.5,29819,28.8,18461,17.8,11358,11.0,19420,18.8,18224,17.6,1196,1.2,1683,1.6
"Stockport",121979,100.0,89316,73.2,42761,35.1,46555,38.2,987,0.8,16620,13.6,10577,8.7,6043,5.0,13852,11.4,12631,10.4,1221,1.0,1204,1.0
"Tameside",94953,100.0,60558,63.8,26688,28.1,33870,35.7,309,0.3,20438,21.5,4953,5.2,15485,16.3,12573,13.2,11345,11.9,1228,1.3,1075,1.1
"Trafford",94484,100.0,65440,69.3,30322,32.1,35118,37.2,570,0.6,15485,16.4,4373,4.6,11112,11.8,12001,12.7,11173,11.8,828,0.9,988,1.0
"Wigan",136386,100.0,92559,67.9,42446,31.1,50113,36.7,331,0.2,25803,18.9,22152,16.2,3651,2.7,15875,11.6,14550,10.7,1325,1.0,1818,1.3
"Burnley",37550,100.0,24408,65.0,11815,31.5,12593,33.5,79,0.2,5281,14.1,1418,3.8,3863,10.3,7267,19.4,6664,17.7,603,1.6,515,1.4
"Chorley",44919,100.0,33783,75.2,15906,35.4,17877,39.8,283,0.6,5843,13.0,1376,3.1,4467,9.9,4587,10.2,4066,9.1,521,1.2,423,0.9
"Fylde",34885,100.0,25622,73.4,14214,40.7,11408,32.7,135,0.4,2607,7.5,499,1.4,2108,6.0,6066,17.4,5411,15.5,655,1.9,455,1.3
"Hyndburn",34341,100.0,23238,67.7,11464,33.4,11774,34.3,84,0.2,4389,12.8,1367,4.0,3022,8.8,6235,18.2,5711,16.6,524,1.5,395,1.2
"Lancaster",57822,100.0,39999,69.2,20890,36.1,19109,33.0,367,0.6,5762,10.0,3629,6.3,2133,3.7,10929,18.9,9915,17.1,1014,1.8,765,1.3
"Pendle",37348,100.0,25580,68.5,13435,36.0,12145,32.5,73,0.2,4333,11.6,2104,5.6,2229,6.0,6760,18.1,6192,16.6,568,1.5,602,1.6
"Preston",57567,100.0,34909,60.6,16355,28.4,18554,32.2,397,0.7,11061,19.2,2259,3.9,8802,15.3,10365,18.0,9540,16.6,825,1.4,835,1.5
"Ribble Valley",24045,100.0,18423,76.6,10086,41.9,8337,34.7,145,0.6,1836,7.6,365,1.5,1471,6.1,3278,13.6,2830,11.8,448,1.9,363,1.5
"Rossendale",29058,100.0,20250,69.7,9160,31.5,11090,38.2,87,0.3,4244,14.6,1416,4.9,2828,9.7,4106,14.1,3683,12.7,423,1.5,371,1.3
"South Ribble",46102,100.0,36337,78.8,17189,37.3,19148,41.5,215,0.5,4845,10.5,353,0.8,4492,9.7,4308,9.3,3845,8.3,463,1.0,397,0.9
"West Lancashire",45381,100.0,33122,73.0,16272,35.9,16850,37.1,271,0.6,6656,14.7,5711,12.6,945,2.1,4744,10.5,4263,9.4,481,1.1,588,1.3
"Wyre",47281,100.0,36676,77.6,20423,43.2,16253,34.4,246,0.5,3401,7.2,522,1.1,2879,6.1,6397,13.5,5791,12.2,606,1.3,561,1.2
"Knowsley",61323,100.0,37896,61.8,16032,26.1,21864,35.7,314,0.5,16333,26.6,7479,12.2,8854,14.4,5980,9.8,5488,8.9,492,0.8,800,1.3
"Liverpool",206515,100.0,96947,46.9,43803,21.2,53144,25.7,1096,0.5,57485,27.8,9868,4.8,47617,23.1,48290,23.4,44912,21.7,3378,1.6,2697,1.3
"Sefton",117930,100.0,83137,70.5,42334,35.9,40803,34.6,664,0.6,17063,14.5,4911,4.2,12152,10.3,15804,13.4,14552,12.3,1252,1.1,1262,1.1
"St. Helens",75736,100.0,50952,67.3,25215,33.3,25737,34.0,427,0.6,15597,20.6,4590,6.1,11007,14.5,7736,10.2,7056,9.3,680,0.9,1024,1.4
"Wirral",140583,100.0,94843,67.5,46806,33.3,48037,34.2,713,0.5,21329,15.2,7266,5.2,14063,10.0,22275,15.8,20636,14.7,1639,1.2,1423,1.0
"East Riding of Yorkshire",143032,100.0,107706,75.3,56140,39.2,51566,36.1,433,0.3,13028,9.1,10453,7.3,2575,1.8,19648,13.7,17760,12.4,1888,1.3,2217,1.6
"Kingston upon Hull, City of",112596,100.0,55785,49.5,22355,19.9,33430,29.7,505,0.4,31634,28.1,23838,21.2,7796,6.9,22984,20.4,21414,19.0,1570,1.4,1688,1.5
"North East Lincolnshire",69707,100.0,46070,66.1,21497,30.8,24573,35.3,213,0.3,10091,14.5,3293,4.7,6798,9.8,12627,18.1,11594,16.6,1033,1.5,706,1.0
"North Lincolnshire",70684,100.0,49137,69.5,23355,33.0,25782,36.5,179,0.3,10895,15.4,4852,6.9,6043,8.5,9477,13.4,8493,12.0,984,1.4,996,1.4
"York",83552,100.0,55227,66.1,28351,33.9,26876,32.2,631,0.8,11679,14.0,7381,8.8,4298,5.1,14980,17.9,13687,16.4,1293,1.5,1035,1.2
"Craven",24583,100.0,17973,73.1,10396,42.3,7577,30.8,116,0.5,2212,9.0,558,2.3,1654,6.7,3782,15.4,3360,13.7,422,1.7,500,2.0
"Hambleton",38117,100.0,26508,69.5,15135,39.7,11373,29.8,156,0.4,4923,12.9,372,1.0,4551,11.9,5770,15.1,4622,12.1,1148,3.0,760,2.0
"Harrogate",67169,100.0,47738,71.1,25118,37.4,22620,33.7,395,0.6,6138,9.1,3608,5.4,2530,3.8,11771,17.5,10394,15.5,1377,2.1,1127,1.7
"Richmondshire",20207,100.0,12910,63.9,7295,36.1,5615,27.8,104,0.5,2183,10.8,1451,7.2,732,3.6,4519,22.4,2877,14.2,1642,8.1,491,2.4
"Ryedale",22524,100.0,15124,67.1,9329,41.4,5795,25.7,83,0.4,2896,12.9,213,0.9,2683,11.9,3773,16.8,3321,14.7,452,2.0,648,2.9
"Scarborough",49435,100.0,32520,65.8,19323,39.1,13197,26.7,302,0.6,6134,12.4,1163,2.4,4971,10.1,9640,19.5,8812,17.8,828,1.7,839,1.7
"Selby",34559,100.0,25911,75.0,11929,34.5,13982,40.5,201,0.6,4161,12.0,2902,8.4,1259,3.6,3796,11.0,3400,9.8,396,1.1,490,1.4
"Barnsley",100734,100.0,64807,64.3,30778,30.6,34029,33.8,445,0.4,21032,20.9,17831,17.7,3201,3.2,12856,12.8,11812,11.7,1044,1.0,1594,1.6
"Doncaster",126487,100.0,82760,65.4,39253,31.0,43507,34.4,418,0.3,22403,17.7,19173,15.2,3230,2.6,18774,14.8,17084,13.5,1690,1.3,2132,1.7
"Rotherham",108293,100.0,70610,65.2,33031,30.5,37579,34.7,309,0.3,23289,21.5,19436,17.9,3853,3.6,12262,11.3,11153,10.3,1109,1.0,1823,1.7
"Sheffield",229928,100.0,134127,58.3,62329,27.1,71798,31.2,881,0.4,56917,24.8,40725,17.7,16192,7.0,35760,15.6,32605,14.2,3155,1.4,2243,1.0
"Bradford",199296,100.0,129550,65.0,58487,29.3,71063,35.7,1165,0.6,29513,14.8,11729,5.9,17784,8.9,36070,18.1,33135,16.6,2935,1.5,2998,1.5
"Calderdale",88621,100.0,58981,66.6,27671,31.2,31310,35.3,397,0.4,13494,15.2,4753,5.4,8741,9.9,14545,16.4,13114,14.8,1431,1.6,1204,1.4
"Kirklees",173525,100.0,116361,67.1,55569,32.0,60792,35.0,612,0.4,26525,15.3,20886,12.0,5639,3.2,26941,15.5,24523,14.1,2418,1.4,3086,1.8
"Leeds",320596,100.0,186467,58.2,83385,26.0,103082,32.2,1442,0.4,70377,22.0,54122,16.9,16255,5.1,57456,17.9,53599,16.7,3857,1.2,4854,1.5
"Wakefield",140414,100.0,89291,63.6,40766,29.0,48525,34.6,650,0.5,33129,23.6,24136,17.2,8993,6.4,16017,11.4,14383,10.2,1634,1.2,1327,0.9
"Derby",102271,100.0,62765,61.4,30239,29.6,32526,31.8,864,0.8,20250,19.8,12458,12.2,7792,7.6,17193,16.8,15943,15.6,1250,1.2,1199,1.2
"Leicester",123125,100.0,61170,49.7,28018,22.8,33152,26.9,774,0.6,31270,25.4,21048,17.1,10222,8.3,27999,22.7,26207,21.3,1792,1.5,1912,1.6
"Nottingham",126131,100.0,56867,45.1,25152,19.9,31715,25.1,786,0.6,37486,29.7,26176,20.8,11310,9.0,29098,23.1,27300,21.6,1798,1.4,1894,1.5
"Rutland",15002,100.0,10556,70.4,5889,39.3,4667,31.1,160,1.1,1685,11.2,369,2.5,1316,8.8,2333,15.6,1741,11.6,592,3.9,268,1.8
"Amber Valley",52596,100.0,38974,74.1,20106,38.2,18868,35.9,216,0.4,6484,12.3,2708,5.1,3776,7.2,6200,11.8,5618,10.7,582,1.1,722,1.4
"Bolsover",32801,100.0,21963,67.0,10691,32.6,11272,34.4,92,0.3,5965,18.2,4922,15.0,1043,3.2,4276,13.0,3871,11.8,405,1.2,505,1.5
"Chesterfield",46796,100.0,29547,63.1,15065,32.2,14482,30.9,156,0.3,10832,23.1,9385,20.1,1447,3.1,5813,12.4,5291,11.3,522,1.1,448,1.0
"Derbyshire Dales",30744,100.0,22269,72.4,13513,44.0,8756,28.5,229,0.7,3736,12.2,1330,4.3,2406,7.8,3860,12.6,3423,11.1,437,1.4,650,2.1
"Erewash",48692,100.0,35290,72.5,16506,33.9,18784,38.6,242,0.5,6335,13.0,1978,4.1,4357,8.9,6265,12.9,5762,11.8,503,1.0,560,1.2
"High Peak",38946,100.0,28059,72.0,13693,35.2,14366,36.9,229,0.6,4945,12.7,3836,9.8,1109,2.8,5231,13.4,4706,12.1,525,1.3,482,1.2
"North East Derbyshire",43070,100.0,30531,70.9,16471,38.2,14060,32.6,168,0.4,8781,20.4,7817,18.1,964,2.2,3183,7.4,2800,6.5,383,0.9,407,0.9
"South Derbyshire",38992,100.0,29416,75.4,13237,33.9,16179,41.5,131,0.3,3877,9.9,2984,7.7,893,2.3,5087,13.0,4603,11.8,484,1.2,481,1.2
"Blaby",38686,100.0,31309,80.9,14745,38.1,16564,42.8,247,0.6,2948,7.6,721,1.9,2227,5.8,3876,10.0,3471,9.0,405,1.0,306,0.8
"Charnwood",66516,100.0,47961,72.1,23729,35.7,24232,36.4,539,0.8,7851,11.8,5306,8.0,2545,3.8,9396,14.1,8590,12.9,806,1.2,769,1.2
"Harborough",34898,100.0,27238,78.1,13389,38.4,13849,39.7,414,1.2,2923,8.4,481,1.4,2442,7.0,3922,11.2,3540,10.1,382,1.1,401,1.1
"Hinckley and Bosworth",45377,100.0,34826,76.7,16859,37.2,17967,39.6,267,0.6,4685,10.3,3238,7.1,1447,3.2,5156,11.4,4657,10.3,499,1.1,443,1.0
"Melton",21490,100.0,15498,72.1,7728,36.0,7770,36.2,198,0.9,2402,11.2,1814,8.4,588,2.7,3054,14.2,2738,12.7,316,1.5,338,1.6
"North West Leicestershire",39128,100.0,28360,72.5,13581,34.7,14779,37.8,302,0.8,5598,14.3,4181,10.7,1417,3.6,4411,11.3,3997,10.2,414,1.1,457,1.2
"Oadby and Wigston",21339,100.0,17239,80.8,9069,42.5,8170,38.3,161,0.8,1610,7.5,1147,5.4,463,2.2,2117,9.9,1922,9.0,195,0.9,212,1.0
"Boston",27291,100.0,17430,63.9,9243,33.9,8187,30.0,230,0.8,4965,18.2,1671,6.1,3294,12.1,4291,15.7,3908,14.3,383,1.4,375,1.4
"East Lindsey",60890,100.0,42137,69.2,25826,42.4,16311,26.8,482,0.8,6705,11.0,1605,2.6,5100,8.4,10554,17.3,9334,15.3,1220,2.0,1012,1.7
"Lincoln",39825,100.0,21932,55.1,9717,24.4,12215,30.7,220,0.6,8729,21.9,7381,18.5,1348,3.4,8345,21.0,7709,19.4,636,1.6,599,1.5
"North Kesteven",45972,100.0,34187,74.4,17115,37.2,17072,37.1,221,0.5,4694,10.2,3693,8.0,1001,2.2,6184,13.5,4906,10.7,1278,2.8,686,1.5
"South Holland",37264,100.0,27035,72.5,14623,39.2,12412,33.3,260,0.7,4728,12.7,3828,10.3,900,2.4,4714,12.7,4173,11.2,541,1.5,527,1.4
"South Kesteven",57344,100.0,39809,69.4,19258,33.6,20551,35.8,502,0.9,7701,13.4,5949,10.4,1752,3.1,8389,14.6,7653,13.3,736,1.3,943,1.6
"West Lindsey",38385,100.0,27859,72.6,14672,38.2,13187,34.4,365,1.0,4246,11.1,911,2.4,3335,8.7,5253,13.7,4594,12.0,659,1.7,662,1.7
"Corby",25215,100.0,15669,62.1,5917,23.5,9752,38.7,94,0.4,5278,20.9,4463,17.7,815,3.2,3839,15.2,3582,14.2,257,1.0,335,1.3
"Daventry",31647,100.0,22688,71.7,10533,33.3,12155,38.4,271,0.9,4412,13.9,1282,4.1,3130,9.9,3832,12.1,3471,11.0,361,1.1,444,1.4
"East Northamptonshire",35662,100.0,25837,72.4,11419,32.0,14418,40.4,175,0.5,4737,13.3,805,2.3,3932,11.0,4471,12.5,4032,11.3,439,1.2,442,1.2
"Kettering",39701,100.0,27562,69.4,12070,30.4,15492,39.0,342,0.9,5187,13.1,3506,8.8,1681,4.2,6048,15.2,5533,13.9,515,1.3,562,1.4
"Northampton",88731,100.0,55622,62.7,22307,25.1,33315,37.5,1134,1.3,15113,17.0,11319,12.8,3794,4.3,15817,17.8,14657,16.5,1160,1.3,1045,1.2
"South Northamptonshire",34717,100.0,26485,76.3,12029,34.6,14456,41.6,357,1.0,3505,10.1,901,2.6,2604,7.5,3840,11.1,3439,9.9,401,1.2,530,1.5
"Wellingborough",32057,100.0,21286,66.4,9584,29.9,11702,36.5,315,1.0,5676,17.7,1720,5.4,3956,12.3,4360,13.6,3965,12.4,395,1.2,420,1.3
"Ashfield",50931,100.0,35261,69.2,16952,33.3,18309,35.9,235,0.5,8258,16.2,6460,12.7,1798,3.5,6504,12.8,5908,11.6,596,1.2,673,1.3
"Bassetlaw",47667,100.0,33115,69.5,16295,34.2,16820,35.3,172,0.4,7579,15.9,6152,12.9,1427,3.0,5975,12.5,5362,11.2,613,1.3,826,1.7
"Broxtowe",46820,100.0,34270,73.2,17351,37.1,16919,36.1,168,0.4,5218,11.1,4192,9.0,1026,2.2,6594,14.1,5902,12.6,692,1.5,570,1.2
"Gedling",49349,100.0,37138,75.3,18603,37.7,18535,37.6,271,0.5,4926,10.0,1961,4.0,2965,6.0,6488,13.1,5850,11.9,638,1.3,526,1.1
"Mansfield",44928,100.0,29908,66.6,14658,32.6,15250,33.9,169,0.4,8199,18.2,6208,13.8,1991,4.4,6115,13.6,5616,12.5,499,1.1,537,1.2
"Newark and Sherwood",48773,100.0,34455,70.6,17399,35.7,17056,35.0,253,0.5,7050,14.5,5087,10.4,1963,4.0,6278,12.9,5648,11.6,630,1.3,737,1.5
"Rushcliffe",45835,100.0,35142,76.7,17973,39.2,17169,37.5,333,0.7,3854,8.4,1056,2.3,2798,6.1,6082,13.3,5595,12.2,487,1.1,424,0.9
"Herefordshire, County of",78319,100.0,53014,67.7,30867,39.4,22147,28.3,770,1.0,10903,13.9,2692,3.4,8211,10.5,12147,15.5,10680,13.6,1467,1.9,1485,1.9
"Shropshire",129674,100.0,89688,69.2,49998,38.6,39690,30.6,830,0.6,17448,13.5,6458,5.0,10990,8.5,19421,15.0,17013,13.1,2408,1.9,2287,1.8
"Stoke-on-Trent",107575,100.0,63928,59.4,30628,28.5,33300,31.0,419,0.4,25999,24.2,19712,18.3,6287,5.8,15440,14.4,14176,13.2,1264,1.2,1789,1.7
"Telford and Wrekin",66608,100.0,42417,63.7,18106,27.2,24311,36.5,292,0.4,13106,19.7,5409,8.1,7697,11.6,9979,15.0,9055,13.6,924,1.4,814,1.2
"Cannock Chase",40664,100.0,28106,69.1,12388,30.5,15718,38.7,248,0.6,6880,16.9,5291,13.0,1589,3.9,4938,12.1,4509,11.1,429,1.1,492,1.2
"East Staffordshire",47251,100.0,32879,69.6,16574,35.1,16305,34.5,260,0.6,6367,13.5,1984,4.2,4383,9.3,7152,15.1,6519,13.8,633,1.3,593,1.3
"Lichfield",41224,100.0,31155,75.6,15948,38.7,15207,36.9,242,0.6,5446,13.2,648,1.6,4798,11.6,3932,9.5,3475,8.4,457,1.1,449,1.1
"Newcastle-under-Lyme",52574,100.0,36332,69.1,18495,35.2,17837,33.9,226,0.4,9840,18.7,3399,6.5,6441,12.3,5511,10.5,4932,9.4,579,1.1,665,1.3
"South Staffordshire",44458,100.0,33669,75.7,17809,40.1,15860,35.7,249,0.6,6193,13.9,646,1.5,5547,12.5,3772,8.5,3371,7.6,401,0.9,575,1.3
"Stafford",55703,100.0,39880,71.6,20259,36.4,19621,35.2,279,0.5,7618,13.7,2420,4.3,5198,9.3,7206,12.9,6239,11.2,967,1.7,720,1.3
"Staffordshire Moorlands",41772,100.0,33288,79.7,18413,44.1,14875,35.6,127,0.3,3699,8.9,1343,3.2,2356,5.6,4103,9.8,3595,8.6,508,1.2,555,1.3
"Tamworth",31617,100.0,21575,68.2,8790,27.8,12785,40.4,158,0.5,6108,19.3,4482,14.2,1626,5.1,3476,11.0,3157,10.0,319,1.0,300,0.9
"North Warwickshire",25812,100.0,18686,72.4,9007,34.9,9679,37.5,176,0.7,3719,14.4,2687,10.4,1032,4.0,2913,11.3,2635,10.2,278,1.1,318,1.2
"Nuneaton and Bedworth",52711,100.0,37617,71.4,17545,33.3,20072,38.1,270,0.5,7633,14.5,5785,11.0,1848,3.5,6683,12.7,6041,11.5,642,1.2,508,1.0
"Rugby",41875,100.0,29086,69.5,13772,32.9,15314,36.6,403,1.0,5993,14.3,3860,9.2,2133,5.1,5903,14.1,5281,12.6,622,1.5,490,1.2
"Stratford-on-Avon",51928,100.0,37304,71.8,20315,39.1,16989,32.7,561,1.1,6713,12.9,594,1.1,6119,11.8,6596,12.7,5885,11.3,711,1.4,754,1.5
"Warwick",58679,100.0,39111,66.7,19157,32.6,19954,34.0,510,0.9,7866,13.4,5337,9.1,2529,4.3,10513,17.9,9786,16.7,727,1.2,679,1.2
"Birmingham",410736,100.0,226616,55.2,106416,25.9,120200,29.3,3940,1.0,99592,24.2,63458,15.4,36134,8.8,73405,17.9,68647,16.7,4758,1.2,7183,1.7
"Coventry",128592,100.0,77880,60.6,37644,29.3,40236,31.3,750,0.6,21914,17.0,6988,5.4,14926,11.6,26503,20.6,24461,19.0,2042,1.6,1545,1.2
"Dudley",129867,100.0,89304,68.8,45383,34.9,43921,33.8,707,0.5,25719,19.8,21874,16.8,3845,3.0,12004,9.2,10938,8.4,1066,0.8,2133,1.6
"Sandwell",121498,100.0,69135,56.9,32253,26.5,36882,30.4,701,0.6,33439,27.5,27587,22.7,5852,4.8,15674,12.9,14583,12.0,1091,0.9,2549,2.1
"Solihull",86056,100.0,63559,73.9,32227,37.4,31332,36.4,527,0.6,12834,14.9,10199,11.9,2635,3.1,8502,9.9,7795,9.1,707,0.8,634,0.7
"Walsall",107822,100.0,67265,62.4,33516,31.1,33749,31.3,601,0.6,25967,24.1,10774,10.0,15193,14.1,12569,11.7,11533,10.7,1036,1.0,1420,1.3
"Wolverhampton",102177,100.0,57812,56.6,29416,28.8,28396,27.8,419,0.4,28648,28.0,22796,22.3,5852,5.7,13455,13.2,12517,12.3,938,0.9,1843,1.8
"Bromsgrove",38290,100.0,30436,79.5,15554,40.6,14882,38.9,248,0.6,3819,10.0,1139,3.0,2680,7.0,3370,8.8,3035,7.9,335,0.9,417,1.1
"Malvern Hills",32212,100.0,23146,71.9,13680,42.5,9466,29.4,263,0.8,4547,14.1,558,1.7,3989,12.4,3720,11.5,3339,10.4,381,1.2,536,1.7
"Redditch",34722,100.0,22796,65.7,9204,26.5,13592,39.1,134,0.4,7351,21.2,5703,16.4,1648,4.7,4059,11.7,3700,10.7,359,1.0,382,1.1
"Worcester",42042,100.0,27077,64.4,12181,29.0,14896,35.4,436,1.0,6438,15.3,2356,5.6,4082,9.7,7645,18.2,7093,16.9,552,1.3,446,1.1
"Wychavon",49466,100.0,35973,72.7,19158,38.7,16815,34.0,225,0.5,7166,14.5,771,1.6,6395,12.9,5419,11.0,4843,9.8,576,1.2,683,1.4
"Wyre Forest",42985,100.0,30360,70.6,16196,37.7,14164,33.0,259,0.6,6205,14.4,2885,6.7,3320,7.7,5660,13.2,5155,12.0,505,1.2,501,1.2
"Bedford",63812,100.0,41937,65.7,20018,31.4,21919,34.3,665,1.0,10252,16.1,1155,1.8,9097,14.3,10110,15.8,9310,14.6,800,1.3,848,1.3
"Central Bedfordshire",104399,100.0,75743,72.6,33039,31.6,42704,40.9,874,0.8,13981,13.4,5464,5.2,8517,8.2,12612,12.1,10973,10.5,1639,1.6,1189,1.1
"Luton",74293,100.0,44696,60.2,18619,25.1,26077,35.1,288,0.4,11715,15.8,7973,10.7,3742,5.0,16816,22.6,15802,21.3,1014,1.4,778,1.0
"Peterborough",74023,100.0,43877,59.3,19134,25.8,24743,33.4,689,0.9,14434,19.5,4751,6.4,9683,13.1,14168,19.1,12855,17.4,1313,1.8,855,1.2
"Southend-on-Sea",74678,100.0,48666,65.2,22960,30.7,25706,34.4,306,0.4,8597,11.5,5079,6.8,3518,4.7,16439,22.0,15472,20.7,967,1.3,670,0.9
"Thurrock",62353,100.0,41278,66.2,15899,25.5,25379,40.7,302,0.5,11503,18.4,10055,16.1,1448,2.3,8772,14.1,8220,13.2,552,0.9,498,0.8
"Cambridge",46714,100.0,22171,47.5,11639,24.9,10532,22.5,526,1.1,11023,23.6,7109,15.2,3914,8.4,12258,26.2,11170,23.9,1088,2.3,736,1.6
"East Cambridgeshire",34614,100.0,23719,68.5,11145,32.2,12574,36.3,506,1.5,4944,14.3,457,1.3,4487,13.0,4576,13.2,4144,12.0,432,1.2,869,2.5
"Fenland",40620,100.0,28436,70.0,14490,35.7,13946,34.3,205,0.5,5054,12.4,895,2.2,4159,10.2,6341,15.6,5802,14.3,539,1.3,584,1.4
"Huntingdonshire",69333,100.0,49398,71.2,22171,32.0,27227,39.3,508,0.7,8939,12.9,1811,2.6,7128,10.3,9770,14.1,8636,12.5,1134,1.6,718,1.0
"South Cambridgeshire",59960,100.0,42129,70.3,20759,34.6,21370,35.6,1258,2.1,8546,14.3,5464,9.1,3082,5.1,7174,12.0,6213,10.4,961,1.6,853,1.4
"Basildon",72746,100.0,47972,65.9,21037,28.9,26935,37.0,720,1.0,15976,22.0,10309,14.2,5667,7.8,7448,10.2,6825,9.4,623,0.9,630,0.9
"Braintree",61043,100.0,41872,68.6,18609,30.5,23263,38.1,362,0.6,10055,16.5,2378,3.9,7677,12.6,8083,13.2,7332,12.0,751,1.2,671,1.1
"Brentwood",30646,100.0,23028,75.1,11634,38.0,11394,37.2,194,0.6,3586,11.7,2703,8.8,883,2.9,3452,11.3,3148,10.3,304,1.0,386,1.3
"Castle Point",36440,100.0,30101,82.6,15691,43.1,14410,39.5,103,0.3,1949,5.3,1453,4.0,496,1.4,3968,10.9,3584,9.8,384,1.1,319,0.9
"Chelmsford",69667,100.0,50978,73.2,23696,34.0,27282,39.2,450,0.6,9120,13.1,1456,2.1,7664,11.0,8349,12.0,7621,10.9,728,1.0,770,1.1
"Colchester",71634,100.0,47507,66.3,22840,31.9,24667,34.4,325,0.5,9669,13.5,5894,8.2,3775,5.3,13390,18.7,11689,16.3,1701,2.4,743,1.0
"Epping Forest",51991,100.0,37565,72.3,18070,34.8,19495,37.5,206,0.4,7803,15.0,6208,11.9,1595,3.1,5742,11.0,5307,10.2,435,0.8,675,1.3
"Harlow",34620,100.0,19429,56.1,7351,21.2,12078,34.9,326,0.9,10808,31.2,9327,26.9,1481,4.3,3756,10.8,3474,10.0,282,0.8,301,0.9
"Maldon",25817,100.0,20251,78.4,10314,40.0,9937,38.5,97,0.4,2685,10.4,157,0.6,2528,9.8,2493,9.7,2208,8.6,285,1.1,291,1.1
"Rochford",33564,100.0,27822,82.9,13927,41.5,13895,41.4,79,0.2,2547,7.6,406,1.2,2141,6.4,2844,8.5,2535,7.6,309,0.9,272,0.8
"Tendring",62105,100.0,45752,73.7,27696,44.6,18056,29.1,238,0.4,5243,8.4,2988,4.8,2255,3.6,10064,16.2,9210,14.8,854,1.4,808,1.3
"Uttlesford",31316,100.0,22425,71.6,10668,34.1,11757,37.5,321,1.0,3961,12.6,2660,8.5,1301,4.2,4108,13.1,3608,11.5,500,1.6,501,1.6
"Broxbourne",37658,100.0,27460,72.9,12262,32.6,15198,40.4,418,1.1,5297,14.1,1106,2.9,4191,11.1,4199,11.2,3934,10.4,265,0.7,284,0.8
"Dacorum",59938,100.0,38877,64.9,17458,29.1,21419,35.7,373,0.6,13045,21.8,10407,17.4,2638,4.4,7107,11.9,6516,10.9,591,1.0,536,0.9
"East Hertfordshire",56577,100.0,40665,71.9,18186,32.1,22479,39.7,508,0.9,7185,12.7,1129,2.0,6056,10.7,7446,13.2,6906,12.2,540,1.0,773,1.4
"Hertsmere",39778,100.0,26897,67.6,12489,31.4,14408,36.2,471,1.2,6932,17.4,756,1.9,6176,15.5,4981,12.5,4500,11.3,481,1.2,497,1.2
"North Hertfordshire",53426,100.0,35072,65.6,16201,30.3,18871,35.3,472,0.9,10304,19.3,3774,7.1,6530,12.2,6993,13.1,6460,12.1,533,1.0,585,1.1
"St Albans",56140,100.0,40831,72.7,19409,34.6,21422,38.2,261,0.5,6832,12.2,4753,8.5,2079,3.7,7624,13.6,7065,12.6,559,1.0,592,1.1
"Stevenage",34898,100.0,20339,58.3,7736,22.2,12603,36.1,422,1.2,9902,28.4,7964,22.8,1938,5.6,3980,11.4,3630,10.4,350,1.0,255,0.7
"Three Rivers",35108,100.0,25532,72.7,11988,34.1,13544,38.6,194,0.6,5318,15.1,1680,4.8,3638,10.4,3708,10.6,3253,9.3,455,1.3,356,1.0
"Watford",36681,100.0,22608,61.6,8954,24.4,13654,37.2,426,1.2,5987,16.3,1469,4.0,4518,12.3,7371,20.1,6930,18.9,441,1.2,289,0.8
"Welwyn Hatfield",43613,100.0,24995,57.3,11561,26.5,13434,30.8,395,0.9,11741,26.9,8693,19.9,3048,7.0,5911,13.6,5532,12.7,379,0.9,571,1.3
"Breckland",54519,100.0,37427,68.6,20167,37.0,17260,31.7,310,0.6,7511,13.8,1287,2.4,6224,11.4,8294,15.2,7306,13.4,988,1.8,977,1.8
"Broadland",53336,100.0,42343,79.4,23080,43.3,19263,36.1,304,0.6,4567,8.6,480,0.9,4087,7.7,5519,10.3,4860,9.1,659,1.2,603,1.1
"Great Yarmouth",42079,100.0,27073,64.3,15024,35.7,12049,28.6,146,0.3,7255,17.2,5824,13.8,1431,3.4,6926,16.5,6280,14.9,646,1.5,679,1.6
"King`s Lynn and West Norfolk",62977,100.0,43707,69.4,24908,39.6,18799,29.9,275,0.4,8393,13.3,1946,3.1,6447,10.2,9278,14.7,7832,12.4,1446,2.3,1324,2.1
"North Norfolk",46046,100.0,32293,70.1,21083,45.8,11210,24.3,199,0.4,5904,12.8,1123,2.4,4781,10.4,6664,14.5,5997,13.0,667,1.4,986,2.1
"Norwich",60319,100.0,26442,43.8,12463,20.7,13979,23.2,433,0.7,19702,32.7,15222,25.2,4480,7.4,13089,21.7,12122,20.1,967,1.6,653,1.1
"South Norfolk",52809,100.0,39555,74.9,21563,40.8,17992,34.1,537,1.0,5965,11.3,1440,2.7,4525,8.6,5916,11.2,5278,10.0,638,1.2,836,1.6
"Babergh",37522,100.0,26981,71.9,14861,39.6,12120,32.3,178,0.5,4912,13.1,3343,8.9,1569,4.2,4714,12.6,4022,10.7,692,1.8,737,2.0
"Forest Heath",25376,100.0,14174,55.9,6907,27.2,7267,28.6,354,1.4,3739,14.7,1357,5.3,2382,9.4,6195,24.4,5532,21.8,663,2.6,914,3.6
"Ipswich",57298,100.0,32467,56.7,14723,25.7,17744,31.0,368,0.6,12371,21.6,8138,14.2,4233,7.4,11421,19.9,10742,18.7,679,1.2,671,1.2
"Mid Suffolk",40306,100.0,30262,75.1,15876,39.4,14386,35.7,343,0.9,4544,11.3,3280,8.1,1264,3.1,4515,11.2,3804,9.4,711,1.8,642,1.6
"St Edmundsbury",45802,100.0,30626,66.9,15437,33.7,15189,33.2,376,0.8,7321,16.0,2808,6.1,4513,9.9,6798,14.8,5892,12.9,906,2.0,681,1.5
"Suffolk Coastal",53558,100.0,39193,73.2,22774,42.5,16419,30.7,234,0.4,6066,11.3,521,1.0,5545,10.4,7267,13.6,6487,12.1,780,1.5,798,1.5
"Waveney",50883,100.0,35290,69.4,20503,40.3,14787,29.1,215,0.4,7148,14.0,4234,8.3,2914,5.7,7578,14.9,6920,13.6,658,1.3,652,1.3
"Camden",97534,100.0,31368,32.2,16644,17.1,14724,15.1,674,0.7,32295,33.1,22473,23.0,9822,10.1,31434,32.2,29706,30.5,1728,1.8,1763,1.8
"City of London",4385,100.0,1855,42.3,1093,24.9,762,17.4,13,0.3,725,16.5,458,10.4,267,6.1,1573,35.9,1451,33.1,122,2.8,219,5.0
"Hackney",101690,100.0,24179,23.8,8597,8.5,15582,15.3,2374,2.3,44430,43.7,24163,23.8,20267,19.9,29449,29.0,28112,27.6,1337,1.3,1258,1.2
"Hammersmith and Fulham",80590,100.0,27397,34.0,12777,15.9,14620,18.1,1257,1.6,25133,31.2,12683,15.7,12450,15.4,25555,31.7,24215,30.0,1340,1.7,1248,1.5
"Haringey",101955,100.0,39603,38.8,16326,16.0,23277,22.8,1533,1.5,27242,26.7,17288,17.0,9954,9.8,32095,31.5,30924,30.3,1171,1.1,1482,1.5
"Islington",93556,100.0,26564,28.4,10587,11.3,15977,17.1,1207,1.3,39342,42.1,25014,26.7,14328,15.3,25217,27.0,23954,25.6,1263,1.3,1226,1.3
"Kensington and Chelsea",78536,100.0,28007,35.7,17933,22.8,10074,12.8,700,0.9,19271,24.5,7201,9.2,12070,15.4,28108,35.8,26676,34.0,1432,1.8,2450,3.1
"Lambeth",130017,100.0,42885,33.0,14778,11.4,28107,21.6,1987,1.5,45619,35.1,25496,19.6,20123,15.5,38133,29.3,36023,27.7,2110,1.6,1393,1.1
"Lewisham",116091,100.0,49228,42.4,17273,14.9,31955,27.5,1436,1.2,36052,31.1,18084,15.6,17968,15.5,28216,24.3,26665,23.0,1551,1.3,1159,1.0
"Newham",101519,100.0,33822,33.3,12993,12.8,20829,20.5,1806,1.8,30092,29.6,18592,18.3,11500,11.3,34570,34.1,33118,32.6,1452,1.4,1229,1.2
"Southwark",120422,100.0,35330,29.3,11805,9.8,23525,19.5,2453,2.0,52644,43.7,37628,31.2,15016,12.5,28493,23.7,26752,22.2,1741,1.4,1502,1.2
"Tower Hamlets",101257,100.0,24552,24.2,8648,8.5,15904,15.7,2383,2.4,40106,39.6,17548,17.3,22558,22.3,32964,32.6,31227,30.8,1737,1.7,1252,1.2
"Wandsworth",130493,100.0,59393,45.5,24067,18.4,35326,27.1,1911,1.5,26516,20.3,16752,12.8,9764,7.5,41317,31.7,39171,30.0,2146,1.6,1356,1.0
"Westminster",105772,100.0,32287,30.5,18692,17.7,13595,12.9,885,0.8,27348,25.9,12543,11.9,14805,14.0,41949,39.7,39732,37.6,2217,2.1,3303,3.1
"Barking and Dagenham",69681,100.0,32324,46.4,11908,17.1,20416,29.3,906,1.3,23459,33.7,19782,28.4,3677,5.3,12328,17.7,11559,16.6,769,1.1,664,1.0
"Barnet",135916,100.0,78350,57.6,38105,28.0,40245,29.6,1191,0.9,19334,14.2,11664,8.6,7670,5.6,34854,25.6,33175,24.4,1679,1.2,2187,1.6
"Bexley",92604,100.0,67154,72.5,30127,32.5,37027,40.0,754,0.8,13377,14.4,1693,1.8,11684,12.6,10556,11.4,9721,10.5,835,0.9,763,0.8
"Brent",110286,100.0,47324,42.9,22416,20.3,24908,22.6,1636,1.5,26591,24.1,10686,9.7,15905,14.4,33181,30.1,31784,28.8,1397,1.3,1554,1.4
"Bromley",130862,100.0,92785,70.9,43649,33.4,49136,37.5,1036,0.8,18425,14.1,1987,1.5,16438,12.6,17393,13.3,16229,12.4,1164,0.9,1223,0.9
"Croydon",145010,100.0,85230,58.8,34882,24.1,50348,34.7,1855,1.3,25887,17.9,14362,9.9,11525,7.9,30472,21.0,28762,19.8,1710,1.2,1566,1.1
"Ealing",124082,100.0,63420,51.1,28414,22.9,35006,28.2,2174,1.8,22472,18.1,13007,10.5,9465,7.6,34182,27.5,32696,26.4,1486,1.2,1834,1.5
"Enfield",119916,100.0,69462,57.9,31452,26.2,38010,31.7,1087,0.9,21073,17.6,13666,11.4,7407,6.2,26591,22.2,25395,21.2,1196,1.0,1703,1.4
"Greenwich",101045,100.0,43719,43.3,16585,16.4,27134,26.9,1580,1.6,34662,34.3,22878,22.6,11784,11.7,20004,19.8,18678,18.5,1326,1.3,1080,1.1
"Harrow",84268,100.0,55001,65.3,26246,31.1,28755,34.1,821,1.0,8923,10.6,5157,6.1,3766,4.5,18324,21.7,17165,20.4,1159,1.4,1199,1.4
"Havering",97199,100.0,71698,73.8,34625,35.6,37073,38.1,586,0.6,13799,14.2,10464,10.8,3335,3.4,10337,10.6,9601,9.9,736,0.8,779,0.8
"Hillingdon",100214,100.0,63011,62.9,27921,27.9,35090,35.0,1280,1.3,16752,16.7,10481,10.5,6271,6.3,18141,18.1,16691,16.7,1450,1.4,1030,1.0
"Hounslow",94902,100.0,47562,50.1,20048,21.1,27514,29.0,2245,2.4,21682,22.8,14296,15.1,7386,7.8,22206,23.4,21099,22.2,1107,1.2,1207,1.3
"Kingston upon Thames",63639,100.0,40762,64.1,17727,27.9,23035,36.2,434,0.7,7502,11.8,5252,8.3,2250,3.5,14312,22.5,13391,21.0,921,1.4,629,1.0
"Merton",78757,100.0,46689,59.3,20160,25.6,26529,33.7,671,0.9,11102,14.1,2887,3.7,8215,10.4,19503,24.8,18478,23.5,1025,1.3,792,1.0
"Redbridge",99105,100.0,62983,63.6,27911,28.2,35072,35.4,1003,1.0,11289,11.4,6269,6.3,5020,5.1,22657,22.9,21441,21.6,1216,1.2,1173,1.2
"Richmond upon Thames",79835,100.0,50750,63.6,23756,29.8,26994,33.8,601,0.8,10051,12.6,2451,3.1,7600,9.5,17440,21.8,16410,20.6,1030,1.3,993,1.2
"Sutton",78174,100.0,53152,68.0,22357,28.6,30795,39.4,611,0.8,11422,14.6,6421,8.2,5001,6.4,12429,15.9,11671,14.9,758,1.0,560,0.7
"Waltham Forest",96861,100.0,48361,49.9,19396,20.0,28965,29.9,1018,1.1,21376,22.1,10401,10.7,10975,11.3,25102,25.9,23919,24.7,1183,1.2,1004,1.0
"Bracknell Forest",45878,100.0,31419,68.5,11420,24.9,19999,43.6,527,1.1,7678,16.7,2600,5.7,5078,11.1,5734,12.5,4874,10.6,860,1.9,520,1.1
"Brighton and Hove",121540,100.0,64790,53.3,28397,23.4,36393,29.9,1045,0.9,18187,15.0,11928,9.8,6259,5.1,35959,29.6,34081,28.0,1878,1.5,1559,1.3
"Isle of Wight",61085,100.0,42817,70.1,25091,41.1,17726,29.0,362,0.6,6523,10.7,598,1.0,5925,9.7,10639,17.4,9663,15.8,976,1.6,744,1.2
"Medway",106209,100.0,71853,67.7,30697,28.9,41156,38.8,1114,1.0,13996,13.2,4155,3.9,9841,9.3,18153,17.1,16627,15.7,1526,1.4,1093,1.0
"Milton Keynes",98584,100.0,56913,57.7,21157,21.5,35756,36.3,5985,6.1,17763,18.0,10801,11.0,6962,7.1,17066,17.3,15930,16.2,1136,1.2,857,0.9
"Portsmouth",85473,100.0,46897,54.9,20616,24.1,26281,30.7,825,1.0,15611,18.3,10001,11.7,5610,6.6,21098,24.7,19044,22.3,2054,2.4,1042,1.2
"Reading",62869,100.0,34479,54.8,14222,22.6,20257,32.2,1130,1.8,10242,16.3,6322,10.1,3920,6.2,16394,26.1,15517,24.7,877,1.4,624,1.0
"Slough",50766,100.0,26755,52.7,9502,18.7,17253,34.0,686,1.4,10476,20.6,6656,13.1,3820,7.5,12348,24.3,11713,23.1,635,1.3,501,1.0
"Southampton",98254,100.0,48873,49.7,21286,21.7,27587,28.1,1013,1.0,22867,23.3,16633,16.9,6234,6.3,24449,24.9,23007,23.4,1442,1.5,1052,1.1
"West Berkshire",62340,100.0,43435,69.7,19455,31.2,23980,38.5,695,1.1,8628,13.8,575,0.9,8053,12.9,8555,13.7,7457,12.0,1098,1.8,1027,1.6
"Windsor and Maidenhead",58349,100.0,39676,68.0,19013,32.6,20663,35.4,358,0.6,7748,13.3,711,1.2,7037,12.1,9432,16.2,8099,13.9,1333,2.3,1135,1.9
"Wokingham",60332,100.0,48103,79.7,21461,35.6,26642,44.2,679,1.1,4236,7.0,2845,4.7,1391,2.3,6755,11.2,6001,9.9,754,1.2,559,0.9
"Aylesbury Vale",69406,100.0,49702,71.6,21607,31.1,28095,40.5,600,0.9,8982,12.9,2333,3.4,6649,9.6,9234,13.3,8096,11.7,1138,1.6,888,1.3
"Chiltern",36946,100.0,28418,76.9,15191,41.1,13227,35.8,257,0.7,4573,12.4,657,1.8,3916,10.6,3314,9.0,3039,8.2,275,0.7,384,1.0
"South Bucks",26514,100.0,19453,73.4,10099,38.1,9354,35.3,402,1.5,3266,12.3,261,1.0,3005,11.3,3011,11.4,2653,10.0,358,1.4,382,1.4
"Wycombe",67861,100.0,47279,69.7,21887,32.3,25392,37.4,687,1.0,8650,12.7,5792,8.5,2858,4.2,10316,15.2,8900,13.1,1416,2.1,929,1.4
"Eastbourne",45012,100.0,27788,61.7,15071,33.5,12717,28.3,295,0.7,5953,13.2,3348,7.4,2605,5.8,10494,23.3,9747,21.7,747,1.7,482,1.1
"Hastings",41159,100.0,22706,55.2,11071,26.9,11635,28.3,193,0.5,5988,14.5,763,1.9,5225,12.7,11863,28.8,11191,27.2,672,1.6,409,1.0
"Lewes",42181,100.0,30648,72.7,16797,39.8,13851,32.8,285,0.7,4609,10.9,3196,7.6,1413,3.3,6108,14.5,5557,13.2,551,1.3,531,1.3
"Rother",40877,100.0,30060,73.5,18554,45.4,11506,28.1,219,0.5,4242,10.4,712,1.7,3530,8.6,5742,14.0,5190,12.7,552,1.4,614,1.5
"Wealden",62676,100.0,49355,78.7,26483,42.3,22872,36.5,503,0.8,4808,7.7,2956,4.7,1852,3.0,6973,11.1,6214,9.9,759,1.2,1037,1.7
"Basingstoke and Deane",69315,100.0,46936,67.7,19517,28.2,27419,39.6,958,1.4,12346,17.8,540,0.8,11806,17.0,8172,11.8,7473,10.8,699,1.0,903,1.3
"East Hampshire",47258,100.0,34919,73.9,17520,37.1,17399,36.8,431,0.9,5681,12.0,742,1.6,4939,10.5,5517,11.7,4636,9.8,881,1.9,710,1.5
"Eastleigh",52177,100.0,38362,73.5,17228,33.0,21134,40.5,552,1.1,6411,12.3,573,1.1,5838,11.2,6438,12.3,5864,11.2,574,1.1,414,0.8
"Fareham",46579,100.0,37460,80.4,18279,39.2,19181,41.2,277,0.6,3785,8.1,2370,5.1,1415,3.0,4645,10.0,3906,8.4,739,1.6,412,0.9
"Gosport",35430,100.0,23115,65.2,10413,29.4,12702,35.9,381,1.1,5815,16.4,3297,9.3,2518,7.1,5777,16.3,4506,12.7,1271,3.6,342,1.0
"Hart",35510,100.0,27747,78.1,12610,35.5,15137,42.6,406,1.1,2718,7.7,215,0.6,2503,7.0,4286,12.1,3380,9.5,906,2.6,353,1.0
"Havant",51311,100.0,35387,69.0,18169,35.4,17218,33.6,281,0.5,10037,19.6,5300,10.3,4737,9.2,5087,9.9,4510,8.8,577,1.1,519,1.0
"New Forest",76839,100.0,57603,75.0,33430,43.5,24173,31.5,484,0.6,8440,11.0,5185,6.7,3255,4.2,9293,12.1,8153,10.6,1140,1.5,1019,1.3
"Rushmoor",36344,100.0,23089,63.5,8434,23.2,14655,40.3,647,1.8,5927,16.3,771,2.1,5156,14.2,6379,17.6,4607,12.7,1772,4.9,302,0.8
"Test Valley",47626,100.0,33501,70.3,16412,34.5,17089,35.9,311,0.7,6854,14.4,2115,4.4,4739,10.0,6128,12.9,4964,10.4,1164,2.4,832,1.7
"Winchester",46865,100.0,31646,67.5,16385,35.0,15261,32.6,426,0.9,7243,15.5,4970,10.6,2273,4.9,6604,14.1,5617,12.0,987,2.1,946,2.0
"Ashford",47787,100.0,32685,68.4,15200,31.8,17485,36.6,638,1.3,6915,14.5,4702,9.8,2213,4.6,6849,14.3,6173,12.9,676,1.4,700,1.5
"Canterbury",60771,100.0,40107,66.0,21578,35.5,18529,30.5,500,0.8,7409,12.2,5039,8.3,2370,3.9,11876,19.5,10665,17.5,1211,2.0,879,1.4
"Dartford",40081,100.0,26819,66.9,11012,27.5,15807,39.4,537,1.3,5947,14.8,4338,10.8,1609,4.0,6385,15.9,6003,15.0,382,1.0,393,1.0
"Dover",48310,100.0,32142,66.5,17034,35.3,15108,31.3,245,0.5,6864,14.2,4277,8.9,2587,5.4,8254,17.1,7394,15.3,860,1.8,805,1.7
"Gravesham",40431,100.0,26099,64.6,12408,30.7,13691,33.9,305,0.8,7008,17.3,5628,13.9,1380,3.4,6524,16.1,6108,15.1,416,1.0,495,1.2
"Maidstone",63447,100.0,44700,70.5,20885,32.9,23815,37.5,671,1.1,8066,12.7,1495,2.4,6571,10.4,9256,14.6,8264,13.0,992,1.6,754,1.2
"Sevenoaks",47020,100.0,34200,72.7,17642,37.5,16558,35.2,798,1.7,6218,13.2,800,1.7,5418,11.5,5057,10.8,4547,9.7,510,1.1,747,1.6
"Shepway",47379,100.0,30715,64.8,16744,35.3,13971,29.5,214,0.5,5311,11.2,3284,6.9,2027,4.3,10520,22.2,9557,20.2,963,2.0,619,1.3
"Swale",55585,100.0,37951,68.3,17444,31.4,20507,36.9,569,1.0,7942,14.3,1216,2.2,6726,12.1,8446,15.2,7735,13.9,711,1.3,677,1.2
"Thanet",59513,100.0,36907,62.0,19903,33.4,17004,28.6,206,0.3,7537,12.7,3019,5.1,4518,7.6,14151,23.8,13072,22.0,1079,1.8,712,1.2
"Tonbridge and Malling",48140,100.0,34246,71.1,15677,32.6,18569,38.6,717,1.5,7762,16.1,930,1.9,6832,14.2,4869,10.1,4320,9.0,549,1.1,546,1.1
"Tunbridge Wells",47174,100.0,30999,65.7,15111,32.0,15888,33.7,376,0.8,7148,15.2,566,1.2,6582,14.0,7995,16.9,7412,15.7,583,1.2,656,1.4
"Cherwell",56728,100.0,39303,69.3,17512,30.9,21791,38.4,443,0.8,6872,12.1,1453,2.6,5419,9.6,9206,16.2,8304,14.6,902,1.6,904,1.6
"Oxford",55375,100.0,25873,46.7,13277,24.0,12596,22.7,959,1.7,11828,21.4,7513,13.6,4315,7.8,15634,28.2,14458,26.1,1176,2.1,1081,2.0
"South Oxfordshire",54104,100.0,39461,72.9,20113,37.2,19348,35.8,459,0.8,6163,11.4,854,1.6,5309,9.8,7211,13.3,5999,11.1,1212,2.2,810,1.5
"Vale of White Horse",49407,100.0,34750,70.3,17704,35.8,17046,34.5,514,1.0,6583,13.3,1230,2.5,5353,10.8,6733,13.6,5423,11.0,1310,2.7,827,1.7
"West Oxfordshire",43241,100.0,30141,69.7,14915,34.5,15226,35.2,548,1.3,5387,12.5,738,1.7,4649,10.8,6423,14.9,5108,11.8,1315,3.0,742,1.7
"Elmbridge",52922,100.0,38660,73.1,18119,34.2,20541,38.8,393,0.7,5218,9.9,1124,2.1,4094,7.7,8006,15.1,7478,14.1,528,1.0,645,1.2
"Epsom and Ewell",29784,100.0,22931,77.0,10969,36.8,11962,40.2,257,0.9,2390,8.0,166,0.6,2224,7.5,3962,13.3,3628,12.2,334,1.1,244,0.8
"Guildford",53973,100.0,37148,68.8,18204,33.7,18944,35.1,702,1.3,6908,12.8,4928,9.1,1980,3.7,8522,15.8,7426,13.8,1096,2.0,693,1.3
"Mole Valley",35828,100.0,26362,73.6,14011,39.1,12351,34.5,331,0.9,4373,12.2,531,1.5,3842,10.7,4270,11.9,3795,10.6,475,1.3,492,1.4
"Reigate and Banstead",55423,100.0,40486,73.0,18393,33.2,22093,39.9,673,1.2,6605,11.9,1345,2.4,5260,9.5,7169,12.9,6653,12.0,516,0.9,490,0.9
"Runnymede",32714,100.0,22731,69.5,10827,33.1,11904,36.4,326,1.0,4210,12.9,2897,8.9,1313,4.0,4974,15.2,4492,13.7,482,1.5,473,1.4
"Spelthorne",39512,100.0,28671,72.6,13403,33.9,15268,38.6,540,1.4,4911,12.4,636,1.6,4275,10.8,5004,12.7,4633,11.7,371,0.9,386,1.0
"Surrey Heath",33546,100.0,25769,76.8,11668,34.8,14101,42.0,269,0.8,3089,9.2,394,1.2,2695,8.0,4073,12.1,3420,10.2,653,1.9,346,1.0
"Tandridge",33342,100.0,25302,75.9,12074,36.2,13228,39.7,313,0.9,3610,10.8,2567,7.7,1043,3.1,3666,11.0,3236,9.7,430,1.3,451,1.4
"Waverley",49280,100.0,36295,73.7,18572,37.7,17723,36.0,491,1.0,6068,12.3,4662,9.5,1406,2.9,5577,11.3,4966,10.1,611,1.2,849,1.7
"Woking",39467,100.0,27829,70.5,12479,31.6,15350,38.9,368,0.9,4704,11.9,3308,8.4,1396,3.5,6186,15.7,5745,14.6,441,1.1,380,1.0
"Adur",26957,100.0,19883,73.8,10191,37.8,9692,36.0,154,0.6,3523,13.1,2652,9.8,871,3.2,3079,11.4,2762,10.2,317,1.2,318,1.2
"Arun",66706,100.0,49254,73.8,28581,42.8,20673,31.0,566,0.8,5886,8.8,3225,4.8,2661,4.0,10211,15.3,9427,14.1,784,1.2,789,1.2
"Chichester",49848,100.0,33481,67.2,20210,40.5,13271,26.6,455,0.9,7407,14.9,1084,2.2,6323,12.7,7423,14.9,6356,12.8,1067,2.1,1082,2.2
"Crawley",42727,100.0,25228,59.0,9480,22.2,15748,36.9,588,1.4,10194,23.9,7954,18.6,2240,5.2,6214,14.5,5789,13.5,425,1.0,503,1.2
"Horsham",54923,100.0,40926,74.5,20486,37.3,20440,37.2,363,0.7,6347,11.6,672,1.2,5675,10.3,6480,11.8,5772,10.5,708,1.3,807,1.5
"Mid Sussex",57409,100.0,42658,74.3,20408,35.5,22250,38.8,561,1.0,6092,10.6,295,0.5,5797,10.1,7322,12.8,6719,11.7,603,1.1,776,1.4
"Worthing",47044,100.0,32621,69.3,16373,34.8,16248,34.5,217,0.5,4695,10.0,988,2.1,3707,7.9,9102,19.3,8424,17.9,678,1.4,409,0.9
"Bath and North East Somerset",73515,100.0,49068,66.7,25827,35.1,23241,31.6,368,0.5,10614,14.4,2528,3.4,8086,11.0,12447,16.9,11408,15.5,1039,1.4,1018,1.4
"Bournemouth",82374,100.0,47057,57.1,22820,27.7,24237,29.4,569,0.7,9206,11.2,4895,5.9,4311,5.2,24685,30.0,23234,28.2,1451,1.8,857,1.0
"Bristol, City of",182747,100.0,98708,54.0,44928,24.6,53780,29.4,1385,0.8,37083,20.3,26494,14.5,10589,5.8,43028,23.5,40401,22.1,2627,1.4,2543,1.4
"Cornwall",230389,100.0,158524,68.8,92113,40.0,66411,28.8,1757,0.8,27655,12.0,12833,5.6,14822,6.4,38605,16.8,33938,14.7,4667,2.0,3848,1.7
"Isles of Scilly",989,100.0,412,41.7,313,31.6,99,10.0,8,0.8,179,18.1,121,12.2,58,5.9,294,29.7,204,20.6,90,9.1,96,9.7
"North Somerset",88227,100.0,64365,73.0,32474,36.8,31891,36.1,542,0.6,8103,9.2,3104,3.5,4999,5.7,14270,16.2,13058,14.8,1212,1.4,947,1.1
"Plymouth",109307,100.0,64157,58.7,29763,27.2,34394,31.5,841,0.8,21095,19.3,9403,8.6,11692,10.7,22026,20.2,19431,17.8,2595,2.4,1188,1.1
"Poole",63530,100.0,44702,70.4,22719,35.8,21983,34.6,557,0.9,7324,11.5,4143,6.5,3181,5.0,10275,16.2,9293,14.6,982,1.5,672,1.1
"South Gloucestershire",107538,100.0,80586,74.9,37050,34.5,43536,40.5,497,0.5,10633,9.9,2063,1.9,8570,8.0,14600,13.6,13124,12.2,1476,1.4,1222,1.1
"Swindon",88360,100.0,57902,65.5,22749,25.7,35153,39.8,1118,1.3,14382,16.3,10269,11.6,4113,4.7,14169,16.0,13020,14.7,1149,1.3,789,0.9
"Torbay",59010,100.0,39424,66.8,21503,36.4,17921,30.4,554,0.9,4762,8.1,505,0.9,4257,7.2,13696,23.2,12647,21.4,1049,1.8,574,1.0
"Wiltshire",194194,100.0,131083,67.5,65734,33.8,65349,33.7,1463,0.8,28591,14.7,7604,3.9,20987,10.8,29968,15.4,22903,11.8,7065,3.6,3089,1.6
"East Devon",59071,100.0,44283,75.0,27837,47.1,16446,27.8,319,0.5,5515,9.3,3915,6.6,1600,2.7,8041,13.6,7034,11.9,1007,1.7,913,1.5
"Exeter",49242,100.0,29443,59.8,14809,30.1,14634,29.7,470,1.0,8386,17.0,4769,9.7,3617,7.3,10336,21.0,9633,19.6,703,1.4,607,1.2
"Mid Devon",32758,100.0,22626,69.1,12206,37.3,10420,31.8,305,0.9,4135,12.6,2843,8.7,1292,3.9,5091,15.5,4605,14.1,486,1.5,601,1.8
"North Devon",40001,100.0,27383,68.5,15638,39.1,11745,29.4,271,0.7,4316,10.8,971,2.4,3345,8.4,7341,18.4,6377,15.9,964,2.4,690,1.7
"South Hams",36858,100.0,26440,71.7,15775,42.8,10665,28.9,400,1.1,4195,11.4,642,1.7,3553,9.6,5259,14.3,4638,12.6,621,1.7,564,1.5
"Teignbridge",54003,100.0,39678,73.5,22015,40.8,17663,32.7,495,0.9,4813,8.9,1169,2.2,3644,6.7,8358,15.5,7526,13.9,832,1.5,659,1.2
"Torridge",27986,100.0,19998,71.5,11998,42.9,8000,28.6,197,0.7,2524,9.0,542,1.9,1982,7.1,4746,17.0,4275,15.3,471,1.7,521,1.9
"West Devon",22725,100.0,16630,73.2,10003,44.0,6627,29.2,148,0.7,2158,9.5,582,2.6,1576,6.9,3409,15.0,3025,13.3,384,1.7,380,1.7
"Christchurch",21475,100.0,15967,74.4,9814,45.7,6153,28.7,182,0.8,2784,13.0,200,0.9,2584,12.0,2321,10.8,2115,9.8,206,1.0,221,1.0
"East Dorset",37564,100.0,30371,80.9,18017,48.0,12354,32.9,111,0.3,3120,8.3,292,0.8,2828,7.5,3471,9.2,3028,8.1,443,1.2,491,1.3
"North Dorset",28670,100.0,20002,69.8,11286,39.4,8716,30.4,217,0.8,3865,13.5,282,1.0,3583,12.5,4094,14.3,3247,11.3,847,3.0,492,1.7
"Purbeck",19583,100.0,13613,69.5,8306,42.4,5307,27.1,165,0.8,2446,12.5,444,2.3,2002,10.2,3005,15.3,2391,12.2,614,3.1,354,1.8
"West Dorset",44386,100.0,30823,69.4,19563,44.1,11260,25.4,370,0.8,6159,13.9,367,0.8,5792,13.0,6093,13.7,5419,12.2,674,1.5,941,2.1
"Weymouth and Portland",28535,100.0,19061,66.8,10421,36.5,8640,30.3,161,0.6,3894,13.6,1293,4.5,2601,9.1,5073,17.8,4651,16.3,422,1.5,346,1.2
"Cheltenham",50929,100.0,32879,64.6,16363,32.1,16516,32.4,360,0.7,6227,12.2,4091,8.0,2136,4.2,10925,21.5,10260,20.1,665,1.3,538,1.1
"Cotswold",36236,100.0,23803,65.7,13691,37.8,10112,27.9,441,1.2,5388,14.9,623,1.7,4765,13.1,5518,15.2,4767,13.2,751,2.1,1086,3.0
"Forest of Dean",34167,100.0,25371,74.3,13966,40.9,11405,33.4,186,0.5,4237,12.4,773,2.3,3464,10.1,3835,11.2,3261,9.5,574,1.7,538,1.6
"Gloucester",50363,100.0,33858,67.2,14729,29.2,19129,38.0,557,1.1,6714,13.3,3921,7.8,2793,5.5,8755,17.4,8012,15.9,743,1.5,479,1.0
"Stroud",47794,100.0,34988,73.2,18187,38.1,16801,35.2,285,0.6,6097,12.8,4823,10.1,1274,2.7,5791,12.1,5288,11.1,503,1.1,633,1.3
"Tewkesbury",35126,100.0,25844,73.6,13391,38.1,12453,35.5,330,0.9,4190,11.9,727,2.1,3463,9.9,4351,12.4,3611,10.3,740,2.1,411,1.2
"Mendip",46157,100.0,32438,70.3,17387,37.7,15051,32.6,349,0.8,5473,11.9,1320,2.9,4153,9.0,7136,15.5,6449,14.0,687,1.5,761,1.6
"Sedgemoor",48801,100.0,34802,71.3,18320,37.5,16482,33.8,273,0.6,5951,12.2,3670,7.5,2281,4.7,7113,14.6,6380,13.1,733,1.5,662,1.4
"South Somerset",69501,100.0,48855,70.3,26718,38.4,22137,31.9,542,0.8,9697,14.0,2811,4.0,6886,9.9,9272,13.3,7881,11.3,1391,2.0,1135,1.6
"Taunton Deane",46907,100.0,31393,66.9,16329,34.8,15064,32.1,251,0.5,7321,15.6,5439,11.6,1882,4.0,7227,15.4,6506,13.9,721,1.5,715,1.5
"West Somerset",15623,100.0,10421,66.7,7024,45.0,3397,21.7,72,0.5,2288,14.6,181,1.2,2107,13.5,2510,16.1,2189,14.0,321,2.1,332,2.1
"Anglesey",30594,100.0,20971,68.5,12444,40.7,8527,27.9,63,0.2,4487,14.7,3899,12.7,588,1.9,4324,14.1,3699,12.1,625,2.0,749,2.4
"Gwynedd",52473,100.0,34324,65.4,21168,40.3,13156,25.1,171,0.3,8561,16.3,4385,8.4,4176,8.0,8060,15.4,6978,13.3,1082,2.1,1357,2.6
"Conwy",51177,100.0,35501,69.4,20409,39.9,15092,29.5,378,0.7,5946,11.6,2592,5.1,3354,6.6,8534,16.7,7729,15.1,805,1.6,818,1.6
"Denbighshire",40546,100.0,27792,68.5,14937,36.8,12855,31.7,267,0.7,5325,13.1,3283,8.1,2042,5.0,6446,15.9,5798,14.3,648,1.6,716,1.8
"Flintshire",63781,100.0,46451,72.8,22397,35.1,24054,37.7,340,0.5,9651,15.1,7209,11.3,2442,3.8,6729,10.6,5914,9.3,815,1.3,610,1.0
"Wrexham",57029,100.0,36272,63.6,17364,30.4,18908,33.2,211,0.4,12803,22.4,10942,19.2,1861,3.3,6775,11.9,6062,10.6,713,1.3,968,1.7
"Powys",58345,100.0,40090,68.7,25626,43.9,14464,24.8,179,0.3,8161,14.0,5371,9.2,2790,4.8,8638,14.8,7522,12.9,1116,1.9,1277,2.2
"Ceredigion",31562,100.0,21323,67.6,13821,43.8,7502,23.8,110,0.3,3196,10.1,1008,3.2,2188,6.9,6275,19.9,5653,17.9,622,2.0,658,2.1
"Pembrokeshire",53122,100.0,36558,68.8,22307,42.0,14251,26.8,140,0.3,8312,15.6,5822,11.0,2490,4.7,7188,13.5,6180,11.6,1008,1.9,924,1.7
"Carmarthenshire",78829,100.0,56326,71.5,32648,41.4,23678,30.0,178,0.2,11672,14.8,8833,11.2,2839,3.6,9301,11.8,8196,10.4,1105,1.4,1352,1.7
"Swansea",103497,100.0,66259,64.0,34576,33.4,31683,30.6,308,0.3,19878,19.2,13104,12.7,6774,6.5,15260,14.7,13688,13.2,1572,1.5,1792,1.7
"Neath Port Talbot",60393,100.0,41479,68.7,21976,36.4,19503,32.3,111,0.2,11545,19.1,7496,12.4,4049,6.7,6186,10.2,5404,8.9,782,1.3,1072,1.8
"Bridgend",58515,100.0,42348,72.4,20459,35.0,21889,37.4,143,0.2,8099,13.8,2332,4.0,5767,9.9,7188,12.3,6310,10.8,878,1.5,737,1.3
"The Vale of Glamorgan",53505,100.0,38647,72.2,18954,35.4,19693,36.8,125,0.2,6354,11.9,4025,7.5,2329,4.4,7813,14.6,6780,12.7,1033,1.9,566,1.1
"Cardiff",142557,100.0,84262,59.1,37788,26.5,46474,32.6,639,0.4,24374,17.1,13547,9.5,10827,7.6,31220,21.9,28972,20.3,2248,1.6,2062,1.4
"Rhondda, Cynon, Taff",99663,100.0,70760,71.0,36338,36.5,34422,34.5,150,0.2,13673,13.7,6836,6.9,6837,6.9,13604,13.7,12334,12.4,1270,1.3,1476,1.5
"Merthyr Tydfil",24264,100.0,15843,65.3,8277,34.1,7566,31.2,42,0.2,5118,21.1,2379,9.8,2739,11.3,2809,11.6,2500,10.3,309,1.3,452,1.9
"Caerphilly",74479,100.0,51632,69.3,24188,32.5,27444,36.8,216,0.3,13962,18.7,10464,14.0,3498,4.7,7995,10.7,7178,9.6,817,1.1,674,0.9
"Blaenau Gwent",30416,100.0,18884,62.1,10019,32.9,8865,29.1,40,0.1,7284,23.9,3364,11.1,3920,12.9,3892,12.8,3480,11.4,412,1.4,316,1.0
"Torfaen",38524,100.0,25518,66.2,12176,31.6,13342,34.6,199,0.5,9100,23.6,3840,10.0,5260,13.7,3315,8.6,2894,7.5,421,1.1,392,1.0
"Monmouthshire",38233,100.0,28142,73.6,15269,39.9,12873,33.7,141,0.4,5288,13.8,1590,4.2,3698,9.7,4130,10.8,3651,9.5,479,1.3,532,1.4
"Newport",61172,100.0,39272,64.2,18229,29.8,21043,34.4,325,0.5,12122,19.8,5981,9.8,6141,10.0,8572,14.0,7870,12.9,702,1.1,881,1.4
